Device_ID,Is_Jailbroken,Device_Threat_Rating
DEV-000001,False,Low
DEV-000002,False,Low
DEV-000003,False,Low
DEV-000004,False,Low
DEV-000005,False,Low
DEV-000006,False,Low
DEV-000007,False,Low
DEV-000008,False,Low
DEV-000009,False,Low
DEV-000010,False,Medium
DEV-000011,False,Low
DEV-000012,False,Low
DEV-000013,False,Low
DEV-000014,False,Low
DEV-000015,False,Low
DEV-000016,False,Low
DEV-000017,False,Low
DEV-000018,False,Low
DEV-000019,False,Low
DEV-000020,False,Medium
DEV-000021,False,Low
DEV-000022,False,Low
DEV-000023,False,Low
DEV-000024,False,Low
DEV-000025,False,Low
DEV-000026,False,Low
DEV-000027,False,Low
DEV-000028,False,Low
DEV-000029,True,High
DEV-000030,False,Low
DEV-000031,False,Low
DEV-000032,False,Medium
DEV-000033,False,Low
DEV-000034,False,Low
DEV-000035,False,Low
DEV-000036,False,Low
DEV-000037,False,Low
DEV-000038,False,Low
DEV-000039,False,Low
DEV-000040,False,Low
DEV-000041,False,Low
DEV-000042,False,Low
DEV-000043,False,Low
DEV-000044,False,Low
DEV-000045,False,Low
DEV-000046,False,Low
DEV-000047,False,Low
DEV-000048,False,Low
DEV-000049,False,Low
DEV-000050,False,Low
DEV-000051,False,Low
DEV-000052,False,Low
DEV-000053,False,Low
DEV-000054,False,Low
DEV-000055,False,Low
DEV-000056,False,Low
DEV-000057,False,Low
DEV-000058,False,Low
DEV-000059,False,Low
DEV-000060,False,Low
DEV-000061,False,Low
DEV-000062,False,Medium
DEV-000063,False,Low
DEV-000064,False,Low
DEV-000065,False,Low
DEV-000066,False,Low
DEV-000067,False,Low
DEV-000068,True,Medium
DEV-000069,False,Low
DEV-000070,False,Low
DEV-000071,False,Low
DEV-000072,False,Medium
DEV-000073,False,Low
DEV-000074,False,Low
DEV-000075,False,Low
DEV-000076,False,Low
DEV-000077,False,Low
DEV-000078,False,Low
DEV-000079,False,Low
DEV-000080,False,Low
DEV-000081,False,Low
DEV-000082,False,Low
DEV-000083,False,Low
DEV-000084,False,Medium
DEV-000085,False,Low
DEV-000086,False,Low
DEV-000087,False,Low
DEV-000088,False,Low
DEV-000089,False,Low
DEV-000090,False,Low
DEV-000091,False,Low
DEV-000092,False,Low
DEV-000093,False,Low
DEV-000094,False,Low
DEV-000095,True,Medium
DEV-000096,False,Low
DEV-000097,False,Low
DEV-000098,False,Low
DEV-000099,False,Medium
DEV-000100,False,Low
DEV-000101,False,Low
DEV-000102,False,Low
DEV-000103,False,Low
DEV-000104,False,Low
DEV-000105,False,Low
DEV-000106,False,Low
DEV-000107,False,Low
DEV-000108,False,Low
DEV-000109,False,Low
DEV-000110,False,Low
DEV-000111,False,Low
DEV-000112,False,Low
DEV-000113,False,Low
DEV-000114,False,Low
DEV-000115,False,Low
DEV-000116,False,Low
DEV-000117,False,Low
DEV-000118,False,Low
DEV-000119,False,Low
DEV-000120,False,Low
DEV-000121,False,Low
DEV-000122,False,Low
DEV-000123,False,Medium
DEV-000124,False,Low
DEV-000125,False,Medium
DEV-000126,False,Low
DEV-000127,False,Low
DEV-000128,False,Low
DEV-000129,False,Low
DEV-000130,False,Low
DEV-000131,False,Low
DEV-000132,False,Low
DEV-000133,False,Low
DEV-000134,False,Low
DEV-000135,False,Low
DEV-000136,False,Low
DEV-000137,False,Low
DEV-000138,False,Medium
DEV-000139,False,Low
DEV-000140,False,Low
DEV-000141,True,Medium
DEV-000142,False,Low
DEV-000143,False,Low
DEV-000144,False,Low
DEV-000145,False,Low
DEV-000146,False,Low
DEV-000147,False,Low
DEV-000148,False,Medium
DEV-000149,False,Low
DEV-000150,True,Medium
DEV-000151,False,Low
DEV-000152,False,Low
DEV-000153,False,Low
DEV-000154,False,Low
DEV-000155,False,Low
DEV-000156,False,Low
DEV-000157,False,Low
DEV-000158,False,Low
DEV-000159,False,Low
DEV-000160,False,Medium
DEV-000161,False,Low
DEV-000162,False,Medium
DEV-000163,False,Low
DEV-000164,False,Low
DEV-000165,False,Low
DEV-000166,False,Low
DEV-000167,False,Low
DEV-000168,False,Low
DEV-000169,False,Low
DEV-000170,False,Low
DEV-000171,False,Low
DEV-000172,False,Low
DEV-000173,False,Low
DEV-000174,False,Medium
DEV-000175,False,Low
DEV-000176,False,Low
DEV-000177,False,Low
DEV-000178,False,Medium
DEV-000179,False,Low
DEV-000180,True,High
DEV-000181,False,Low
DEV-000182,False,Low
DEV-000183,False,Low
DEV-000184,False,Low
DEV-000185,False,Low
DEV-000186,False,Low
DEV-000187,False,Low
DEV-000188,False,Low
DEV-000189,False,Low
DEV-000190,False,Medium
DEV-000191,False,Low
DEV-000192,False,Low
DEV-000193,False,Low
DEV-000194,False,Medium
DEV-000195,False,Low
DEV-000196,False,Low
DEV-000197,False,Low
DEV-000198,False,Low
DEV-000199,False,Low
DEV-000200,False,Low
DEV-000201,False,Low
DEV-000202,False,Low
DEV-000203,False,Low
DEV-000204,False,Low
DEV-000205,False,Low
DEV-000206,False,Low
DEV-000207,True,High
DEV-000208,False,Low
DEV-000209,False,Low
DEV-000210,False,Low
DEV-000211,False,Low
DEV-000212,True,High
DEV-000213,False,Low
DEV-000214,False,Low
DEV-000215,False,Low
DEV-000216,False,Low
DEV-000217,False,Medium
DEV-000218,False,Low
DEV-000219,False,Low
DEV-000220,False,Low
DEV-000221,False,Low
DEV-000222,False,Low
DEV-000223,False,Low
DEV-000224,False,Medium
DEV-000225,True,High
DEV-000226,False,Low
DEV-000227,False,Low
DEV-000228,False,Low
DEV-000229,False,Low
DEV-000230,False,Low
DEV-000231,False,Low
DEV-000232,False,Low
DEV-000233,False,Medium
DEV-000234,False,Low
DEV-000235,False,Low
DEV-000236,False,Low
DEV-000237,False,Low
DEV-000238,False,Low
DEV-000239,False,Medium
DEV-000240,False,Low
DEV-000241,False,Low
DEV-000242,False,Low
DEV-000243,False,Low
DEV-000244,False,Low
DEV-000245,False,Medium
DEV-000246,False,Low
DEV-000247,False,Low
DEV-000248,False,Medium
DEV-000249,True,High
DEV-000250,False,Low
DEV-000251,False,Low
DEV-000252,False,Low
DEV-000253,False,Low
DEV-000254,False,Low
DEV-000255,False,Low
DEV-000256,False,Low
DEV-000257,False,Low
DEV-000258,True,Medium
DEV-000259,False,Low
DEV-000260,False,Low
DEV-000261,False,Low
DEV-000262,False,Low
DEV-000263,False,Low
DEV-000264,False,Low
DEV-000265,False,Low
DEV-000266,False,Low
DEV-000267,False,Low
DEV-000268,False,Low
DEV-000269,False,Low
DEV-000270,False,Medium
DEV-000271,False,Low
DEV-000272,False,Low
DEV-000273,False,Medium
DEV-000274,False,Low
DEV-000275,False,Low
DEV-000276,False,Low
DEV-000277,False,Low
DEV-000278,False,Low
DEV-000279,False,Low
DEV-000280,False,Low
DEV-000281,False,Low
DEV-000282,False,Low
DEV-000283,False,Low
DEV-000284,False,Low
DEV-000285,False,Low
DEV-000286,False,Low
DEV-000287,False,Low
DEV-000288,True,High
DEV-000289,False,Low
DEV-000290,False,Low
DEV-000291,False,Low
DEV-000292,False,Low
DEV-000293,False,Low
DEV-000294,False,Low
DEV-000295,False,Low
DEV-000296,False,Low
DEV-000297,False,Low
DEV-000298,False,Low
DEV-000299,False,Low
DEV-000300,False,Low
DEV-000301,False,Low
DEV-000302,False,Low
DEV-000303,False,Low
DEV-000304,False,Low
DEV-000305,False,Medium
DEV-000306,False,Low
DEV-000307,False,Low
DEV-000308,False,Low
DEV-000309,False,Low
DEV-000310,False,Low
DEV-000311,False,Low
DEV-000312,False,Low
DEV-000313,False,Low
DEV-000314,False,Medium
DEV-000315,False,Low
DEV-000316,False,Low
DEV-000317,False,Low
DEV-000318,False,Low
DEV-000319,False,Low
DEV-000320,False,Low
DEV-000321,False,Low
DEV-000322,False,Low
DEV-000323,False,Medium
DEV-000324,False,Low
DEV-000325,False,Low
DEV-000326,False,Low
DEV-000327,False,Low
DEV-000328,False,Low
DEV-000329,False,Low
DEV-000330,False,Low
DEV-000331,False,Low
DEV-000332,False,Low
DEV-000333,False,Low
DEV-000334,False,Low
DEV-000335,False,Low
DEV-000336,False,Low
DEV-000337,False,Low
DEV-000338,False,Low
DEV-000339,False,Low
DEV-000340,False,Low
DEV-000341,False,Low
DEV-000342,False,Low
DEV-000343,False,Medium
DEV-000344,False,Low
DEV-000345,False,Low
DEV-000346,False,Low
DEV-000347,False,Low
DEV-000348,False,Medium
DEV-000349,False,Low
DEV-000350,False,Low
DEV-000351,False,Low
DEV-000352,False,Low
DEV-000353,False,Low
DEV-000354,False,Low
DEV-000355,False,Low
DEV-000356,False,Low
DEV-000357,False,Low
DEV-000358,False,Low
DEV-000359,False,Low
DEV-000360,False,Low
DEV-000361,False,Low
DEV-000362,False,Low
DEV-000363,False,Low
DEV-000364,False,Low
DEV-000365,False,Low
DEV-000366,False,Medium
DEV-000367,False,Low
DEV-000368,False,Low
DEV-000369,False,Low
DEV-000370,False,Low
DEV-000371,False,Low
DEV-000372,False,Low
DEV-000373,False,Low
DEV-000374,False,Low
DEV-000375,False,Low
DEV-000376,False,Low
DEV-000377,False,Low
DEV-000378,False,Low
DEV-000379,False,Low
DEV-000380,False,Low
DEV-000381,False,Low
DEV-000382,False,Low
DEV-000383,False,Low
DEV-000384,False,Medium
DEV-000385,False,Low
DEV-000386,False,Low
DEV-000387,False,Low
DEV-000388,False,Low
DEV-000389,False,Low
DEV-000390,False,Low
DEV-000391,False,Low
DEV-000392,False,Low
DEV-000393,False,Low
DEV-000394,False,Low
DEV-000395,False,Low
DEV-000396,False,Low
DEV-000397,False,Medium
DEV-000398,False,Low
DEV-000399,False,Low
DEV-000400,False,Low
DEV-000401,False,Low
DEV-000402,False,Low
DEV-000403,False,Low
DEV-000404,False,Low
DEV-000405,False,Low
DEV-000406,False,Low
DEV-000407,False,Low
DEV-000408,False,Low
DEV-000409,False,Low
DEV-000410,False,Low
DEV-000411,False,Low
DEV-000412,False,Low
DEV-000413,False,Low
DEV-000414,False,Low
DEV-000415,False,Low
DEV-000416,False,Low
DEV-000417,False,Low
DEV-000418,False,Low
DEV-000419,False,Low
DEV-000420,False,Medium
DEV-000421,False,Low
DEV-000422,False,Low
DEV-000423,False,Low
DEV-000424,False,Low
DEV-000425,False,Low
DEV-000426,False,Low
DEV-000427,False,Low
DEV-000428,False,Low
DEV-000429,False,Low
DEV-000430,False,Low
DEV-000431,False,Low
DEV-000432,False,Low
DEV-000433,False,Low
DEV-000434,False,Medium
DEV-000435,False,Low
DEV-000436,False,Low
DEV-000437,False,Low
DEV-000438,False,Low
DEV-000439,False,Low
DEV-000440,False,Low
DEV-000441,False,Low
DEV-000442,False,Low
DEV-000443,False,Low
DEV-000444,False,Low
DEV-000445,False,Low
DEV-000446,True,High
DEV-000447,False,Medium
DEV-000448,False,Low
DEV-000449,False,Low
DEV-000450,False,Low
DEV-000451,False,Low
DEV-000452,False,Low
DEV-000453,False,Low
DEV-000454,False,Medium
DEV-000455,False,Low
DEV-000456,False,Medium
DEV-000457,False,Low
DEV-000458,False,Low
DEV-000459,False,Low
DEV-000460,False,Low
DEV-000461,True,Medium
DEV-000462,False,Low
DEV-000463,False,Low
DEV-000464,False,Low
DEV-000465,False,Low
DEV-000466,False,Low
DEV-000467,False,Low
DEV-000468,False,Low
DEV-000469,False,Low
DEV-000470,False,Low
DEV-000471,False,Low
DEV-000472,True,Medium
DEV-000473,False,Medium
DEV-000474,False,Low
DEV-000475,False,Low
DEV-000476,False,Low
DEV-000477,False,Low
DEV-000478,False,Medium
DEV-000479,False,Low
DEV-000480,False,Low
DEV-000481,False,Low
DEV-000482,False,Low
DEV-000483,False,Low
DEV-000484,False,Low
DEV-000485,False,Low
DEV-000486,True,High
DEV-000487,False,Low
DEV-000488,False,Low
DEV-000489,False,Low
DEV-000490,False,Low
DEV-000491,False,Low
DEV-000492,False,Low
DEV-000493,False,Low
DEV-000494,False,Low
DEV-000495,False,Low
DEV-000496,False,Low
DEV-000497,False,Low
DEV-000498,False,Low
DEV-000499,False,Medium
DEV-000500,False,Low
DEV-000501,False,Low
DEV-000502,False,Low
DEV-000503,False,Low
DEV-000504,False,Low
DEV-000505,False,Low
DEV-000506,False,Low
DEV-000507,False,Low
DEV-000508,False,Low
DEV-000509,False,Low
DEV-000510,False,Low
DEV-000511,False,Low
DEV-000512,False,Low
DEV-000513,False,Low
DEV-000514,False,Low
DEV-000515,False,Low
DEV-000516,False,Low
DEV-000517,False,Medium
DEV-000518,False,Low
DEV-000519,False,Low
DEV-000520,False,Low
DEV-000521,False,Low
DEV-000522,False,Low
DEV-000523,False,Low
DEV-000524,False,Low
DEV-000525,False,Low
DEV-000526,False,Low
DEV-000527,False,Low
DEV-000528,False,Low
DEV-000529,False,Low
DEV-000530,False,Low
DEV-000531,False,Low
DEV-000532,False,Low
DEV-000533,False,Low
DEV-000534,False,Low
DEV-000535,False,Low
DEV-000536,False,Low
DEV-000537,False,Low
DEV-000538,False,Low
DEV-000539,False,Low
DEV-000540,False,Low
DEV-000541,False,Medium
DEV-000542,False,Low
DEV-000543,False,Low
DEV-000544,False,Low
DEV-000545,False,Low
DEV-000546,False,Medium
DEV-000547,True,Medium
DEV-000548,False,Low
DEV-000549,False,Low
DEV-000550,False,Low
DEV-000551,False,Low
DEV-000552,True,High
DEV-000553,False,Low
DEV-000554,False,Low
DEV-000555,False,Low
DEV-000556,False,Low
DEV-000557,False,Low
DEV-000558,False,Low
DEV-000559,False,Low
DEV-000560,False,Low
DEV-000561,False,Low
DEV-000562,False,Low
DEV-000563,False,Low
DEV-000564,False,Low
DEV-000565,False,Low
DEV-000566,False,Low
DEV-000567,False,Low
DEV-000568,True,High
DEV-000569,False,Low
DEV-000570,False,Low
DEV-000571,False,Low
DEV-000572,False,Low
DEV-000573,False,Low
DEV-000574,False,Low
DEV-000575,False,Low
DEV-000576,False,Low
DEV-000577,False,Low
DEV-000578,False,Low
DEV-000579,False,Low
DEV-000580,False,Low
DEV-000581,False,Low
DEV-000582,False,Low
DEV-000583,False,Low
DEV-000584,False,Low
DEV-000585,False,Low
DEV-000586,False,Low
DEV-000587,False,Low
DEV-000588,False,Medium
DEV-000589,False,Low
DEV-000590,False,Low
DEV-000591,False,Low
DEV-000592,False,Low
DEV-000593,True,Medium
DEV-000594,False,Low
DEV-000595,False,Low
DEV-000596,False,Low
DEV-000597,False,Low
DEV-000598,False,Low
DEV-000599,False,Low
DEV-000600,False,Low
DEV-000601,False,Low
DEV-000602,False,Low
DEV-000603,False,Low
DEV-000604,False,Low
DEV-000605,False,Low
DEV-000606,False,Low
DEV-000607,False,Medium
DEV-000608,False,Low
DEV-000609,False,Low
DEV-000610,False,Low
DEV-000611,False,Medium
DEV-000612,False,Low
DEV-000613,False,Low
DEV-000614,False,Low
DEV-000615,False,Low
DEV-000616,False,Low
DEV-000617,False,Low
DEV-000618,False,Low
DEV-000619,False,Low
DEV-000620,False,Low
DEV-000621,False,Low
DEV-000622,False,Low
DEV-000623,False,Low
DEV-000624,False,Low
DEV-000625,False,Low
DEV-000626,False,Low
DEV-000627,False,Low
DEV-000628,False,Low
DEV-000629,False,Low
DEV-000630,False,Low
DEV-000631,False,Low
DEV-000632,False,Low
DEV-000633,False,Low
DEV-000634,True,High
DEV-000635,False,Low
DEV-000636,False,Low
DEV-000637,False,Medium
DEV-000638,False,Low
DEV-000639,False,Low
DEV-000640,True,Medium
DEV-000641,False,Low
DEV-000642,False,Low
DEV-000643,False,Low
DEV-000644,False,Low
DEV-000645,False,Low
DEV-000646,False,Low
DEV-000647,False,Low
DEV-000648,False,Low
DEV-000649,False,Low
DEV-000650,False,Medium
DEV-000651,False,Low
DEV-000652,False,Low
DEV-000653,False,Low
DEV-000654,False,Medium
DEV-000655,False,Low
DEV-000656,False,Low
DEV-000657,False,Low
DEV-000658,False,Low
DEV-000659,False,Low
DEV-000660,False,Low
DEV-000661,False,Low
DEV-000662,False,Low
DEV-000663,False,Low
DEV-000664,False,Low
DEV-000665,False,Low
DEV-000666,False,Low
DEV-000667,False,Low
DEV-000668,False,Low
DEV-000669,False,Low
DEV-000670,False,Low
DEV-000671,False,Low
DEV-000672,False,Low
DEV-000673,False,Low
DEV-000674,False,Low
DEV-000675,False,Low
DEV-000676,False,Low
DEV-000677,False,Low
DEV-000678,False,Low
DEV-000679,False,Low
DEV-000680,False,Low
DEV-000681,False,Low
DEV-000682,False,Low
DEV-000683,False,Low
DEV-000684,False,Low
DEV-000685,False,Low
DEV-000686,False,Low
DEV-000687,False,Low
DEV-000688,False,Low
DEV-000689,False,Low
DEV-000690,False,Low
DEV-000691,False,Low
DEV-000692,False,Low
DEV-000693,True,High
DEV-000694,False,Low
DEV-000695,False,Low
DEV-000696,False,Low
DEV-000697,False,Low
DEV-000698,False,Low
DEV-000699,False,Low
DEV-000700,False,Low
DEV-000701,False,Low
DEV-000702,False,Low
DEV-000703,False,Low
DEV-000704,False,Low
DEV-000705,False,Low
DEV-000706,False,Low
DEV-000707,False,Low
DEV-000708,False,Medium
DEV-000709,False,Low
DEV-000710,False,Low
DEV-000711,False,Low
DEV-000712,False,Low
DEV-000713,False,Medium
DEV-000714,False,Low
DEV-000715,False,Low
DEV-000716,False,Low
DEV-000717,False,Low
DEV-000718,False,Low
DEV-000719,True,Medium
DEV-000720,False,Low
DEV-000721,False,Low
DEV-000722,True,High
DEV-000723,False,Low
DEV-000724,False,Low
DEV-000725,False,Low
DEV-000726,False,Low
DEV-000727,False,Low
DEV-000728,False,Low
DEV-000729,False,Low
DEV-000730,False,Low
DEV-000731,False,Low
DEV-000732,False,Low
DEV-000733,False,Low
DEV-000734,False,Low
DEV-000735,False,Low
DEV-000736,False,Low
DEV-000737,False,Low
DEV-000738,False,Low
DEV-000739,False,Low
DEV-000740,False,Low
DEV-000741,False,Low
DEV-000742,False,Low
DEV-000743,False,Low
DEV-000744,False,Low
DEV-000745,False,Low
DEV-000746,False,Low
DEV-000747,False,Low
DEV-000748,False,Low
DEV-000749,False,Low
DEV-000750,False,Low
DEV-000751,False,Low
DEV-000752,False,Low
DEV-000753,False,Low
DEV-000754,False,Low
DEV-000755,False,Low
DEV-000756,True,High
DEV-000757,False,Low
DEV-000758,False,Low
DEV-000759,False,Low
DEV-000760,False,Low
DEV-000761,False,Low
DEV-000762,False,Low
DEV-000763,False,Low
DEV-000764,True,Medium
DEV-000765,False,Low
DEV-000766,False,Low
DEV-000767,False,Low
DEV-000768,False,Low
DEV-000769,False,Low
DEV-000770,False,Low
DEV-000771,False,Low
DEV-000772,False,Low
DEV-000773,False,Low
DEV-000774,False,Low
DEV-000775,False,Low
DEV-000776,False,Low
DEV-000777,False,Low
DEV-000778,False,Low
DEV-000779,False,Low
DEV-000780,False,Low
DEV-000781,False,Low
DEV-000782,False,Low
DEV-000783,False,Medium
DEV-000784,False,Low
DEV-000785,False,Low
DEV-000786,False,Low
DEV-000787,False,Low
DEV-000788,False,Low
DEV-000789,False,Low
DEV-000790,False,Medium
DEV-000791,False,Low
DEV-000792,False,Low
DEV-000793,False,Low
DEV-000794,False,Low
DEV-000795,False,Low
DEV-000796,False,Low
DEV-000797,False,Low
DEV-000798,False,Low
DEV-000799,False,Low
DEV-000800,False,Low
DEV-000801,False,Low
DEV-000802,False,Low
DEV-000803,False,Low
DEV-000804,False,Low
DEV-000805,False,Low
DEV-000806,False,Low
DEV-000807,False,Low
DEV-000808,False,Low
DEV-000809,False,Low
DEV-000810,False,Low
DEV-000811,False,Low
DEV-000812,False,Low
DEV-000813,False,Low
DEV-000814,True,Medium
DEV-000815,False,Low
DEV-000816,False,Low
DEV-000817,False,Low
DEV-000818,False,Low
DEV-000819,False,Low
DEV-000820,False,Low
DEV-000821,False,Low
DEV-000822,False,Low
DEV-000823,False,Low
DEV-000824,False,Medium
DEV-000825,False,Low
DEV-000826,False,Low
DEV-000827,False,Low
DEV-000828,False,Low
DEV-000829,False,Low
DEV-000830,False,Low
DEV-000831,False,Medium
DEV-000832,False,Low
DEV-000833,False,Low
DEV-000834,True,Medium
DEV-000835,False,Low
DEV-000836,False,Low
DEV-000837,False,Low
DEV-000838,False,Low
DEV-000839,False,Low
DEV-000840,False,Medium
DEV-000841,False,Low
DEV-000842,False,Low
DEV-000843,False,Medium
DEV-000844,False,Low
DEV-000845,False,Low
DEV-000846,False,Low
DEV-000847,False,Low
DEV-000848,False,Medium
DEV-000849,False,Low
DEV-000850,False,Low
DEV-000851,False,Low
DEV-000852,False,Low
DEV-000853,False,Low
DEV-000854,True,High
DEV-000855,False,Low
DEV-000856,False,Low
DEV-000857,False,Low
DEV-000858,False,Low
DEV-000859,False,Low
DEV-000860,False,Low
DEV-000861,False,Low
DEV-000862,False,Low
DEV-000863,False,Low
DEV-000864,False,Low
DEV-000865,False,Low
DEV-000866,False,Low
DEV-000867,False,Low
DEV-000868,False,Medium
DEV-000869,False,Low
DEV-000870,False,Low
DEV-000871,False,Low
DEV-000872,False,Low
DEV-000873,False,Low
DEV-000874,False,Low
DEV-000875,False,Low
DEV-000876,False,Low
DEV-000877,False,Medium
DEV-000878,False,Low
DEV-000879,False,Low
DEV-000880,False,Low
DEV-000881,False,Low
DEV-000882,False,Medium
DEV-000883,False,Low
DEV-000884,False,Low
DEV-000885,False,Low
DEV-000886,False,Low
DEV-000887,False,Low
DEV-000888,False,Low
DEV-000889,False,Low
DEV-000890,False,Low
DEV-000891,False,Medium
DEV-000892,False,Low
DEV-000893,False,Low
DEV-000894,False,Low
DEV-000895,False,Low
DEV-000896,False,Low
DEV-000897,False,Low
DEV-000898,False,Low
DEV-000899,False,Low
DEV-000900,True,High
DEV-000901,False,Medium
DEV-000902,False,Low
DEV-000903,False,Medium
DEV-000904,False,Low
DEV-000905,False,Low
DEV-000906,False,Low
DEV-000907,False,Medium
DEV-000908,False,Low
DEV-000909,False,Low
DEV-000910,False,Medium
DEV-000911,False,Medium
DEV-000912,False,Low
DEV-000913,False,Low
DEV-000914,False,Low
DEV-000915,False,Low
DEV-000916,False,Low
DEV-000917,False,Low
DEV-000918,False,Low
DEV-000919,False,Medium
DEV-000920,False,Low
DEV-000921,False,Low
DEV-000922,True,High
DEV-000923,False,Low
DEV-000924,False,Low
DEV-000925,False,Low
DEV-000926,False,Low
DEV-000927,False,Low
DEV-000928,False,Medium
DEV-000929,False,Low
DEV-000930,False,Low
DEV-000931,False,Medium
DEV-000932,False,Medium
DEV-000933,False,Low
DEV-000934,False,Low
DEV-000935,False,Medium
DEV-000936,False,Low
DEV-000937,False,Low
DEV-000938,False,Low
DEV-000939,False,Medium
DEV-000940,True,Medium
DEV-000941,False,Low
DEV-000942,False,Low
DEV-000943,False,Low
DEV-000944,False,Low
DEV-000945,False,Low
DEV-000946,False,Low
DEV-000947,False,Low
DEV-000948,False,Low
DEV-000949,True,Medium
DEV-000950,False,Low
DEV-000951,True,Medium
DEV-000952,True,Medium
DEV-000953,False,Low
DEV-000954,False,Low
DEV-000955,False,Low
DEV-000956,False,Medium
DEV-000957,False,Low
DEV-000958,False,Low
DEV-000959,False,Medium
DEV-000960,False,Low
DEV-000961,True,High
DEV-000962,False,Medium
DEV-000963,False,Low
DEV-000964,False,Low
DEV-000965,False,Low
DEV-000966,False,Low
DEV-000967,False,Low
DEV-000968,False,Low
DEV-000969,False,Low
DEV-000970,False,Medium
DEV-000971,False,Low
DEV-000972,False,Low
DEV-000973,False,Low
DEV-000974,False,Low
DEV-000975,False,Low
DEV-000976,False,Low
DEV-000977,False,Low
DEV-000978,False,Low
DEV-000979,False,Low
DEV-000980,False,Low
DEV-000981,False,Low
DEV-000982,False,Low
DEV-000983,False,Low
DEV-000984,False,Low
DEV-000985,False,Low
DEV-000986,False,Low
DEV-000987,False,Low
DEV-000988,False,Low
DEV-000989,False,Low
DEV-000990,False,Low
DEV-000991,False,Low
DEV-000992,False,Low
DEV-000993,False,Low
DEV-000994,False,Low
DEV-000995,False,Low
DEV-000996,False,Low
DEV-000997,False,Low
DEV-000998,False,Low
DEV-000999,False,Low
DEV-001000,False,Low
DEV-001001,False,Low
DEV-001002,True,High
DEV-001003,False,Low
DEV-001004,False,Low
DEV-001005,False,Low
DEV-001006,False,Low
DEV-001007,False,Low
DEV-001008,False,Low
DEV-001009,False,Low
DEV-001010,False,Low
DEV-001011,False,Low
DEV-001012,False,Low
DEV-001013,False,Low
DEV-001014,False,Low
DEV-001015,False,Low
DEV-001016,True,Medium
DEV-001017,False,Low
DEV-001018,False,Low
DEV-001019,False,Low
DEV-001020,False,Low
DEV-001021,False,Medium
DEV-001022,False,Low
DEV-001023,False,Low
DEV-001024,False,Low
DEV-001025,False,Medium
DEV-001026,False,Low
DEV-001027,False,Low
DEV-001028,False,Low
DEV-001029,False,Low
DEV-001030,False,Low
DEV-001031,False,Low
DEV-001032,False,Low
DEV-001033,False,Low
DEV-001034,False,Low
DEV-001035,False,Low
DEV-001036,True,Medium
DEV-001037,False,Low
DEV-001038,False,Low
DEV-001039,False,Low
DEV-001040,False,Low
DEV-001041,False,Low
DEV-001042,False,Low
DEV-001043,False,Low
DEV-001044,False,Low
DEV-001045,False,Low
DEV-001046,False,Low
DEV-001047,False,Low
DEV-001048,False,Low
DEV-001049,False,Low
DEV-001050,True,Medium
DEV-001051,False,Low
DEV-001052,False,Low
DEV-001053,False,Low
DEV-001054,False,Low
DEV-001055,False,Low
DEV-001056,False,Low
DEV-001057,False,Medium
DEV-001058,False,Low
DEV-001059,False,Low
DEV-001060,True,High
DEV-001061,False,Low
DEV-001062,False,Low
DEV-001063,False,Low
DEV-001064,False,Low
DEV-001065,False,Low
DEV-001066,False,Low
DEV-001067,False,Low
DEV-001068,False,Low
DEV-001069,False,Low
DEV-001070,False,Low
DEV-001071,False,Low
DEV-001072,False,Medium
DEV-001073,False,Low
DEV-001074,False,Medium
DEV-001075,False,Low
DEV-001076,False,Low
DEV-001077,False,Low
DEV-001078,False,Low
DEV-001079,False,Low
DEV-001080,False,Low
DEV-001081,False,Medium
DEV-001082,False,Medium
DEV-001083,False,Low
DEV-001084,False,Low
DEV-001085,False,Low
DEV-001086,False,Low
DEV-001087,False,Low
DEV-001088,False,Low
DEV-001089,False,Low
DEV-001090,False,Low
DEV-001091,False,Low
DEV-001092,False,Low
DEV-001093,True,High
DEV-001094,False,Low
DEV-001095,False,Low
DEV-001096,False,Low
DEV-001097,False,Low
DEV-001098,False,Low
DEV-001099,False,Medium
DEV-001100,False,Medium
DEV-001101,False,Low
DEV-001102,False,Low
DEV-001103,False,Low
DEV-001104,False,Low
DEV-001105,False,Low
DEV-001106,False,Low
DEV-001107,False,Low
DEV-001108,False,Low
DEV-001109,False,Low
DEV-001110,False,Low
DEV-001111,False,Low
DEV-001112,False,Low
DEV-001113,False,Low
DEV-001114,True,High
DEV-001115,False,Low
DEV-001116,False,Low
DEV-001117,False,Low
DEV-001118,False,Low
DEV-001119,False,Medium
DEV-001120,False,Low
DEV-001121,False,Low
DEV-001122,False,Low
DEV-001123,False,Low
DEV-001124,False,Low
DEV-001125,False,Low
DEV-001126,False,Low
DEV-001127,True,High
DEV-001128,False,Low
DEV-001129,False,Low
DEV-001130,False,Low
DEV-001131,False,Low
DEV-001132,False,Low
DEV-001133,False,Low
DEV-001134,False,Low
DEV-001135,False,Low
DEV-001136,False,Low
DEV-001137,False,Low
DEV-001138,False,Low
DEV-001139,False,Low
DEV-001140,False,Medium
DEV-001141,True,High
DEV-001142,False,Low
DEV-001143,False,Low
DEV-001144,False,Low
DEV-001145,False,Low
DEV-001146,False,Low
DEV-001147,False,Low
DEV-001148,False,Low
DEV-001149,False,Low
DEV-001150,False,Low
DEV-001151,False,Low
DEV-001152,False,Low
DEV-001153,False,Low
DEV-001154,False,Low
DEV-001155,False,Low
DEV-001156,False,Low
DEV-001157,False,Low
DEV-001158,False,Medium
DEV-001159,False,Low
DEV-001160,False,Low
DEV-001161,True,High
DEV-001162,False,Low
DEV-001163,False,Low
DEV-001164,False,Low
DEV-001165,False,Low
DEV-001166,False,Low
DEV-001167,False,Low
DEV-001168,False,Low
DEV-001169,False,Low
DEV-001170,False,Low
DEV-001171,False,Low
DEV-001172,False,Medium
DEV-001173,False,Low
DEV-001174,False,Medium
DEV-001175,False,Low
DEV-001176,False,Low
DEV-001177,False,Low
DEV-001178,False,Low
DEV-001179,False,Low
DEV-001180,False,Low
DEV-001181,False,Low
DEV-001182,True,High
DEV-001183,False,Low
DEV-001184,False,Low
DEV-001185,False,Low
DEV-001186,False,Low
DEV-001187,False,Low
DEV-001188,False,Low
DEV-001189,False,Low
DEV-001190,False,Medium
DEV-001191,False,Low
DEV-001192,False,Low
DEV-001193,False,Low
DEV-001194,False,Low
DEV-001195,True,High
DEV-001196,False,Low
DEV-001197,False,Low
DEV-001198,False,Low
DEV-001199,False,Low
DEV-001200,False,Medium
DEV-001201,False,Low
DEV-001202,False,Low
DEV-001203,False,Low
DEV-001204,False,Medium
DEV-001205,False,Low
DEV-001206,False,Low
DEV-001207,False,Low
DEV-001208,False,Low
DEV-001209,False,Low
DEV-001210,False,Low
DEV-001211,False,Low
DEV-001212,False,Low
DEV-001213,False,Low
DEV-001214,False,Low
DEV-001215,False,Low
DEV-001216,False,Low
DEV-001217,False,Low
DEV-001218,False,Low
DEV-001219,False,Low
DEV-001220,False,Low
DEV-001221,False,Low
DEV-001222,False,Low
DEV-001223,False,Medium
DEV-001224,False,Low
DEV-001225,False,Low
DEV-001226,False,Low
DEV-001227,False,Low
DEV-001228,False,Low
DEV-001229,False,Low
DEV-001230,True,High
DEV-001231,False,Low
DEV-001232,False,Low
DEV-001233,True,High
DEV-001234,False,Low
DEV-001235,False,Low
DEV-001236,True,Medium
DEV-001237,False,Low
DEV-001238,False,Medium
DEV-001239,False,Low
DEV-001240,False,Low
DEV-001241,False,Low
DEV-001242,False,Medium
DEV-001243,False,Low
DEV-001244,False,Low
DEV-001245,False,Low
DEV-001246,False,Low
DEV-001247,False,Medium
DEV-001248,True,Medium
DEV-001249,False,Low
DEV-001250,False,Low
DEV-001251,True,Medium
DEV-001252,False,Low
DEV-001253,False,Low
DEV-001254,False,Low
DEV-001255,False,Low
DEV-001256,True,High
DEV-001257,False,Low
DEV-001258,False,Low
DEV-001259,False,Low
DEV-001260,False,Low
DEV-001261,False,Low
DEV-001262,False,Low
DEV-001263,False,Low
DEV-001264,False,Low
DEV-001265,True,High
DEV-001266,False,Medium
DEV-001267,True,High
DEV-001268,False,Low
DEV-001269,False,Medium
DEV-001270,False,Low
DEV-001271,False,Low
DEV-001272,False,Low
DEV-001273,False,Low
DEV-001274,False,Low
DEV-001275,False,Low
DEV-001276,False,Low
DEV-001277,False,Low
DEV-001278,False,Low
DEV-001279,False,Medium
DEV-001280,False,Low
DEV-001281,False,Low
DEV-001282,False,Low
DEV-001283,False,Low
DEV-001284,False,Low
DEV-001285,False,Low
DEV-001286,False,Low
DEV-001287,False,Low
DEV-001288,False,Low
DEV-001289,False,Low
DEV-001290,False,Low
DEV-001291,False,Low
DEV-001292,False,Low
DEV-001293,False,Low
DEV-001294,False,Low
DEV-001295,False,Low
DEV-001296,False,Low
DEV-001297,False,Low
DEV-001298,False,Low
DEV-001299,False,Low
DEV-001300,False,Low
DEV-001301,False,Low
DEV-001302,False,Medium
DEV-001303,False,Low
DEV-001304,False,Low
DEV-001305,False,Low
DEV-001306,False,Low
DEV-001307,False,Low
DEV-001308,False,Low
DEV-001309,False,Low
DEV-001310,False,Low
DEV-001311,False,Low
DEV-001312,False,Low
DEV-001313,False,Medium
DEV-001314,False,Low
DEV-001315,False,Low
DEV-001316,False,Low
DEV-001317,True,High
DEV-001318,True,Medium
DEV-001319,False,Low
DEV-001320,False,Low
DEV-001321,False,Low
DEV-001322,False,Low
DEV-001323,False,Low
DEV-001324,False,Low
DEV-001325,False,Medium
DEV-001326,False,Low
DEV-001327,False,Low
DEV-001328,False,Low
DEV-001329,False,Low
DEV-001330,False,Low
DEV-001331,False,Low
DEV-001332,False,Low
DEV-001333,False,Low
DEV-001334,False,Low
DEV-001335,False,Medium
DEV-001336,False,Low
DEV-001337,False,Low
DEV-001338,False,Low
DEV-001339,False,Low
DEV-001340,False,Low
DEV-001341,False,Low
DEV-001342,False,Low
DEV-001343,False,Low
DEV-001344,False,Low
DEV-001345,False,Low
DEV-001346,False,Low
DEV-001347,False,Low
DEV-001348,False,Low
DEV-001349,False,Low
DEV-001350,False,Low
DEV-001351,False,Low
DEV-001352,False,Low
DEV-001353,False,Low
DEV-001354,False,Low
DEV-001355,False,Low
DEV-001356,True,High
DEV-001357,False,Low
DEV-001358,False,Low
DEV-001359,False,Low
DEV-001360,False,Low
DEV-001361,False,Low
DEV-001362,False,Low
DEV-001363,False,Low
DEV-001364,False,Low
DEV-001365,False,Low
DEV-001366,False,Low
DEV-001367,False,Low
DEV-001368,False,Low
DEV-001369,False,Low
DEV-001370,False,Low
DEV-001371,False,Low
DEV-001372,False,Low
DEV-001373,False,Low
DEV-001374,False,Low
DEV-001375,False,Low
DEV-001376,False,Low
DEV-001377,False,Low
DEV-001378,False,Low
DEV-001379,False,Low
DEV-001380,False,Low
DEV-001381,False,Low
DEV-001382,False,Low
DEV-001383,False,Low
DEV-001384,False,Low
DEV-001385,True,High
DEV-001386,False,Low
DEV-001387,True,Medium
DEV-001388,False,Low
DEV-001389,False,Low
DEV-001390,False,Low
DEV-001391,False,Low
DEV-001392,False,Medium
DEV-001393,False,Low
DEV-001394,False,Medium
DEV-001395,False,Low
DEV-001396,False,Low
DEV-001397,True,Medium
DEV-001398,False,Medium
DEV-001399,False,Low
DEV-001400,True,Medium
DEV-001401,False,Low
DEV-001402,False,Medium
DEV-001403,False,Low
DEV-001404,False,Low
DEV-001405,False,Low
DEV-001406,False,Low
DEV-001407,False,Low
DEV-001408,False,Medium
DEV-001409,False,Low
DEV-001410,False,Low
DEV-001411,False,Low
DEV-001412,False,Medium
DEV-001413,False,Low
DEV-001414,False,Low
DEV-001415,False,Low
DEV-001416,False,Low
DEV-001417,False,Low
DEV-001418,False,Medium
DEV-001419,False,Low
DEV-001420,False,Low
DEV-001421,False,Low
DEV-001422,False,Low
DEV-001423,False,Low
DEV-001424,False,Low
DEV-001425,False,Low
DEV-001426,False,Low
DEV-001427,False,Low
DEV-001428,False,Medium
DEV-001429,False,Low
DEV-001430,False,Low
DEV-001431,False,Low
DEV-001432,False,Low
DEV-001433,False,Low
DEV-001434,False,Medium
DEV-001435,False,Low
DEV-001436,False,Low
DEV-001437,False,Low
DEV-001438,False,Medium
DEV-001439,False,Low
DEV-001440,False,Low
DEV-001441,False,Low
DEV-001442,False,Low
DEV-001443,False,Low
DEV-001444,False,Medium
DEV-001445,False,Low
DEV-001446,False,Low
DEV-001447,False,Low
DEV-001448,False,Low
DEV-001449,False,Low
DEV-001450,False,Low
DEV-001451,True,Medium
DEV-001452,False,Low
DEV-001453,False,Low
DEV-001454,False,Low
DEV-001455,False,Low
DEV-001456,False,Low
DEV-001457,False,Low
DEV-001458,False,Low
DEV-001459,True,High
DEV-001460,False,Low
DEV-001461,False,Low
DEV-001462,False,Low
DEV-001463,False,Low
DEV-001464,False,Low
DEV-001465,False,Low
DEV-001466,False,Low
DEV-001467,False,Low
DEV-001468,False,Low
DEV-001469,False,Low
DEV-001470,False,Low
DEV-001471,False,Low
DEV-001472,False,Low
DEV-001473,False,Low
DEV-001474,False,Low
DEV-001475,False,Low
DEV-001476,False,Low
DEV-001477,False,Low
DEV-001478,False,Low
DEV-001479,False,Low
DEV-001480,False,Medium
DEV-001481,False,Medium
DEV-001482,False,Medium
DEV-001483,False,Low
DEV-001484,False,Low
DEV-001485,False,Low
DEV-001486,False,Low
DEV-001487,False,Low
DEV-001488,False,Medium
DEV-001489,False,Low
DEV-001490,False,Low
DEV-001491,False,Low
DEV-001492,False,Low
DEV-001493,False,Low
DEV-001494,False,Low
DEV-001495,False,Low
DEV-001496,False,Low
DEV-001497,False,Low
DEV-001498,False,Low
DEV-001499,False,Low
DEV-001500,False,Low
DEV-001501,False,Low
DEV-001502,False,Low
DEV-001503,False,Medium
DEV-001504,False,Low
DEV-001505,False,Low
DEV-001506,False,Low
DEV-001507,False,Medium
DEV-001508,False,Low
DEV-001509,False,Low
DEV-001510,False,Low
DEV-001511,False,Low
DEV-001512,True,Medium
DEV-001513,False,Low
DEV-001514,False,Low
DEV-001515,False,Low
DEV-001516,False,Low
DEV-001517,False,Low
DEV-001518,False,Low
DEV-001519,False,Medium
DEV-001520,False,Low
DEV-001521,False,Low
DEV-001522,False,Low
DEV-001523,False,Low
DEV-001524,False,Low
DEV-001525,False,Low
DEV-001526,False,Low
DEV-001527,False,Low
DEV-001528,False,Low
DEV-001529,False,Medium
DEV-001530,False,Low
DEV-001531,False,Low
DEV-001532,False,Low
DEV-001533,False,Low
DEV-001534,True,Medium
DEV-001535,False,Low
DEV-001536,False,Low
DEV-001537,False,Low
DEV-001538,False,Low
DEV-001539,False,Low
DEV-001540,False,Low
DEV-001541,False,Low
DEV-001542,False,Low
DEV-001543,False,Low
DEV-001544,False,Low
DEV-001545,True,Medium
DEV-001546,False,Low
DEV-001547,False,Low
DEV-001548,False,Low
DEV-001549,False,Low
DEV-001550,False,Low
DEV-001551,False,Low
DEV-001552,False,Low
DEV-001553,False,Medium
DEV-001554,False,Low
DEV-001555,False,Low
DEV-001556,False,Low
DEV-001557,False,Low
DEV-001558,False,Low
DEV-001559,False,Low
DEV-001560,False,Low
DEV-001561,False,Low
DEV-001562,False,Low
DEV-001563,False,Medium
DEV-001564,False,Low
DEV-001565,False,Low
DEV-001566,False,Low
DEV-001567,False,Low
DEV-001568,False,Low
DEV-001569,False,Low
DEV-001570,False,Low
DEV-001571,False,Low
DEV-001572,False,Low
DEV-001573,False,Low
DEV-001574,False,Low
DEV-001575,False,Low
DEV-001576,False,Low
DEV-001577,False,Low
DEV-001578,False,Low
DEV-001579,False,Low
DEV-001580,False,Low
DEV-001581,False,Low
DEV-001582,False,Low
DEV-001583,False,Low
DEV-001584,False,Low
DEV-001585,False,Medium
DEV-001586,False,Low
DEV-001587,False,Low
DEV-001588,False,Low
DEV-001589,False,Low
DEV-001590,False,Low
DEV-001591,False,Low
DEV-001592,False,Low
DEV-001593,False,Low
DEV-001594,False,Low
DEV-001595,False,Low
DEV-001596,False,Low
DEV-001597,False,Low
DEV-001598,False,Low
DEV-001599,True,High
DEV-001600,False,Low
DEV-001601,False,Low
DEV-001602,False,Low
DEV-001603,False,Low
DEV-001604,False,Low
DEV-001605,False,Low
DEV-001606,False,Low
DEV-001607,False,Low
DEV-001608,False,Low
DEV-001609,False,Low
DEV-001610,False,Low
DEV-001611,False,Low
DEV-001612,False,Low
DEV-001613,False,Low
DEV-001614,False,Low
DEV-001615,False,Low
DEV-001616,False,Low
DEV-001617,False,Low
DEV-001618,False,Low
DEV-001619,False,Low
DEV-001620,False,Low
DEV-001621,False,Low
DEV-001622,False,Low
DEV-001623,False,Low
DEV-001624,False,Low
DEV-001625,False,Low
DEV-001626,False,Low
DEV-001627,False,Low
DEV-001628,False,Low
DEV-001629,False,Low
DEV-001630,False,Low
DEV-001631,False,Low
DEV-001632,False,Low
DEV-001633,True,High
DEV-001634,False,Low
DEV-001635,False,Low
DEV-001636,False,Low
DEV-001637,False,Low
DEV-001638,True,High
DEV-001639,False,Low
DEV-001640,False,Low
DEV-001641,False,Low
DEV-001642,False,Low
DEV-001643,False,Low
DEV-001644,False,Low
DEV-001645,False,Low
DEV-001646,False,Low
DEV-001647,False,Low
DEV-001648,True,High
DEV-001649,False,Low
DEV-001650,False,Low
DEV-001651,False,Low
DEV-001652,False,Low
DEV-001653,False,Low
DEV-001654,False,Low
DEV-001655,False,Low
DEV-001656,True,Medium
DEV-001657,False,Low
DEV-001658,False,Low
DEV-001659,False,Low
DEV-001660,True,High
DEV-001661,False,Low
DEV-001662,False,Low
DEV-001663,False,Low
DEV-001664,False,Low
DEV-001665,False,Low
DEV-001666,False,Low
DEV-001667,False,Low
DEV-001668,False,Low
DEV-001669,False,Low
DEV-001670,False,Low
DEV-001671,False,Low
DEV-001672,False,Medium
DEV-001673,False,Low
DEV-001674,False,Low
DEV-001675,False,Low
DEV-001676,False,Low
DEV-001677,False,Low
DEV-001678,False,Medium
DEV-001679,False,Low
DEV-001680,False,Low
DEV-001681,False,Low
DEV-001682,False,Low
DEV-001683,False,Low
DEV-001684,False,Low
DEV-001685,False,Low
DEV-001686,False,Low
DEV-001687,False,Low
DEV-001688,False,Low
DEV-001689,False,Low
DEV-001690,False,Low
DEV-001691,False,Low
DEV-001692,False,Low
DEV-001693,False,Low
DEV-001694,False,Low
DEV-001695,False,Low
DEV-001696,False,Low
DEV-001697,False,Low
DEV-001698,False,Low
DEV-001699,False,Low
DEV-001700,False,Low
DEV-001701,False,Low
DEV-001702,True,Medium
DEV-001703,False,Low
DEV-001704,False,Low
DEV-001705,True,High
DEV-001706,False,Low
DEV-001707,False,Low
DEV-001708,False,Low
DEV-001709,False,Low
DEV-001710,False,Low
DEV-001711,False,Medium
DEV-001712,False,Low
DEV-001713,False,Low
DEV-001714,False,Low
DEV-001715,False,Low
DEV-001716,True,Medium
DEV-001717,False,Low
DEV-001718,False,Low
DEV-001719,False,Low
DEV-001720,False,Medium
DEV-001721,False,Medium
DEV-001722,False,Low
DEV-001723,True,Medium
DEV-001724,False,Low
DEV-001725,False,Low
DEV-001726,False,Low
DEV-001727,False,Low
DEV-001728,False,Low
DEV-001729,False,Low
DEV-001730,False,Low
DEV-001731,False,Low
DEV-001732,False,Low
DEV-001733,False,Low
DEV-001734,False,Low
DEV-001735,False,Low
DEV-001736,False,Low
DEV-001737,False,Low
DEV-001738,False,Low
DEV-001739,False,Low
DEV-001740,False,Low
DEV-001741,False,Low
DEV-001742,False,Medium
DEV-001743,False,Low
DEV-001744,False,Low
DEV-001745,False,Medium
DEV-001746,False,Low
DEV-001747,False,Low
DEV-001748,False,Low
DEV-001749,False,Low
DEV-001750,False,Low
DEV-001751,False,Low
DEV-001752,False,Low
DEV-001753,False,Low
DEV-001754,True,Medium
DEV-001755,False,Low
DEV-001756,False,Low
DEV-001757,False,Low
DEV-001758,False,Low
DEV-001759,False,Low
DEV-001760,False,Low
DEV-001761,False,Low
DEV-001762,False,Medium
DEV-001763,False,Low
DEV-001764,False,Medium
DEV-001765,False,Medium
DEV-001766,False,Low
DEV-001767,False,Low
DEV-001768,False,Low
DEV-001769,False,Low
DEV-001770,False,Low
DEV-001771,False,Low
DEV-001772,False,Low
DEV-001773,False,Low
DEV-001774,False,Low
DEV-001775,True,High
DEV-001776,False,Low
DEV-001777,False,Low
DEV-001778,False,Medium
DEV-001779,False,Low
DEV-001780,False,Low
DEV-001781,True,High
DEV-001782,False,Low
DEV-001783,False,Low
DEV-001784,False,Low
DEV-001785,False,Low
DEV-001786,False,Low
DEV-001787,False,Low
DEV-001788,False,Low
DEV-001789,False,Low
DEV-001790,False,Low
DEV-001791,False,Low
DEV-001792,False,Low
DEV-001793,False,Low
DEV-001794,False,Low
DEV-001795,False,Low
DEV-001796,False,Low
DEV-001797,False,Low
DEV-001798,False,Low
DEV-001799,False,Low
DEV-001800,False,Low
DEV-001801,False,Low
DEV-001802,False,Low
DEV-001803,False,Low
DEV-001804,False,Medium
DEV-001805,False,Low
DEV-001806,False,Low
DEV-001807,False,Low
DEV-001808,False,Medium
DEV-001809,False,Low
DEV-001810,False,Low
DEV-001811,False,Low
DEV-001812,False,Low
DEV-001813,False,Low
DEV-001814,False,Low
DEV-001815,False,Low
DEV-001816,False,Low
DEV-001817,False,Low
DEV-001818,False,Low
DEV-001819,False,Low
DEV-001820,False,Medium
DEV-001821,False,Low
DEV-001822,False,Low
DEV-001823,False,Low
DEV-001824,False,Low
DEV-001825,False,Low
DEV-001826,True,High
DEV-001827,False,Medium
DEV-001828,False,Low
DEV-001829,False,Low
DEV-001830,False,Low
DEV-001831,False,Low
DEV-001832,False,Low
DEV-001833,False,Low
DEV-001834,False,Low
DEV-001835,False,Low
DEV-001836,False,Low
DEV-001837,False,Low
DEV-001838,False,Low
DEV-001839,False,Low
DEV-001840,False,Low
DEV-001841,False,Low
DEV-001842,False,Low
DEV-001843,False,Low
DEV-001844,False,Low
DEV-001845,False,Low
DEV-001846,False,Low
DEV-001847,False,Low
DEV-001848,False,Low
DEV-001849,False,Low
DEV-001850,False,Low
DEV-001851,False,Low
DEV-001852,False,Low
DEV-001853,False,Low
DEV-001854,False,Low
DEV-001855,False,Low
DEV-001856,False,Low
DEV-001857,False,Low
DEV-001858,False,Low
DEV-001859,False,Low
DEV-001860,False,Low
DEV-001861,False,Low
DEV-001862,True,High
DEV-001863,False,Low
DEV-001864,True,High
DEV-001865,False,Low
DEV-001866,False,Low
DEV-001867,False,Low
DEV-001868,False,Low
DEV-001869,False,Low
DEV-001870,False,Low
DEV-001871,False,Medium
DEV-001872,False,Low
DEV-001873,False,Low
DEV-001874,False,Low
DEV-001875,False,Low
DEV-001876,False,Low
DEV-001877,True,Medium
DEV-001878,False,Low
DEV-001879,True,Medium
DEV-001880,False,Low
DEV-001881,False,Low
DEV-001882,False,Low
DEV-001883,False,Low
DEV-001884,False,Low
DEV-001885,False,Low
DEV-001886,True,Medium
DEV-001887,False,Low
DEV-001888,False,Low
DEV-001889,False,Low
DEV-001890,False,Low
DEV-001891,False,Low
DEV-001892,False,Low
DEV-001893,False,Low
DEV-001894,False,Low
DEV-001895,False,Low
DEV-001896,False,Low
DEV-001897,False,Low
DEV-001898,False,Low
DEV-001899,False,Low
DEV-001900,False,Low
DEV-001901,False,Low
DEV-001902,False,Low
DEV-001903,False,Low
DEV-001904,False,Low
DEV-001905,False,Low
DEV-001906,False,Low
DEV-001907,False,Low
DEV-001908,False,Low
DEV-001909,False,Low
DEV-001910,False,Low
DEV-001911,False,Low
DEV-001912,False,Low
DEV-001913,False,Low
DEV-001914,False,Low
DEV-001915,False,Low
DEV-001916,False,Low
DEV-001917,False,Low
DEV-001918,False,Low
DEV-001919,False,Low
DEV-001920,False,Low
DEV-001921,False,Low
DEV-001922,False,Low
DEV-001923,False,Low
DEV-001924,False,Low
DEV-001925,False,Low
DEV-001926,False,Medium
DEV-001927,False,Low
DEV-001928,False,Low
DEV-001929,False,Medium
DEV-001930,False,Low
DEV-001931,False,Low
DEV-001932,False,Low
DEV-001933,False,Medium
DEV-001934,False,Low
DEV-001935,False,Low
DEV-001936,False,Low
DEV-001937,False,Low
DEV-001938,False,Low
DEV-001939,False,Medium
DEV-001940,False,Low
DEV-001941,False,Low
DEV-001942,False,Low
DEV-001943,False,Low
DEV-001944,False,Low
DEV-001945,False,Low
DEV-001946,False,Low
DEV-001947,False,Low
DEV-001948,False,Low
DEV-001949,False,Medium
DEV-001950,False,Low
DEV-001951,False,Low
DEV-001952,True,Medium
DEV-001953,False,Low
DEV-001954,False,Low
DEV-001955,False,Low
DEV-001956,False,Low
DEV-001957,False,Low
DEV-001958,False,Low
DEV-001959,False,Low
DEV-001960,False,Low
DEV-001961,False,Low
DEV-001962,False,Low
DEV-001963,False,Low
DEV-001964,False,Low
DEV-001965,True,Medium
DEV-001966,False,Low
DEV-001967,False,Low
DEV-001968,False,Low
DEV-001969,False,Low
DEV-001970,False,Medium
DEV-001971,False,Low
DEV-001972,False,Low
DEV-001973,False,Medium
DEV-001974,False,Low
DEV-001975,False,Low
DEV-001976,False,Low
DEV-001977,False,Low
DEV-001978,False,Low
DEV-001979,False,Low
DEV-001980,True,High
DEV-001981,False,Medium
DEV-001982,False,Low
DEV-001983,False,Low
DEV-001984,False,Low
DEV-001985,False,Low
DEV-001986,False,Low
DEV-001987,False,Low
DEV-001988,False,Low
DEV-001989,False,Medium
DEV-001990,False,Low
DEV-001991,False,Low
DEV-001992,False,Low
DEV-001993,False,Low
DEV-001994,False,Low
DEV-001995,False,Low
DEV-001996,False,Low
DEV-001997,False,Low
DEV-001998,False,Low
DEV-001999,False,Low
DEV-002000,False,Low
DEV-002001,False,Low
DEV-002002,False,Low
DEV-002003,False,Low
DEV-002004,False,Low
DEV-002005,False,Low
DEV-002006,False,Low
DEV-002007,False,Low
DEV-002008,False,Low
DEV-002009,False,Low
DEV-002010,False,Low
DEV-002011,False,Low
DEV-002012,False,Low
DEV-002013,False,Low
DEV-002014,False,Low
DEV-002015,False,Low
DEV-002016,False,Low
DEV-002017,False,Low
DEV-002018,False,Low
DEV-002019,False,Low
DEV-002020,False,Low
DEV-002021,True,Medium
DEV-002022,False,Low
DEV-002023,False,Low
DEV-002024,False,Low
DEV-002025,False,Low
DEV-002026,False,Low
DEV-002027,False,Low
DEV-002028,False,Low
DEV-002029,False,Low
DEV-002030,False,Low
DEV-002031,False,Low
DEV-002032,False,Low
DEV-002033,False,Low
DEV-002034,False,Low
DEV-002035,False,Low
DEV-002036,False,Low
DEV-002037,False,Low
DEV-002038,False,Low
DEV-002039,False,Low
DEV-002040,False,Low
DEV-002041,False,Low
DEV-002042,False,Low
DEV-002043,False,Low
DEV-002044,False,Low
DEV-002045,False,Low
DEV-002046,False,Low
DEV-002047,False,Medium
DEV-002048,False,Low
DEV-002049,False,Low
DEV-002050,False,Low
DEV-002051,False,Low
DEV-002052,False,Low
DEV-002053,False,Low
DEV-002054,False,Low
DEV-002055,False,Low
DEV-002056,False,Medium
DEV-002057,False,Low
DEV-002058,False,Low
DEV-002059,False,Low
DEV-002060,False,Low
DEV-002061,False,Low
DEV-002062,False,Low
DEV-002063,False,Low
DEV-002064,False,Low
DEV-002065,False,Low
DEV-002066,False,Low
DEV-002067,False,Low
DEV-002068,False,Low
DEV-002069,False,Low
DEV-002070,False,Low
DEV-002071,False,Low
DEV-002072,False,Low
DEV-002073,False,Low
DEV-002074,False,Low
DEV-002075,False,Low
DEV-002076,False,Low
DEV-002077,False,Low
DEV-002078,False,Low
DEV-002079,False,Low
DEV-002080,False,Low
DEV-002081,False,Medium
DEV-002082,False,Low
DEV-002083,True,Medium
DEV-002084,False,Low
DEV-002085,False,Low
DEV-002086,False,Low
DEV-002087,False,Low
DEV-002088,False,Low
DEV-002089,False,Low
DEV-002090,False,Low
DEV-002091,False,Low
DEV-002092,False,Low
DEV-002093,False,Low
DEV-002094,False,Low
DEV-002095,False,Low
DEV-002096,False,Low
DEV-002097,False,Low
DEV-002098,False,Low
DEV-002099,False,Low
DEV-002100,False,Low
DEV-002101,False,Low
DEV-002102,False,Low
DEV-002103,False,Low
DEV-002104,False,Low
DEV-002105,False,Low
DEV-002106,False,Medium
DEV-002107,False,Low
DEV-002108,False,Low
DEV-002109,False,Low
DEV-002110,False,Low
DEV-002111,False,Low
DEV-002112,False,Low
DEV-002113,False,Low
DEV-002114,False,Low
DEV-002115,False,Low
DEV-002116,False,Low
DEV-002117,False,Low
DEV-002118,False,Low
DEV-002119,False,Low
DEV-002120,False,Low
DEV-002121,False,Low
DEV-002122,False,Low
DEV-002123,False,Low
DEV-002124,False,Low
DEV-002125,False,Medium
DEV-002126,False,Low
DEV-002127,False,Low
DEV-002128,False,Low
DEV-002129,False,Low
DEV-002130,False,Low
DEV-002131,False,Low
DEV-002132,False,Low
DEV-002133,False,Low
DEV-002134,False,Low
DEV-002135,False,Medium
DEV-002136,False,Low
DEV-002137,False,Medium
DEV-002138,False,Low
DEV-002139,False,Low
DEV-002140,False,Low
DEV-002141,False,Low
DEV-002142,False,Low
DEV-002143,False,Low
DEV-002144,False,Low
DEV-002145,False,Low
DEV-002146,False,Low
DEV-002147,True,Medium
DEV-002148,False,Low
DEV-002149,False,Low
DEV-002150,False,Low
DEV-002151,False,Low
DEV-002152,False,Low
DEV-002153,False,Low
DEV-002154,False,Low
DEV-002155,False,Low
DEV-002156,False,Low
DEV-002157,False,Low
DEV-002158,False,Low
DEV-002159,False,Low
DEV-002160,False,Low
DEV-002161,False,Low
DEV-002162,False,Low
DEV-002163,False,Low
DEV-002164,False,Low
DEV-002165,False,Low
DEV-002166,False,Low
DEV-002167,False,Low
DEV-002168,False,Low
DEV-002169,False,Low
DEV-002170,False,Low
DEV-002171,False,Medium
DEV-002172,False,Low
DEV-002173,False,Low
DEV-002174,False,Low
DEV-002175,False,Low
DEV-002176,False,Low
DEV-002177,False,Low
DEV-002178,False,Low
DEV-002179,False,Low
DEV-002180,False,Low
DEV-002181,False,Low
DEV-002182,False,Low
DEV-002183,False,Low
DEV-002184,False,Low
DEV-002185,False,Low
DEV-002186,False,Low
DEV-002187,False,Low
DEV-002188,False,Low
DEV-002189,False,Low
DEV-002190,False,Medium
DEV-002191,False,Low
DEV-002192,False,Low
DEV-002193,False,Low
DEV-002194,False,Low
DEV-002195,False,Low
DEV-002196,False,Low
DEV-002197,False,Low
DEV-002198,False,Low
DEV-002199,False,Low
DEV-002200,True,High
DEV-002201,False,Low
DEV-002202,False,Low
DEV-002203,False,Medium
DEV-002204,False,Medium
DEV-002205,False,Low
DEV-002206,True,High
DEV-002207,False,Low
DEV-002208,False,Low
DEV-002209,False,Low
DEV-002210,True,High
DEV-002211,False,Low
DEV-002212,False,Medium
DEV-002213,False,Low
DEV-002214,False,Medium
DEV-002215,False,Low
DEV-002216,False,Low
DEV-002217,False,Low
DEV-002218,False,Low
DEV-002219,False,Low
DEV-002220,False,Low
DEV-002221,False,Low
DEV-002222,False,Low
DEV-002223,False,Low
DEV-002224,False,Low
DEV-002225,False,Low
DEV-002226,False,Low
DEV-002227,False,Low
DEV-002228,False,Low
DEV-002229,False,Low
DEV-002230,False,Low
DEV-002231,False,Medium
DEV-002232,False,Low
DEV-002233,False,Low
DEV-002234,False,Low
DEV-002235,False,Low
DEV-002236,False,Low
DEV-002237,False,Low
DEV-002238,False,Low
DEV-002239,False,Medium
DEV-002240,False,Low
DEV-002241,False,Low
DEV-002242,False,Low
DEV-002243,False,Low
DEV-002244,True,High
DEV-002245,False,Medium
DEV-002246,False,Low
DEV-002247,False,Low
DEV-002248,False,Low
DEV-002249,False,Low
DEV-002250,False,Low
DEV-002251,False,Low
DEV-002252,False,Low
DEV-002253,False,Low
DEV-002254,False,Low
DEV-002255,False,Low
DEV-002256,False,Low
DEV-002257,False,Low
DEV-002258,False,Medium
DEV-002259,False,Low
DEV-002260,False,Low
DEV-002261,False,Low
DEV-002262,False,Low
DEV-002263,False,Low
DEV-002264,False,Low
DEV-002265,False,Low
DEV-002266,False,Low
DEV-002267,False,Low
DEV-002268,False,Low
DEV-002269,True,Medium
DEV-002270,False,Low
DEV-002271,False,Low
DEV-002272,False,Low
DEV-002273,False,Low
DEV-002274,False,Low
DEV-002275,False,Low
DEV-002276,False,Low
DEV-002277,False,Low
DEV-002278,False,Medium
DEV-002279,False,Low
DEV-002280,False,Low
DEV-002281,False,Low
DEV-002282,False,Low
DEV-002283,False,Low
DEV-002284,False,Low
DEV-002285,False,Low
DEV-002286,False,Medium
DEV-002287,False,Low
DEV-002288,True,High
DEV-002289,False,Low
DEV-002290,False,Low
DEV-002291,False,Medium
DEV-002292,False,Low
DEV-002293,False,Low
DEV-002294,False,Low
DEV-002295,False,Low
DEV-002296,False,Low
DEV-002297,False,Low
DEV-002298,False,Low
DEV-002299,False,Low
DEV-002300,False,Low
DEV-002301,False,Low
DEV-002302,False,Low
DEV-002303,False,Low
DEV-002304,False,Low
DEV-002305,False,Low
DEV-002306,False,Low
DEV-002307,False,Low
DEV-002308,False,Low
DEV-002309,False,Low
DEV-002310,False,Medium
DEV-002311,False,Low
DEV-002312,False,Low
DEV-002313,False,Low
DEV-002314,False,Low
DEV-002315,False,Low
DEV-002316,False,Low
DEV-002317,False,Low
DEV-002318,False,Low
DEV-002319,False,Low
DEV-002320,False,Low
DEV-002321,False,Low
DEV-002322,False,Low
DEV-002323,False,Medium
DEV-002324,False,Low
DEV-002325,False,Low
DEV-002326,False,Low
DEV-002327,False,Low
DEV-002328,False,Medium
DEV-002329,True,Medium
DEV-002330,False,Low
DEV-002331,False,Low
DEV-002332,True,Medium
DEV-002333,False,Low
DEV-002334,False,Low
DEV-002335,False,Low
DEV-002336,False,Low
DEV-002337,False,Low
DEV-002338,False,Low
DEV-002339,False,Low
DEV-002340,False,Low
DEV-002341,False,Low
DEV-002342,False,Low
DEV-002343,False,Low
DEV-002344,False,Low
DEV-002345,False,Low
DEV-002346,False,Low
DEV-002347,True,High
DEV-002348,False,Low
DEV-002349,False,Medium
DEV-002350,False,Low
DEV-002351,False,Low
DEV-002352,False,Low
DEV-002353,False,Low
DEV-002354,False,Low
DEV-002355,False,Low
DEV-002356,False,Medium
DEV-002357,False,Low
DEV-002358,False,Medium
DEV-002359,False,Low
DEV-002360,False,Low
DEV-002361,False,Low
DEV-002362,False,Low
DEV-002363,False,Low
DEV-002364,False,Low
DEV-002365,False,Low
DEV-002366,False,Low
DEV-002367,False,Low
DEV-002368,False,Low
DEV-002369,False,Low
DEV-002370,False,Low
DEV-002371,False,Low
DEV-002372,False,Medium
DEV-002373,False,Low
DEV-002374,False,Low
DEV-002375,False,Low
DEV-002376,False,Low
DEV-002377,False,Low
DEV-002378,False,Low
DEV-002379,False,Low
DEV-002380,False,Low
DEV-002381,False,Medium
DEV-002382,False,Medium
DEV-002383,False,Low
DEV-002384,False,Low
DEV-002385,False,Low
DEV-002386,False,Low
DEV-002387,False,Low
DEV-002388,False,Low
DEV-002389,False,Medium
DEV-002390,False,Low
DEV-002391,False,Low
DEV-002392,False,Low
DEV-002393,False,Low
DEV-002394,False,Low
DEV-002395,False,Low
DEV-002396,False,Low
DEV-002397,False,Low
DEV-002398,False,Low
DEV-002399,False,Low
DEV-002400,False,Low
DEV-002401,False,Low
DEV-002402,False,Low
DEV-002403,False,Low
DEV-002404,False,Low
DEV-002405,False,Low
DEV-002406,False,Low
DEV-002407,False,Low
DEV-002408,False,Low
DEV-002409,False,Low
DEV-002410,False,Medium
DEV-002411,False,Low
DEV-002412,False,Low
DEV-002413,False,Low
DEV-002414,False,Low
DEV-002415,False,Low
DEV-002416,False,Low
DEV-002417,False,Low
DEV-002418,False,Low
DEV-002419,False,Low
DEV-002420,False,Low
DEV-002421,False,Low
DEV-002422,False,Low
DEV-002423,False,Low
DEV-002424,False,Low
DEV-002425,False,Low
DEV-002426,False,Low
DEV-002427,False,Low
DEV-002428,False,Low
DEV-002429,False,Low
DEV-002430,False,Low
DEV-002431,False,Low
DEV-002432,False,Low
DEV-002433,False,Low
DEV-002434,False,Low
DEV-002435,False,Low
DEV-002436,False,Low
DEV-002437,False,Low
DEV-002438,False,Low
DEV-002439,False,Low
DEV-002440,False,Low
DEV-002441,False,Low
DEV-002442,False,Low
DEV-002443,False,Medium
DEV-002444,False,Low
DEV-002445,False,Low
DEV-002446,False,Low
DEV-002447,False,Low
DEV-002448,False,Medium
DEV-002449,False,Low
DEV-002450,False,Low
DEV-002451,False,Low
DEV-002452,False,Low
DEV-002453,False,Low
DEV-002454,False,Low
DEV-002455,False,Low
DEV-002456,False,Low
DEV-002457,False,Low
DEV-002458,False,Low
DEV-002459,False,Low
DEV-002460,False,Low
DEV-002461,False,Low
DEV-002462,False,Low
DEV-002463,False,Low
DEV-002464,False,Low
DEV-002465,False,Low
DEV-002466,False,Low
DEV-002467,False,Low
DEV-002468,False,Low
DEV-002469,False,Low
DEV-002470,False,Low
DEV-002471,False,Low
DEV-002472,False,Low
DEV-002473,False,Low
DEV-002474,False,Low
DEV-002475,False,Low
DEV-002476,False,Low
DEV-002477,False,Low
DEV-002478,False,Low
DEV-002479,False,Low
DEV-002480,False,Medium
DEV-002481,False,Low
DEV-002482,False,Low
DEV-002483,False,Low
DEV-002484,False,Low
DEV-002485,False,Low
DEV-002486,False,Low
DEV-002487,False,Low
DEV-002488,False,Low
DEV-002489,False,Low
DEV-002490,False,Low
DEV-002491,False,Low
DEV-002492,False,Low
DEV-002493,False,Low
DEV-002494,False,Low
DEV-002495,False,Low
DEV-002496,False,Low
DEV-002497,False,Low
DEV-002498,False,Low
DEV-002499,False,Medium
DEV-002500,False,Low
DEV-002501,False,Low
DEV-002502,False,Low
DEV-002503,False,Low
DEV-002504,False,Low
DEV-002505,False,Medium
DEV-002506,False,Low
DEV-002507,False,Low
DEV-002508,False,Low
DEV-002509,False,Low
DEV-002510,False,Medium
DEV-002511,False,Low
DEV-002512,False,Low
DEV-002513,False,Low
DEV-002514,False,Low
DEV-002515,False,Low
DEV-002516,False,Low
DEV-002517,False,Low
DEV-002518,False,Low
DEV-002519,False,Low
DEV-002520,False,Low
DEV-002521,False,Medium
DEV-002522,False,Low
DEV-002523,False,Low
DEV-002524,False,Low
DEV-002525,False,Medium
DEV-002526,False,Low
DEV-002527,False,Low
DEV-002528,False,Low
DEV-002529,False,Low
DEV-002530,False,Low
DEV-002531,False,Low
DEV-002532,False,Low
DEV-002533,False,Low
DEV-002534,False,Low
DEV-002535,False,Low
DEV-002536,False,Low
DEV-002537,False,Medium
DEV-002538,False,Low
DEV-002539,False,Low
DEV-002540,False,Low
DEV-002541,False,Low
DEV-002542,False,Low
DEV-002543,False,Low
DEV-002544,False,Medium
DEV-002545,False,Medium
DEV-002546,False,Low
DEV-002547,False,Low
DEV-002548,False,Medium
DEV-002549,False,Low
DEV-002550,False,Low
DEV-002551,False,Low
DEV-002552,False,Low
DEV-002553,False,Low
DEV-002554,False,Low
DEV-002555,False,Low
DEV-002556,False,Low
DEV-002557,False,Low
DEV-002558,False,Low
DEV-002559,False,Low
DEV-002560,False,Low
DEV-002561,False,Low
DEV-002562,False,Low
DEV-002563,False,Low
DEV-002564,False,Low
DEV-002565,False,Low
DEV-002566,False,Low
DEV-002567,False,Low
DEV-002568,False,Low
DEV-002569,False,Low
DEV-002570,False,Low
DEV-002571,False,Low
DEV-002572,False,Low
DEV-002573,False,Medium
DEV-002574,False,Low
DEV-002575,False,Low
DEV-002576,False,Low
DEV-002577,False,Low
DEV-002578,False,Low
DEV-002579,False,Low
DEV-002580,False,Low
DEV-002581,False,Low
DEV-002582,False,Low
DEV-002583,False,Low
DEV-002584,False,Medium
DEV-002585,False,Low
DEV-002586,False,Low
DEV-002587,True,Medium
DEV-002588,False,Low
DEV-002589,False,Low
DEV-002590,False,Low
DEV-002591,False,Low
DEV-002592,False,Low
DEV-002593,False,Low
DEV-002594,False,Low
DEV-002595,False,Low
DEV-002596,False,Low
DEV-002597,False,Low
DEV-002598,False,Medium
DEV-002599,False,Low
DEV-002600,False,Low
DEV-002601,False,Low
DEV-002602,False,Low
DEV-002603,False,Low
DEV-002604,False,Low
DEV-002605,False,Low
DEV-002606,False,Low
DEV-002607,False,Low
DEV-002608,False,Low
DEV-002609,False,Low
DEV-002610,False,Low
DEV-002611,False,Low
DEV-002612,False,Low
DEV-002613,False,Low
DEV-002614,False,Medium
DEV-002615,False,Low
DEV-002616,True,Medium
DEV-002617,False,Low
DEV-002618,False,Low
DEV-002619,False,Medium
DEV-002620,False,Low
DEV-002621,False,Low
DEV-002622,False,Low
DEV-002623,True,Medium
DEV-002624,False,Low
DEV-002625,False,Medium
DEV-002626,False,Medium
DEV-002627,False,Low
DEV-002628,False,Low
DEV-002629,False,Low
DEV-002630,False,Low
DEV-002631,True,High
DEV-002632,False,Low
DEV-002633,False,Medium
DEV-002634,False,Low
DEV-002635,False,Low
DEV-002636,False,Low
DEV-002637,False,Low
DEV-002638,False,Low
DEV-002639,False,Low
DEV-002640,False,Low
DEV-002641,False,Low
DEV-002642,False,Low
DEV-002643,False,Low
DEV-002644,False,Low
DEV-002645,False,Low
DEV-002646,False,Low
DEV-002647,False,Low
DEV-002648,False,Low
DEV-002649,False,Low
DEV-002650,False,Low
DEV-002651,False,Low
DEV-002652,False,Low
DEV-002653,False,Medium
DEV-002654,False,Low
DEV-002655,False,Low
DEV-002656,False,Low
DEV-002657,False,Low
DEV-002658,False,Low
DEV-002659,False,Medium
DEV-002660,False,Low
DEV-002661,False,Medium
DEV-002662,False,Low
DEV-002663,False,Medium
DEV-002664,False,Low
DEV-002665,False,Low
DEV-002666,False,Low
DEV-002667,False,Low
DEV-002668,False,Low
DEV-002669,False,Low
DEV-002670,False,Low
DEV-002671,False,Low
DEV-002672,False,Low
DEV-002673,False,Low
DEV-002674,False,Low
DEV-002675,False,Low
DEV-002676,False,Low
DEV-002677,False,Low
DEV-002678,False,Low
DEV-002679,False,Low
DEV-002680,False,Low
DEV-002681,False,Low
DEV-002682,False,Medium
DEV-002683,False,Low
DEV-002684,False,Low
DEV-002685,False,Low
DEV-002686,False,Low
DEV-002687,False,Low
DEV-002688,False,Low
DEV-002689,False,Low
DEV-002690,False,Low
DEV-002691,False,Low
DEV-002692,False,Low
DEV-002693,False,Low
DEV-002694,False,Low
DEV-002695,True,Medium
DEV-002696,False,Low
DEV-002697,False,Low
DEV-002698,False,Low
DEV-002699,False,Low
DEV-002700,False,Low
DEV-002701,False,Medium
DEV-002702,False,Low
DEV-002703,False,Low
DEV-002704,False,Low
DEV-002705,False,Low
DEV-002706,False,Low
DEV-002707,False,Low
DEV-002708,False,Low
DEV-002709,False,Low
DEV-002710,False,Low
DEV-002711,False,Low
DEV-002712,False,Low
DEV-002713,False,Low
DEV-002714,False,Low
DEV-002715,False,Low
DEV-002716,True,Medium
DEV-002717,False,Low
DEV-002718,False,Low
DEV-002719,False,Low
DEV-002720,False,Low
DEV-002721,False,Low
DEV-002722,False,Low
DEV-002723,False,Low
DEV-002724,False,Medium
DEV-002725,False,Medium
DEV-002726,False,Medium
DEV-002727,False,Low
DEV-002728,False,Low
DEV-002729,False,Low
DEV-002730,False,Low
DEV-002731,False,Low
DEV-002732,False,Low
DEV-002733,False,Low
DEV-002734,False,Medium
DEV-002735,False,Low
DEV-002736,False,Low
DEV-002737,True,High
DEV-002738,False,Low
DEV-002739,False,Low
DEV-002740,False,Low
DEV-002741,False,Medium
DEV-002742,False,Medium
DEV-002743,False,Low
DEV-002744,False,Low
DEV-002745,False,Low
DEV-002746,False,Low
DEV-002747,False,Low
DEV-002748,False,Low
DEV-002749,False,Low
DEV-002750,False,Low
DEV-002751,False,Low
DEV-002752,False,Low
DEV-002753,False,Low
DEV-002754,False,Low
DEV-002755,False,Low
DEV-002756,False,Low
DEV-002757,False,Low
DEV-002758,False,Low
DEV-002759,False,Low
DEV-002760,False,Low
DEV-002761,False,Low
DEV-002762,False,Low
DEV-002763,False,Low
DEV-002764,False,Low
DEV-002765,False,Low
DEV-002766,False,Low
DEV-002767,False,Low
DEV-002768,False,Low
DEV-002769,False,Low
DEV-002770,False,Low
DEV-002771,False,Low
DEV-002772,False,Low
DEV-002773,False,Low
DEV-002774,False,Low
DEV-002775,False,Low
DEV-002776,False,Low
DEV-002777,False,Low
DEV-002778,False,Low
DEV-002779,False,Low
DEV-002780,False,Medium
DEV-002781,False,Low
DEV-002782,False,Low
DEV-002783,False,Low
DEV-002784,False,Low
DEV-002785,False,Low
DEV-002786,False,Low
DEV-002787,False,Low
DEV-002788,False,Low
DEV-002789,False,Low
DEV-002790,False,Low
DEV-002791,False,Low
DEV-002792,False,Medium
DEV-002793,False,Low
DEV-002794,True,High
DEV-002795,False,Low
DEV-002796,False,Low
DEV-002797,False,Low
DEV-002798,False,Low
DEV-002799,False,Low
DEV-002800,False,Low
DEV-002801,False,Low
DEV-002802,False,Low
DEV-002803,False,Low
DEV-002804,False,Low
DEV-002805,False,Low
DEV-002806,False,Low
DEV-002807,False,Low
DEV-002808,False,Low
DEV-002809,False,Low
DEV-002810,False,Low
DEV-002811,False,Low
DEV-002812,False,Medium
DEV-002813,False,Low
DEV-002814,False,Low
DEV-002815,False,Low
DEV-002816,False,Low
DEV-002817,False,Low
DEV-002818,False,Low
DEV-002819,False,Low
DEV-002820,True,High
DEV-002821,False,Low
DEV-002822,False,Low
DEV-002823,False,Low
DEV-002824,False,Low
DEV-002825,True,Medium
DEV-002826,False,Low
DEV-002827,False,Low
DEV-002828,False,Low
DEV-002829,False,Low
DEV-002830,False,Low
DEV-002831,False,Low
DEV-002832,False,Low
DEV-002833,False,Low
DEV-002834,False,Low
DEV-002835,False,Low
DEV-002836,False,Low
DEV-002837,False,Low
DEV-002838,False,Low
DEV-002839,False,Low
DEV-002840,False,Low
DEV-002841,False,Low
DEV-002842,False,Low
DEV-002843,False,Low
DEV-002844,False,Medium
DEV-002845,False,Low
DEV-002846,False,Medium
DEV-002847,False,Low
DEV-002848,False,Low
DEV-002849,False,Low
DEV-002850,False,Low
DEV-002851,False,Low
DEV-002852,False,Low
DEV-002853,False,Low
DEV-002854,False,Low
DEV-002855,False,Low
DEV-002856,False,Low
DEV-002857,False,Low
DEV-002858,False,Low
DEV-002859,False,Low
DEV-002860,False,Low
DEV-002861,False,Low
DEV-002862,False,Low
DEV-002863,False,Low
DEV-002864,False,Low
DEV-002865,False,Low
DEV-002866,False,Low
DEV-002867,False,Medium
DEV-002868,False,Low
DEV-002869,False,Low
DEV-002870,False,Low
DEV-002871,False,Low
DEV-002872,False,Low
DEV-002873,False,Low
DEV-002874,False,Low
DEV-002875,False,Low
DEV-002876,False,Low
DEV-002877,False,Low
DEV-002878,False,Low
DEV-002879,False,Low
DEV-002880,False,Low
DEV-002881,False,Low
DEV-002882,False,Low
DEV-002883,False,Low
DEV-002884,False,Low
DEV-002885,False,Low
DEV-002886,False,Low
DEV-002887,False,Low
DEV-002888,False,Low
DEV-002889,False,Medium
DEV-002890,False,Low
DEV-002891,True,High
DEV-002892,False,Low
DEV-002893,False,Low
DEV-002894,False,Low
DEV-002895,False,Low
DEV-002896,False,Medium
DEV-002897,False,Low
DEV-002898,False,Low
DEV-002899,False,Low
DEV-002900,False,Low
DEV-002901,True,Medium
DEV-002902,False,Low
DEV-002903,False,Low
DEV-002904,False,Low
DEV-002905,False,Low
DEV-002906,False,Low
DEV-002907,False,Low
DEV-002908,False,Low
DEV-002909,False,Medium
DEV-002910,False,Low
DEV-002911,False,Low
DEV-002912,False,Low
DEV-002913,False,Low
DEV-002914,False,Medium
DEV-002915,False,Low
DEV-002916,False,Low
DEV-002917,False,Low
DEV-002918,False,Low
DEV-002919,False,Low
DEV-002920,False,Low
DEV-002921,False,Low
DEV-002922,False,Low
DEV-002923,False,Medium
DEV-002924,False,Low
DEV-002925,False,Low
DEV-002926,False,Low
DEV-002927,False,Low
DEV-002928,False,Low
DEV-002929,False,Low
DEV-002930,False,Low
DEV-002931,False,Low
DEV-002932,False,Low
DEV-002933,False,Low
DEV-002934,False,Low
DEV-002935,False,Low
DEV-002936,False,Low
DEV-002937,False,Medium
DEV-002938,False,Low
DEV-002939,False,Low
DEV-002940,False,Medium
DEV-002941,False,Medium
DEV-002942,False,Low
DEV-002943,False,Low
DEV-002944,False,Low
DEV-002945,False,Low
DEV-002946,False,Low
DEV-002947,False,Low
DEV-002948,False,Low
DEV-002949,True,Medium
DEV-002950,False,Low
DEV-002951,False,Low
DEV-002952,False,Low
DEV-002953,False,Low
DEV-002954,False,Low
DEV-002955,False,Low
DEV-002956,False,Low
DEV-002957,False,Low
DEV-002958,False,Low
DEV-002959,False,Low
DEV-002960,False,Low
DEV-002961,False,Low
DEV-002962,False,Medium
DEV-002963,True,Medium
DEV-002964,False,Low
DEV-002965,False,Low
DEV-002966,False,Medium
DEV-002967,False,Medium
DEV-002968,False,Low
DEV-002969,False,Low
DEV-002970,False,Medium
DEV-002971,False,Low
DEV-002972,False,Low
DEV-002973,True,High
DEV-002974,False,Low
DEV-002975,False,Low
DEV-002976,False,Low
DEV-002977,False,Low
DEV-002978,False,Low
DEV-002979,False,Low
DEV-002980,False,Low
DEV-002981,False,Low
DEV-002982,False,Medium
DEV-002983,False,Low
DEV-002984,False,Low
DEV-002985,False,Medium
DEV-002986,False,Low
DEV-002987,False,Low
DEV-002988,False,Low
DEV-002989,False,Low
DEV-002990,False,Low
DEV-002991,False,Low
DEV-002992,True,High
DEV-002993,False,Low
DEV-002994,False,Low
DEV-002995,False,Low
DEV-002996,False,Low
DEV-002997,False,Low
DEV-002998,False,Low
DEV-002999,False,Low
DEV-003000,False,Low
DEV-003001,False,Low
DEV-003002,False,Low
DEV-003003,False,Low
DEV-003004,False,Low
DEV-003005,False,Low
DEV-003006,False,Low
DEV-003007,True,High
DEV-003008,False,Low
DEV-003009,False,Low
DEV-003010,False,Low
DEV-003011,False,Medium
DEV-003012,False,Low
DEV-003013,False,Low
DEV-003014,False,Low
DEV-003015,False,Medium
DEV-003016,True,Medium
DEV-003017,False,Low
DEV-003018,False,Low
DEV-003019,False,Low
DEV-003020,False,Low
DEV-003021,False,Low
DEV-003022,False,Low
DEV-003023,False,Low
DEV-003024,False,Low
DEV-003025,False,Low
DEV-003026,False,Low
DEV-003027,False,Low
DEV-003028,False,Medium
DEV-003029,False,Low
DEV-003030,False,Low
DEV-003031,False,Low
DEV-003032,False,Low
DEV-003033,False,Low
DEV-003034,False,Medium
DEV-003035,False,Low
DEV-003036,False,Low
DEV-003037,False,Low
DEV-003038,False,Low
DEV-003039,False,Low
DEV-003040,False,Low
DEV-003041,False,Low
DEV-003042,False,Low
DEV-003043,False,Low
DEV-003044,True,High
DEV-003045,False,Low
DEV-003046,False,Low
DEV-003047,False,Low
DEV-003048,False,Low
DEV-003049,False,Low
DEV-003050,True,High
DEV-003051,False,Low
DEV-003052,False,Low
DEV-003053,False,Low
DEV-003054,False,Low
DEV-003055,False,Low
DEV-003056,False,Low
DEV-003057,False,Low
DEV-003058,False,Low
DEV-003059,False,Low
DEV-003060,False,Low
DEV-003061,False,Low
DEV-003062,False,Low
DEV-003063,False,Low
DEV-003064,False,Low
DEV-003065,False,Low
DEV-003066,False,Low
DEV-003067,False,Low
DEV-003068,True,High
DEV-003069,False,Low
DEV-003070,False,Low
DEV-003071,False,Low
DEV-003072,False,Low
DEV-003073,False,Medium
DEV-003074,False,Low
DEV-003075,True,Medium
DEV-003076,False,Low
DEV-003077,False,Low
DEV-003078,False,Low
DEV-003079,False,Low
DEV-003080,False,Low
DEV-003081,False,Low
DEV-003082,False,Low
DEV-003083,False,Low
DEV-003084,False,Low
DEV-003085,False,Low
DEV-003086,False,Low
DEV-003087,False,Low
DEV-003088,False,Low
DEV-003089,False,Low
DEV-003090,False,Low
DEV-003091,False,Low
DEV-003092,False,Low
DEV-003093,False,Low
DEV-003094,False,Low
DEV-003095,False,Low
DEV-003096,False,Low
DEV-003097,False,Low
DEV-003098,False,Low
DEV-003099,False,Low
DEV-003100,False,Low
DEV-003101,False,Low
DEV-003102,False,Low
DEV-003103,False,Low
DEV-003104,False,Low
DEV-003105,False,Low
DEV-003106,False,Low
DEV-003107,False,Low
DEV-003108,False,Low
DEV-003109,False,Low
DEV-003110,False,Low
DEV-003111,False,Low
DEV-003112,False,Low
DEV-003113,False,Low
DEV-003114,False,Low
DEV-003115,False,Low
DEV-003116,False,Low
DEV-003117,False,Low
DEV-003118,False,Low
DEV-003119,False,Low
DEV-003120,False,Low
DEV-003121,False,Low
DEV-003122,False,Medium
DEV-003123,False,Low
DEV-003124,False,Low
DEV-003125,True,High
DEV-003126,False,Low
DEV-003127,False,Low
DEV-003128,False,Medium
DEV-003129,False,Medium
DEV-003130,False,Medium
DEV-003131,False,Low
DEV-003132,False,Low
DEV-003133,False,Low
DEV-003134,False,Low
DEV-003135,False,Low
DEV-003136,False,Medium
DEV-003137,False,Low
DEV-003138,False,Low
DEV-003139,False,Low
DEV-003140,False,Low
DEV-003141,False,Low
DEV-003142,False,Low
DEV-003143,False,Low
DEV-003144,False,Low
DEV-003145,False,Low
DEV-003146,False,Low
DEV-003147,False,Low
DEV-003148,False,Low
DEV-003149,False,Low
DEV-003150,False,Low
DEV-003151,False,Low
DEV-003152,False,Low
DEV-003153,False,Low
DEV-003154,False,Low
DEV-003155,False,Low
DEV-003156,False,Low
DEV-003157,False,Low
DEV-003158,False,Medium
DEV-003159,False,Low
DEV-003160,False,Low
DEV-003161,False,Low
DEV-003162,False,Low
DEV-003163,False,Low
DEV-003164,False,Low
DEV-003165,False,Low
DEV-003166,False,Low
DEV-003167,False,Low
DEV-003168,False,Low
DEV-003169,False,Low
DEV-003170,False,Low
DEV-003171,False,Low
DEV-003172,False,Low
DEV-003173,False,Low
DEV-003174,False,Low
DEV-003175,False,Low
DEV-003176,False,Medium
DEV-003177,False,Low
DEV-003178,False,Low
DEV-003179,False,Low
DEV-003180,False,Low
DEV-003181,False,Low
DEV-003182,False,Low
DEV-003183,False,Low
DEV-003184,False,Low
DEV-003185,False,Low
DEV-003186,False,Low
DEV-003187,False,Low
DEV-003188,False,Low
DEV-003189,False,Low
DEV-003190,False,Low
DEV-003191,False,Low
DEV-003192,False,Low
DEV-003193,False,Low
DEV-003194,False,Low
DEV-003195,False,Low
DEV-003196,False,Low
DEV-003197,False,Low
DEV-003198,False,Low
DEV-003199,False,Low
DEV-003200,False,Low
DEV-003201,False,Low
DEV-003202,False,Low
DEV-003203,False,Low
DEV-003204,True,High
DEV-003205,False,Low
DEV-003206,False,Low
DEV-003207,False,Low
DEV-003208,False,Low
DEV-003209,False,Medium
DEV-003210,False,Low
DEV-003211,False,Low
DEV-003212,False,Low
DEV-003213,False,Low
DEV-003214,False,Low
DEV-003215,False,Low
DEV-003216,False,Low
DEV-003217,False,Low
DEV-003218,False,Medium
DEV-003219,False,Low
DEV-003220,False,Low
DEV-003221,False,Low
DEV-003222,False,Low
DEV-003223,False,Low
DEV-003224,False,Low
DEV-003225,False,Low
DEV-003226,False,Low
DEV-003227,False,Low
DEV-003228,False,Low
DEV-003229,False,Low
DEV-003230,False,Low
DEV-003231,False,Low
DEV-003232,False,Low
DEV-003233,False,Low
DEV-003234,False,Low
DEV-003235,False,Low
DEV-003236,False,Low
DEV-003237,False,Low
DEV-003238,False,Low
DEV-003239,False,Low
DEV-003240,False,Low
DEV-003241,False,Low
DEV-003242,False,Low
DEV-003243,False,Low
DEV-003244,False,Low
DEV-003245,False,Low
DEV-003246,False,Low
DEV-003247,False,Low
DEV-003248,False,Low
DEV-003249,False,Low
DEV-003250,False,Low
DEV-003251,False,Low
DEV-003252,False,Low
DEV-003253,False,Low
DEV-003254,False,Low
DEV-003255,False,Low
DEV-003256,False,Low
DEV-003257,False,Low
DEV-003258,False,Low
DEV-003259,False,Medium
DEV-003260,False,Low
DEV-003261,False,Low
DEV-003262,False,Low
DEV-003263,False,Low
DEV-003264,False,Low
DEV-003265,False,Low
DEV-003266,False,Low
DEV-003267,False,Low
DEV-003268,False,Low
DEV-003269,False,Low
DEV-003270,False,Low
DEV-003271,False,Low
DEV-003272,False,Low
DEV-003273,False,Low
DEV-003274,False,Low
DEV-003275,False,Medium
DEV-003276,False,Low
DEV-003277,False,Low
DEV-003278,False,Low
DEV-003279,False,Low
DEV-003280,False,Low
DEV-003281,False,Low
DEV-003282,False,Low
DEV-003283,False,Low
DEV-003284,False,Low
DEV-003285,False,Low
DEV-003286,False,Low
DEV-003287,False,Low
DEV-003288,False,Low
DEV-003289,False,Low
DEV-003290,False,Low
DEV-003291,False,Low
DEV-003292,False,Low
DEV-003293,False,Low
DEV-003294,False,Low
DEV-003295,False,Low
DEV-003296,False,Medium
DEV-003297,False,Low
DEV-003298,False,Low
DEV-003299,False,Low
DEV-003300,False,Low
DEV-003301,False,Low
DEV-003302,False,Low
DEV-003303,False,Low
DEV-003304,False,Low
DEV-003305,False,Low
DEV-003306,False,Low
DEV-003307,False,Low
DEV-003308,False,Low
DEV-003309,False,Low
DEV-003310,False,Low
DEV-003311,False,Low
DEV-003312,False,Low
DEV-003313,False,Low
DEV-003314,False,Low
DEV-003315,False,Low
DEV-003316,False,Low
DEV-003317,False,Low
DEV-003318,False,Low
DEV-003319,False,Low
DEV-003320,False,Low
DEV-003321,False,Low
DEV-003322,False,Low
DEV-003323,False,Medium
DEV-003324,False,Low
DEV-003325,False,Low
DEV-003326,False,Low
DEV-003327,False,Low
DEV-003328,False,Low
DEV-003329,False,Low
DEV-003330,False,Low
DEV-003331,False,Low
DEV-003332,False,Medium
DEV-003333,False,Low
DEV-003334,False,Medium
DEV-003335,False,Low
DEV-003336,False,Low
DEV-003337,False,Low
DEV-003338,False,Medium
DEV-003339,False,Low
DEV-003340,False,Low
DEV-003341,False,Low
DEV-003342,False,Low
DEV-003343,False,Low
DEV-003344,False,Low
DEV-003345,False,Low
DEV-003346,False,Low
DEV-003347,False,Low
DEV-003348,False,Low
DEV-003349,False,Low
DEV-003350,False,Low
DEV-003351,False,Low
DEV-003352,False,Low
DEV-003353,False,Medium
DEV-003354,False,Low
DEV-003355,False,Low
DEV-003356,False,Low
DEV-003357,False,Low
DEV-003358,False,Low
DEV-003359,False,Low
DEV-003360,False,Low
DEV-003361,False,Low
DEV-003362,False,Low
DEV-003363,False,Low
DEV-003364,False,Low
DEV-003365,False,Low
DEV-003366,False,Low
DEV-003367,False,Low
DEV-003368,False,Low
DEV-003369,False,Low
DEV-003370,False,Low
DEV-003371,False,Low
DEV-003372,False,Low
DEV-003373,False,Medium
DEV-003374,False,Low
DEV-003375,False,Low
DEV-003376,False,Low
DEV-003377,False,Low
DEV-003378,False,Low
DEV-003379,False,Medium
DEV-003380,False,Low
DEV-003381,False,Low
DEV-003382,False,Low
DEV-003383,False,Low
DEV-003384,False,Low
DEV-003385,False,Low
DEV-003386,False,Low
DEV-003387,False,Medium
DEV-003388,False,Low
DEV-003389,False,Low
DEV-003390,False,Low
DEV-003391,False,Low
DEV-003392,False,Medium
DEV-003393,False,Low
DEV-003394,False,Low
DEV-003395,False,Low
DEV-003396,False,Low
DEV-003397,False,Low
DEV-003398,False,Low
DEV-003399,False,Low
DEV-003400,False,Low
DEV-003401,True,Medium
DEV-003402,False,Low
DEV-003403,False,Low
DEV-003404,False,Low
DEV-003405,False,Low
DEV-003406,False,Low
DEV-003407,False,Low
DEV-003408,False,Low
DEV-003409,False,Low
DEV-003410,False,Low
DEV-003411,False,Low
DEV-003412,False,Low
DEV-003413,False,Low
DEV-003414,False,Medium
DEV-003415,False,Low
DEV-003416,False,Low
DEV-003417,False,Low
DEV-003418,False,Low
DEV-003419,False,Low
DEV-003420,False,Low
DEV-003421,False,Low
DEV-003422,False,Low
DEV-003423,False,Low
DEV-003424,False,Low
DEV-003425,False,Low
DEV-003426,False,Low
DEV-003427,False,Low
DEV-003428,False,Low
DEV-003429,False,Low
DEV-003430,True,Medium
DEV-003431,False,Low
DEV-003432,False,Low
DEV-003433,True,High
DEV-003434,False,Low
DEV-003435,False,Low
DEV-003436,False,Low
DEV-003437,False,Low
DEV-003438,False,Low
DEV-003439,False,Low
DEV-003440,False,Medium
DEV-003441,False,Low
DEV-003442,False,Low
DEV-003443,False,Low
DEV-003444,False,Low
DEV-003445,False,Medium
DEV-003446,False,Low
DEV-003447,False,Low
DEV-003448,False,Low
DEV-003449,False,Low
DEV-003450,False,Low
DEV-003451,False,Low
DEV-003452,False,Low
DEV-003453,False,Low
DEV-003454,False,Low
DEV-003455,False,Low
DEV-003456,False,Low
DEV-003457,False,Low
DEV-003458,False,Low
DEV-003459,False,Low
DEV-003460,False,Low
DEV-003461,False,Low
DEV-003462,False,Low
DEV-003463,False,Low
DEV-003464,False,Low
DEV-003465,False,Low
DEV-003466,False,Low
DEV-003467,False,Low
DEV-003468,False,Medium
DEV-003469,False,Low
DEV-003470,False,Low
DEV-003471,False,Medium
DEV-003472,False,Low
DEV-003473,False,Medium
DEV-003474,False,Low
DEV-003475,False,Low
DEV-003476,False,Low
DEV-003477,False,Low
DEV-003478,False,Low
DEV-003479,False,Low
DEV-003480,False,Low
DEV-003481,False,Low
DEV-003482,True,High
DEV-003483,False,Low
DEV-003484,False,Low
DEV-003485,False,Low
DEV-003486,False,Low
DEV-003487,False,Low
DEV-003488,False,Low
DEV-003489,False,Low
DEV-003490,False,Low
DEV-003491,False,Low
DEV-003492,False,Low
DEV-003493,False,Low
DEV-003494,False,Medium
DEV-003495,False,Low
DEV-003496,False,Low
DEV-003497,False,Low
DEV-003498,False,Low
DEV-003499,False,Low
DEV-003500,False,Low
DEV-003501,False,Low
DEV-003502,False,Low
DEV-003503,False,Low
DEV-003504,False,Low
DEV-003505,False,Low
DEV-003506,False,Low
DEV-003507,False,Low
DEV-003508,False,Low
DEV-003509,False,Low
DEV-003510,False,Low
DEV-003511,False,Low
DEV-003512,False,Low
DEV-003513,False,Low
DEV-003514,False,Low
DEV-003515,True,High
DEV-003516,False,Medium
DEV-003517,False,Low
DEV-003518,True,High
DEV-003519,False,Low
DEV-003520,False,Low
DEV-003521,False,Low
DEV-003522,False,Low
DEV-003523,True,Medium
DEV-003524,False,Low
DEV-003525,False,Low
DEV-003526,False,Low
DEV-003527,False,Low
DEV-003528,False,Low
DEV-003529,False,Low
DEV-003530,False,Low
DEV-003531,False,Low
DEV-003532,False,Low
DEV-003533,False,Medium
DEV-003534,False,Low
DEV-003535,False,Low
DEV-003536,False,Medium
DEV-003537,False,Low
DEV-003538,False,Low
DEV-003539,False,Medium
DEV-003540,False,Low
DEV-003541,False,Low
DEV-003542,False,Low
DEV-003543,False,Low
DEV-003544,False,Low
DEV-003545,False,Low
DEV-003546,False,Low
DEV-003547,False,Low
DEV-003548,False,Low
DEV-003549,False,Low
DEV-003550,False,Low
DEV-003551,False,Medium
DEV-003552,False,Low
DEV-003553,False,Low
DEV-003554,False,Low
DEV-003555,False,Low
DEV-003556,True,Medium
DEV-003557,False,Low
DEV-003558,False,Low
DEV-003559,False,Low
DEV-003560,False,Low
DEV-003561,False,Low
DEV-003562,False,Low
DEV-003563,False,Low
DEV-003564,False,Low
DEV-003565,False,Low
DEV-003566,False,Low
DEV-003567,False,Low
DEV-003568,True,Medium
DEV-003569,False,Low
DEV-003570,False,Low
DEV-003571,False,Low
DEV-003572,False,Low
DEV-003573,False,Low
DEV-003574,False,Low
DEV-003575,False,Low
DEV-003576,False,Low
DEV-003577,False,Low
DEV-003578,False,Low
DEV-003579,False,Low
DEV-003580,False,Low
DEV-003581,False,Low
DEV-003582,False,Medium
DEV-003583,False,Low
DEV-003584,False,Low
DEV-003585,False,Low
DEV-003586,False,Low
DEV-003587,False,Low
DEV-003588,False,Low
DEV-003589,False,Low
DEV-003590,False,Low
DEV-003591,False,Low
DEV-003592,False,Low
DEV-003593,False,Low
DEV-003594,False,Low
DEV-003595,False,Medium
DEV-003596,False,Low
DEV-003597,False,Low
DEV-003598,False,Low
DEV-003599,False,Low
DEV-003600,False,Low
DEV-003601,False,Low
DEV-003602,False,Low
DEV-003603,False,Low
DEV-003604,False,Low
DEV-003605,False,Low
DEV-003606,False,Medium
DEV-003607,False,Medium
DEV-003608,True,High
DEV-003609,False,Low
DEV-003610,False,Low
DEV-003611,False,Low
DEV-003612,False,Low
DEV-003613,False,Medium
DEV-003614,False,Low
DEV-003615,False,Low
DEV-003616,False,Low
DEV-003617,False,Low
DEV-003618,False,Low
DEV-003619,False,Low
DEV-003620,False,Low
DEV-003621,False,Low
DEV-003622,False,Low
DEV-003623,False,Low
DEV-003624,False,Low
DEV-003625,True,Medium
DEV-003626,False,Low
DEV-003627,False,Low
DEV-003628,False,Low
DEV-003629,False,Low
DEV-003630,False,Low
DEV-003631,False,Low
DEV-003632,False,Low
DEV-003633,False,Low
DEV-003634,False,Low
DEV-003635,False,Medium
DEV-003636,False,Low
DEV-003637,False,Low
DEV-003638,False,Medium
DEV-003639,False,Low
DEV-003640,False,Low
DEV-003641,False,Low
DEV-003642,False,Low
DEV-003643,False,Low
DEV-003644,False,Low
DEV-003645,False,Low
DEV-003646,False,Low
DEV-003647,False,Low
DEV-003648,False,Low
DEV-003649,False,Low
DEV-003650,False,Low
DEV-003651,False,Low
DEV-003652,False,Low
DEV-003653,False,Low
DEV-003654,False,Low
DEV-003655,False,Low
DEV-003656,False,Low
DEV-003657,False,Low
DEV-003658,False,Low
DEV-003659,False,Low
DEV-003660,False,Low
DEV-003661,False,Low
DEV-003662,True,High
DEV-003663,False,Low
DEV-003664,False,Low
DEV-003665,False,Low
DEV-003666,False,Low
DEV-003667,False,Low
DEV-003668,False,Low
DEV-003669,False,Low
DEV-003670,False,Low
DEV-003671,False,Low
DEV-003672,False,Low
DEV-003673,False,Low
DEV-003674,False,Low
DEV-003675,False,Low
DEV-003676,False,Low
DEV-003677,False,Low
DEV-003678,False,Low
DEV-003679,False,Low
DEV-003680,False,Low
DEV-003681,False,Low
DEV-003682,False,Low
DEV-003683,False,Low
DEV-003684,False,Low
DEV-003685,False,Low
DEV-003686,False,Medium
DEV-003687,False,Medium
DEV-003688,False,Low
DEV-003689,False,Medium
DEV-003690,False,Low
DEV-003691,False,Low
DEV-003692,False,Low
DEV-003693,False,Low
DEV-003694,False,Medium
DEV-003695,False,Low
DEV-003696,False,Low
DEV-003697,False,Low
DEV-003698,False,Low
DEV-003699,True,High
DEV-003700,False,Low
DEV-003701,False,Low
DEV-003702,False,Low
DEV-003703,False,Low
DEV-003704,False,Low
DEV-003705,False,Low
DEV-003706,False,Low
DEV-003707,False,Low
DEV-003708,False,Low
DEV-003709,False,Low
DEV-003710,True,Medium
DEV-003711,False,Low
DEV-003712,False,Medium
DEV-003713,False,Low
DEV-003714,False,Medium
DEV-003715,False,Low
DEV-003716,False,Low
DEV-003717,False,Low
DEV-003718,False,Low
DEV-003719,False,Low
DEV-003720,False,Low
DEV-003721,False,Low
DEV-003722,False,Low
DEV-003723,False,Low
DEV-003724,False,Low
DEV-003725,False,Low
DEV-003726,False,Medium
DEV-003727,False,Low
DEV-003728,False,Low
DEV-003729,False,Low
DEV-003730,False,Low
DEV-003731,True,High
DEV-003732,True,Medium
DEV-003733,False,Medium
DEV-003734,False,Low
DEV-003735,False,Low
DEV-003736,False,Low
DEV-003737,False,Low
DEV-003738,False,Low
DEV-003739,False,Low
DEV-003740,False,Low
DEV-003741,False,Low
DEV-003742,False,Medium
DEV-003743,False,Low
DEV-003744,False,Low
DEV-003745,False,Medium
DEV-003746,False,Low
DEV-003747,False,Low
DEV-003748,False,Low
DEV-003749,False,Low
DEV-003750,False,Medium
DEV-003751,False,Low
DEV-003752,False,Low
DEV-003753,False,Low
DEV-003754,False,Low
DEV-003755,False,Medium
DEV-003756,True,Medium
DEV-003757,False,Low
DEV-003758,False,Low
DEV-003759,False,Low
DEV-003760,False,Low
DEV-003761,False,Low
DEV-003762,False,Low
DEV-003763,False,Low
DEV-003764,False,Low
DEV-003765,False,Low
DEV-003766,False,Low
DEV-003767,False,Low
DEV-003768,False,Low
DEV-003769,False,Low
DEV-003770,False,Low
DEV-003771,False,Low
DEV-003772,False,Low
DEV-003773,False,Low
DEV-003774,False,Low
DEV-003775,False,Low
DEV-003776,False,Low
DEV-003777,False,Medium
DEV-003778,False,Low
DEV-003779,False,Low
DEV-003780,False,Low
DEV-003781,True,High
DEV-003782,False,Medium
DEV-003783,False,Low
DEV-003784,False,Low
DEV-003785,False,Low
DEV-003786,False,Low
DEV-003787,False,Low
DEV-003788,False,Low
DEV-003789,False,Low
DEV-003790,False,Low
DEV-003791,False,Low
DEV-003792,False,Low
DEV-003793,False,Low
DEV-003794,False,Low
DEV-003795,False,Low
DEV-003796,False,Low
DEV-003797,False,Low
DEV-003798,False,Low
DEV-003799,False,Low
DEV-003800,False,Low
DEV-003801,False,Low
DEV-003802,False,Medium
DEV-003803,False,Low
DEV-003804,False,Low
DEV-003805,False,Low
DEV-003806,False,Low
DEV-003807,False,Low
DEV-003808,False,Low
DEV-003809,False,Low
DEV-003810,False,Low
DEV-003811,False,Low
DEV-003812,False,Low
DEV-003813,False,Low
DEV-003814,False,Low
DEV-003815,False,Low
DEV-003816,False,Low
DEV-003817,False,Low
DEV-003818,False,Low
DEV-003819,False,Low
DEV-003820,False,Low
DEV-003821,False,Low
DEV-003822,False,Low
DEV-003823,False,Low
DEV-003824,False,Low
DEV-003825,False,Low
DEV-003826,True,Medium
DEV-003827,False,Low
DEV-003828,False,Medium
DEV-003829,False,Low
DEV-003830,False,Low
DEV-003831,False,Low
DEV-003832,False,Low
DEV-003833,False,Low
DEV-003834,False,Medium
DEV-003835,False,Low
DEV-003836,False,Low
DEV-003837,False,Low
DEV-003838,True,High
DEV-003839,False,Low
DEV-003840,False,Low
DEV-003841,False,Low
DEV-003842,False,Low
DEV-003843,False,Low
DEV-003844,False,Low
DEV-003845,False,Low
DEV-003846,False,Low
DEV-003847,False,Low
DEV-003848,False,Low
DEV-003849,False,Low
DEV-003850,False,Low
DEV-003851,True,High
DEV-003852,False,Low
DEV-003853,False,Medium
DEV-003854,False,Low
DEV-003855,False,Low
DEV-003856,False,Low
DEV-003857,False,Low
DEV-003858,False,Low
DEV-003859,False,Low
DEV-003860,False,Low
DEV-003861,False,Low
DEV-003862,False,Low
DEV-003863,False,Low
DEV-003864,False,Low
DEV-003865,False,Low
DEV-003866,False,Low
DEV-003867,False,Low
DEV-003868,False,Low
DEV-003869,False,Low
DEV-003870,False,Low
DEV-003871,False,Low
DEV-003872,False,Low
DEV-003873,False,Low
DEV-003874,False,Low
DEV-003875,False,Low
DEV-003876,False,Low
DEV-003877,False,Low
DEV-003878,False,Low
DEV-003879,False,Low
DEV-003880,False,Low
DEV-003881,False,Low
DEV-003882,False,Low
DEV-003883,True,High
DEV-003884,False,Low
DEV-003885,True,High
DEV-003886,False,Low
DEV-003887,True,High
DEV-003888,False,Low
DEV-003889,False,Medium
DEV-003890,False,Low
DEV-003891,False,Low
DEV-003892,False,Medium
DEV-003893,False,Low
DEV-003894,False,Low
DEV-003895,False,Low
DEV-003896,False,Low
DEV-003897,False,Low
DEV-003898,False,Medium
DEV-003899,False,Low
DEV-003900,False,Low
DEV-003901,False,Low
DEV-003902,True,Medium
DEV-003903,False,Low
DEV-003904,False,Low
DEV-003905,False,Low
DEV-003906,False,Low
DEV-003907,False,Low
DEV-003908,False,Low
DEV-003909,False,Medium
DEV-003910,False,Low
DEV-003911,False,Low
DEV-003912,False,Low
DEV-003913,False,Low
DEV-003914,False,Low
DEV-003915,False,Low
DEV-003916,False,Low
DEV-003917,False,Low
DEV-003918,False,Low
DEV-003919,False,Low
DEV-003920,False,Low
DEV-003921,False,Low
DEV-003922,False,Low
DEV-003923,False,Low
DEV-003924,True,High
DEV-003925,False,Low
DEV-003926,False,Medium
DEV-003927,False,Low
DEV-003928,False,Low
DEV-003929,False,Medium
DEV-003930,False,Low
DEV-003931,False,Low
DEV-003932,False,Low
DEV-003933,False,Low
DEV-003934,False,Low
DEV-003935,False,Low
DEV-003936,False,Medium
DEV-003937,False,Low
DEV-003938,False,Low
DEV-003939,False,Low
DEV-003940,False,Low
DEV-003941,False,Low
DEV-003942,False,Low
DEV-003943,True,Medium
DEV-003944,False,Low
DEV-003945,False,Low
DEV-003946,False,Low
DEV-003947,False,Medium
DEV-003948,False,Low
DEV-003949,False,Low
DEV-003950,False,Medium
DEV-003951,False,Low
DEV-003952,False,Low
DEV-003953,False,Low
DEV-003954,False,Low
DEV-003955,True,Medium
DEV-003956,False,Low
DEV-003957,True,High
DEV-003958,False,Low
DEV-003959,False,Low
DEV-003960,False,Low
DEV-003961,False,Low
DEV-003962,False,Low
DEV-003963,False,Low
DEV-003964,False,Low
DEV-003965,False,Low
DEV-003966,False,Low
DEV-003967,False,Low
DEV-003968,False,Low
DEV-003969,False,Low
DEV-003970,False,Low
DEV-003971,False,Low
DEV-003972,False,Low
DEV-003973,False,Low
DEV-003974,False,Low
DEV-003975,False,Low
DEV-003976,False,Low
DEV-003977,False,Low
DEV-003978,False,Low
DEV-003979,False,Low
DEV-003980,False,Low
DEV-003981,False,Low
DEV-003982,False,Low
DEV-003983,False,Low
DEV-003984,False,Low
DEV-003985,False,Low
DEV-003986,False,Low
DEV-003987,False,Low
DEV-003988,False,Low
DEV-003989,False,Low
DEV-003990,False,Low
DEV-003991,True,High
DEV-003992,False,Medium
DEV-003993,False,Low
DEV-003994,False,Low
DEV-003995,False,Medium
DEV-003996,False,Medium
DEV-003997,False,Low
DEV-003998,False,Low
DEV-003999,False,Low
DEV-004000,False,Low
DEV-004001,False,Low
DEV-004002,False,Low
DEV-004003,False,Low
DEV-004004,False,Low
DEV-004005,False,Low
DEV-004006,False,Low
DEV-004007,False,Low
DEV-004008,False,Low
DEV-004009,False,Low
DEV-004010,True,High
DEV-004011,False,Low
DEV-004012,False,Low
DEV-004013,False,Low
DEV-004014,False,Low
DEV-004015,False,Low
DEV-004016,False,Medium
DEV-004017,False,Low
DEV-004018,False,Low
DEV-004019,False,Medium
DEV-004020,False,Medium
DEV-004021,False,Low
DEV-004022,False,Low
DEV-004023,False,Medium
DEV-004024,False,Low
DEV-004025,False,Medium
DEV-004026,False,Low
DEV-004027,False,Low
DEV-004028,False,Low
DEV-004029,False,Low
DEV-004030,False,Low
DEV-004031,False,Low
DEV-004032,False,Low
DEV-004033,False,Low
DEV-004034,False,Medium
DEV-004035,False,Low
DEV-004036,False,Low
DEV-004037,True,Medium
DEV-004038,False,Medium
DEV-004039,False,Low
DEV-004040,False,Low
DEV-004041,False,Low
DEV-004042,False,Low
DEV-004043,False,Low
DEV-004044,False,Low
DEV-004045,False,Low
DEV-004046,False,Low
DEV-004047,False,Medium
DEV-004048,True,High
DEV-004049,False,Low
DEV-004050,False,Low
DEV-004051,False,Low
DEV-004052,False,Low
DEV-004053,False,Low
DEV-004054,False,Low
DEV-004055,False,Low
DEV-004056,False,Low
DEV-004057,False,Low
DEV-004058,False,Low
DEV-004059,False,Low
DEV-004060,True,High
DEV-004061,False,Low
DEV-004062,False,Low
DEV-004063,False,Low
DEV-004064,False,Low
DEV-004065,False,Low
DEV-004066,False,Low
DEV-004067,False,Low
DEV-004068,False,Medium
DEV-004069,False,Low
DEV-004070,False,Low
DEV-004071,False,Low
DEV-004072,False,Low
DEV-004073,False,Low
DEV-004074,False,Medium
DEV-004075,False,Low
DEV-004076,False,Low
DEV-004077,True,High
DEV-004078,False,Medium
DEV-004079,False,Low
DEV-004080,False,Low
DEV-004081,False,Low
DEV-004082,False,Low
DEV-004083,False,Low
DEV-004084,False,Low
DEV-004085,False,Low
DEV-004086,False,Low
DEV-004087,False,Low
DEV-004088,True,High
DEV-004089,False,Low
DEV-004090,False,Medium
DEV-004091,False,Low
DEV-004092,False,Medium
DEV-004093,False,Low
DEV-004094,False,Low
DEV-004095,False,Low
DEV-004096,False,Low
DEV-004097,False,Low
DEV-004098,False,Low
DEV-004099,False,Low
DEV-004100,False,Low
DEV-004101,False,Low
DEV-004102,False,Low
DEV-004103,False,Low
DEV-004104,False,Low
DEV-004105,False,Low
DEV-004106,False,Medium
DEV-004107,False,Low
DEV-004108,True,Medium
DEV-004109,False,Low
DEV-004110,True,High
DEV-004111,False,Low
DEV-004112,False,Medium
DEV-004113,False,Low
DEV-004114,False,Low
DEV-004115,False,Medium
DEV-004116,False,Low
DEV-004117,False,Low
DEV-004118,False,Low
DEV-004119,False,Low
DEV-004120,False,Low
DEV-004121,False,Medium
DEV-004122,False,Low
DEV-004123,False,Low
DEV-004124,False,Low
DEV-004125,False,Low
DEV-004126,False,Low
DEV-004127,False,Low
DEV-004128,False,Low
DEV-004129,False,Low
DEV-004130,False,Low
DEV-004131,False,Low
DEV-004132,False,Low
DEV-004133,False,Low
DEV-004134,False,Low
DEV-004135,False,Low
DEV-004136,False,Low
DEV-004137,False,Low
DEV-004138,False,Low
DEV-004139,False,Low
DEV-004140,True,High
DEV-004141,False,Medium
DEV-004142,False,Low
DEV-004143,False,Low
DEV-004144,False,Low
DEV-004145,False,Low
DEV-004146,False,Medium
DEV-004147,False,Low
DEV-004148,True,High
DEV-004149,False,Low
DEV-004150,False,Low
DEV-004151,False,Low
DEV-004152,False,Low
DEV-004153,False,Low
DEV-004154,False,Low
DEV-004155,False,Low
DEV-004156,False,Low
DEV-004157,False,Low
DEV-004158,False,Low
DEV-004159,False,Low
DEV-004160,False,Low
DEV-004161,False,Low
DEV-004162,False,Low
DEV-004163,False,Low
DEV-004164,False,Low
DEV-004165,False,Low
DEV-004166,False,Low
DEV-004167,False,Low
DEV-004168,False,Low
DEV-004169,False,Low
DEV-004170,False,Low
DEV-004171,False,Low
DEV-004172,False,Low
DEV-004173,False,Low
DEV-004174,False,Low
DEV-004175,False,Low
DEV-004176,False,Low
DEV-004177,False,Low
DEV-004178,False,Low
DEV-004179,True,High
DEV-004180,True,High
DEV-004181,False,Low
DEV-004182,False,Low
DEV-004183,False,Low
DEV-004184,False,Low
DEV-004185,True,Medium
DEV-004186,False,Low
DEV-004187,False,Low
DEV-004188,False,Low
DEV-004189,False,Low
DEV-004190,False,Low
DEV-004191,False,Low
DEV-004192,False,Low
DEV-004193,False,Low
DEV-004194,False,Low
DEV-004195,False,Low
DEV-004196,False,Low
DEV-004197,False,Low
DEV-004198,False,Low
DEV-004199,False,Low
DEV-004200,False,Low
DEV-004201,True,High
DEV-004202,False,Low
DEV-004203,False,Low
DEV-004204,False,Low
DEV-004205,False,Low
DEV-004206,False,Medium
DEV-004207,False,Low
DEV-004208,False,Low
DEV-004209,False,Low
DEV-004210,False,Low
DEV-004211,False,Low
DEV-004212,False,Low
DEV-004213,False,Low
DEV-004214,False,Medium
DEV-004215,False,Low
DEV-004216,False,Low
DEV-004217,False,Low
DEV-004218,False,Low
DEV-004219,True,High
DEV-004220,False,Low
DEV-004221,False,Low
DEV-004222,False,Low
DEV-004223,False,Low
DEV-004224,False,Low
DEV-004225,False,Low
DEV-004226,False,Low
DEV-004227,False,Low
DEV-004228,False,Low
DEV-004229,False,Low
DEV-004230,False,Low
DEV-004231,False,Low
DEV-004232,False,Low
DEV-004233,False,Low
DEV-004234,False,Low
DEV-004235,False,Medium
DEV-004236,False,Low
DEV-004237,False,Low
DEV-004238,False,Low
DEV-004239,False,Low
DEV-004240,False,Low
DEV-004241,False,Low
DEV-004242,False,Low
DEV-004243,False,Low
DEV-004244,False,Low
DEV-004245,False,Low
DEV-004246,False,Low
DEV-004247,False,Low
DEV-004248,False,Low
DEV-004249,False,Low
DEV-004250,False,Low
DEV-004251,True,High
DEV-004252,False,Medium
DEV-004253,False,Low
DEV-004254,False,Low
DEV-004255,False,Medium
DEV-004256,False,Low
DEV-004257,False,Low
DEV-004258,False,Low
DEV-004259,False,Low
DEV-004260,False,Low
DEV-004261,False,Low
DEV-004262,False,Low
DEV-004263,False,Low
DEV-004264,False,Low
DEV-004265,False,Medium
DEV-004266,False,Low
DEV-004267,False,Low
DEV-004268,False,Low
DEV-004269,False,Low
DEV-004270,False,Medium
DEV-004271,False,Low
DEV-004272,False,Low
DEV-004273,False,Low
DEV-004274,False,Low
DEV-004275,False,Low
DEV-004276,False,Low
DEV-004277,False,Low
DEV-004278,False,Low
DEV-004279,False,Low
DEV-004280,False,Low
DEV-004281,False,Low
DEV-004282,False,Low
DEV-004283,False,Low
DEV-004284,False,Low
DEV-004285,False,Medium
DEV-004286,False,Low
DEV-004287,False,Medium
DEV-004288,False,Low
DEV-004289,False,Low
DEV-004290,False,Low
DEV-004291,False,Low
DEV-004292,False,Low
DEV-004293,False,Low
DEV-004294,False,Low
DEV-004295,False,Low
DEV-004296,False,Medium
DEV-004297,False,Low
DEV-004298,False,Low
DEV-004299,False,Low
DEV-004300,False,Medium
DEV-004301,False,Low
DEV-004302,False,Low
DEV-004303,False,Low
DEV-004304,False,Low
DEV-004305,False,Low
DEV-004306,False,Low
DEV-004307,False,Low
DEV-004308,False,Low
DEV-004309,False,Low
DEV-004310,False,Low
DEV-004311,False,Low
DEV-004312,False,Medium
DEV-004313,False,Low
DEV-004314,False,Low
DEV-004315,False,Low
DEV-004316,True,High
DEV-004317,True,Medium
DEV-004318,False,Low
DEV-004319,False,Medium
DEV-004320,False,Low
DEV-004321,False,Low
DEV-004322,False,Low
DEV-004323,False,Low
DEV-004324,False,Low
DEV-004325,False,Low
DEV-004326,False,Low
DEV-004327,False,Low
DEV-004328,False,Low
DEV-004329,False,Low
DEV-004330,False,Low
DEV-004331,False,Low
DEV-004332,False,Medium
DEV-004333,False,Low
DEV-004334,False,Medium
DEV-004335,False,Low
DEV-004336,False,Low
DEV-004337,False,Low
DEV-004338,False,Low
DEV-004339,False,Low
DEV-004340,False,Low
DEV-004341,False,Low
DEV-004342,False,Low
DEV-004343,False,Low
DEV-004344,False,Low
DEV-004345,False,Low
DEV-004346,False,Low
DEV-004347,False,Low
DEV-004348,False,Low
DEV-004349,False,Low
DEV-004350,False,Medium
DEV-004351,False,Low
DEV-004352,False,Low
DEV-004353,False,Low
DEV-004354,False,Low
DEV-004355,False,Low
DEV-004356,False,Low
DEV-004357,False,Low
DEV-004358,False,Low
DEV-004359,False,Low
DEV-004360,False,Low
DEV-004361,True,Medium
DEV-004362,False,Low
DEV-004363,False,Low
DEV-004364,False,Low
DEV-004365,False,Low
DEV-004366,False,Low
DEV-004367,False,Medium
DEV-004368,False,Low
DEV-004369,False,Low
DEV-004370,False,Low
DEV-004371,False,Low
DEV-004372,False,Low
DEV-004373,False,Low
DEV-004374,False,Low
DEV-004375,False,Low
DEV-004376,False,Low
DEV-004377,False,Low
DEV-004378,False,Low
DEV-004379,False,Medium
DEV-004380,False,Low
DEV-004381,False,Low
DEV-004382,False,Low
DEV-004383,False,Low
DEV-004384,False,Low
DEV-004385,False,Low
DEV-004386,False,Low
DEV-004387,False,Low
DEV-004388,False,Low
DEV-004389,False,Low
DEV-004390,False,Low
DEV-004391,False,Low
DEV-004392,False,Low
DEV-004393,False,Low
DEV-004394,True,High
DEV-004395,False,Low
DEV-004396,False,Low
DEV-004397,False,Low
DEV-004398,False,Low
DEV-004399,False,Low
DEV-004400,True,High
DEV-004401,False,Low
DEV-004402,False,Low
DEV-004403,False,Low
DEV-004404,False,Low
DEV-004405,False,Low
DEV-004406,False,Low
DEV-004407,False,Low
DEV-004408,False,Low
DEV-004409,False,Low
DEV-004410,False,Low
DEV-004411,False,Low
DEV-004412,False,Low
DEV-004413,False,Low
DEV-004414,False,Low
DEV-004415,False,Low
DEV-004416,False,Low
DEV-004417,False,Low
DEV-004418,False,Low
DEV-004419,False,Low
DEV-004420,False,Low
DEV-004421,False,Low
DEV-004422,False,Low
DEV-004423,False,Low
DEV-004424,False,Low
DEV-004425,False,Low
DEV-004426,False,Low
DEV-004427,False,Low
DEV-004428,False,Low
DEV-004429,False,Low
DEV-004430,False,Low
DEV-004431,False,Low
DEV-004432,False,Low
DEV-004433,False,Low
DEV-004434,False,Low
DEV-004435,False,Low
DEV-004436,False,Low
DEV-004437,False,Low
DEV-004438,False,Medium
DEV-004439,False,Low
DEV-004440,False,Low
DEV-004441,False,Low
DEV-004442,False,Medium
DEV-004443,False,Low
DEV-004444,False,Low
DEV-004445,False,Low
DEV-004446,False,Low
DEV-004447,False,Low
DEV-004448,False,Low
DEV-004449,False,Low
DEV-004450,False,Low
DEV-004451,False,Low
DEV-004452,False,Low
DEV-004453,False,Medium
DEV-004454,False,Low
DEV-004455,False,Low
DEV-004456,False,Low
DEV-004457,False,Medium
DEV-004458,False,Low
DEV-004459,False,Low
DEV-004460,False,Low
DEV-004461,False,Low
DEV-004462,False,Low
DEV-004463,False,Low
DEV-004464,False,Low
DEV-004465,False,Low
DEV-004466,False,Low
DEV-004467,False,Low
DEV-004468,True,High
DEV-004469,False,Low
DEV-004470,False,Low
DEV-004471,False,Low
DEV-004472,False,Low
DEV-004473,False,Low
DEV-004474,False,Low
DEV-004475,False,Low
DEV-004476,False,Low
DEV-004477,True,High
DEV-004478,False,Low
DEV-004479,False,Low
DEV-004480,False,Low
DEV-004481,False,Low
DEV-004482,False,Low
DEV-004483,False,Low
DEV-004484,False,Low
DEV-004485,False,Low
DEV-004486,False,Low
DEV-004487,False,Low
DEV-004488,False,Low
DEV-004489,False,Low
DEV-004490,False,Low
DEV-004491,False,Medium
DEV-004492,False,Low
DEV-004493,False,Low
DEV-004494,False,Low
DEV-004495,False,Low
DEV-004496,True,High
DEV-004497,False,Low
DEV-004498,False,Low
DEV-004499,False,Low
DEV-004500,False,Low
DEV-004501,False,Low
DEV-004502,False,Medium
DEV-004503,False,Low
DEV-004504,False,Low
DEV-004505,False,Low
DEV-004506,True,Medium
DEV-004507,False,Low
DEV-004508,False,Low
DEV-004509,False,Low
DEV-004510,True,Medium
DEV-004511,False,Low
DEV-004512,False,Low
DEV-004513,False,Low
DEV-004514,False,Low
DEV-004515,False,Low
DEV-004516,True,Medium
DEV-004517,False,Low
DEV-004518,False,Low
DEV-004519,False,Low
DEV-004520,False,Low
DEV-004521,False,Low
DEV-004522,False,Low
DEV-004523,False,Low
DEV-004524,False,Low
DEV-004525,False,Low
DEV-004526,False,Low
DEV-004527,False,Low
DEV-004528,True,High
DEV-004529,False,Medium
DEV-004530,False,Low
DEV-004531,False,Low
DEV-004532,False,Low
DEV-004533,False,Low
DEV-004534,False,Low
DEV-004535,False,Low
DEV-004536,True,High
DEV-004537,False,Low
DEV-004538,False,Low
DEV-004539,False,Low
DEV-004540,False,Low
DEV-004541,False,Low
DEV-004542,False,Low
DEV-004543,False,Low
DEV-004544,False,Low
DEV-004545,False,Low
DEV-004546,False,Low
DEV-004547,False,Low
DEV-004548,False,Low
DEV-004549,False,Low
DEV-004550,False,Low
DEV-004551,False,Low
DEV-004552,False,Low
DEV-004553,False,Low
DEV-004554,False,Low
DEV-004555,False,Low
DEV-004556,False,Medium
DEV-004557,False,Low
DEV-004558,False,Low
DEV-004559,False,Low
DEV-004560,False,Low
DEV-004561,False,Low
DEV-004562,False,Low
DEV-004563,False,Low
DEV-004564,False,Low
DEV-004565,False,Low
DEV-004566,False,Low
DEV-004567,False,Medium
DEV-004568,False,Low
DEV-004569,False,Low
DEV-004570,False,Low
DEV-004571,False,Low
DEV-004572,False,Low
DEV-004573,False,Low
DEV-004574,False,Low
DEV-004575,False,Low
DEV-004576,True,Medium
DEV-004577,False,Low
DEV-004578,False,Low
DEV-004579,False,Low
DEV-004580,True,Medium
DEV-004581,False,Low
DEV-004582,False,Low
DEV-004583,False,Low
DEV-004584,False,Low
DEV-004585,False,Low
DEV-004586,False,Low
DEV-004587,False,Low
DEV-004588,False,Low
DEV-004589,False,Medium
DEV-004590,False,Low
DEV-004591,False,Low
DEV-004592,False,Low
DEV-004593,False,Medium
DEV-004594,False,Low
DEV-004595,False,Low
DEV-004596,False,Low
DEV-004597,False,Low
DEV-004598,False,Low
DEV-004599,False,Low
DEV-004600,False,Low
DEV-004601,False,Low
DEV-004602,False,Low
DEV-004603,False,Low
DEV-004604,False,Low
DEV-004605,False,Low
DEV-004606,False,Low
DEV-004607,False,Low
DEV-004608,False,Low
DEV-004609,False,Medium
DEV-004610,False,Medium
DEV-004611,False,Low
DEV-004612,False,Low
DEV-004613,False,Low
DEV-004614,False,Low
DEV-004615,True,Medium
DEV-004616,False,Low
DEV-004617,False,Low
DEV-004618,False,Low
DEV-004619,False,Low
DEV-004620,False,Low
DEV-004621,False,Low
DEV-004622,False,Low
DEV-004623,False,Low
DEV-004624,False,Low
DEV-004625,False,Low
DEV-004626,False,Low
DEV-004627,False,Low
DEV-004628,False,Low
DEV-004629,False,Low
DEV-004630,False,Low
DEV-004631,False,Low
DEV-004632,False,Low
DEV-004633,False,Low
DEV-004634,False,Low
DEV-004635,False,Low
DEV-004636,False,Low
DEV-004637,False,Low
DEV-004638,False,Low
DEV-004639,False,Low
DEV-004640,False,Low
DEV-004641,False,Medium
DEV-004642,False,Low
DEV-004643,False,Low
DEV-004644,False,Low
DEV-004645,False,Medium
DEV-004646,False,Low
DEV-004647,False,Low
DEV-004648,False,Low
DEV-004649,False,Low
DEV-004650,False,Low
DEV-004651,False,Low
DEV-004652,False,Low
DEV-004653,False,Low
DEV-004654,False,Low
DEV-004655,False,Medium
DEV-004656,False,Medium
DEV-004657,False,Low
DEV-004658,False,Low
DEV-004659,False,Low
DEV-004660,False,Low
DEV-004661,False,Low
DEV-004662,False,Low
DEV-004663,False,Low
DEV-004664,False,Low
DEV-004665,False,Low
DEV-004666,False,Low
DEV-004667,False,Low
DEV-004668,False,Medium
DEV-004669,False,Low
DEV-004670,False,Low
DEV-004671,False,Low
DEV-004672,False,Low
DEV-004673,False,Low
DEV-004674,False,Low
DEV-004675,False,Low
DEV-004676,False,Low
DEV-004677,False,Low
DEV-004678,False,Low
DEV-004679,True,Medium
DEV-004680,False,Low
DEV-004681,False,Medium
DEV-004682,False,Low
DEV-004683,False,Low
DEV-004684,False,Low
DEV-004685,False,Low
DEV-004686,False,Medium
DEV-004687,False,Low
DEV-004688,False,Low
DEV-004689,False,Low
DEV-004690,False,Low
DEV-004691,False,Medium
DEV-004692,False,Low
DEV-004693,False,Low
DEV-004694,False,Low
DEV-004695,False,Low
DEV-004696,False,Low
DEV-004697,False,Low
DEV-004698,True,Medium
DEV-004699,False,Low
DEV-004700,False,Low
DEV-004701,False,Low
DEV-004702,False,Low
DEV-004703,False,Low
DEV-004704,False,Low
DEV-004705,False,Low
DEV-004706,False,Low
DEV-004707,True,High
DEV-004708,False,Low
DEV-004709,False,Low
DEV-004710,False,Low
DEV-004711,False,Low
DEV-004712,False,Medium
DEV-004713,False,Low
DEV-004714,True,Medium
DEV-004715,True,High
DEV-004716,False,Low
DEV-004717,False,Low
DEV-004718,False,Medium
DEV-004719,False,Low
DEV-004720,False,Low
DEV-004721,False,Low
DEV-004722,False,Low
DEV-004723,False,Low
DEV-004724,False,Low
DEV-004725,False,Low
DEV-004726,False,Low
DEV-004727,False,Low
DEV-004728,False,Low
DEV-004729,True,High
DEV-004730,False,Low
DEV-004731,True,High
DEV-004732,False,Low
DEV-004733,False,Low
DEV-004734,False,Low
DEV-004735,False,Low
DEV-004736,False,Low
DEV-004737,False,Low
DEV-004738,False,Low
DEV-004739,False,Low
DEV-004740,False,Low
DEV-004741,False,Low
DEV-004742,False,Low
DEV-004743,False,Low
DEV-004744,False,Low
DEV-004745,False,Medium
DEV-004746,False,Low
DEV-004747,False,Low
DEV-004748,False,Low
DEV-004749,False,Low
DEV-004750,True,High
DEV-004751,False,Low
DEV-004752,False,Low
DEV-004753,False,Low
DEV-004754,False,Low
DEV-004755,False,Low
DEV-004756,False,Low
DEV-004757,False,Medium
DEV-004758,False,Medium
DEV-004759,False,Low
DEV-004760,True,High
DEV-004761,False,Low
DEV-004762,False,Low
DEV-004763,False,Low
DEV-004764,False,Low
DEV-004765,True,High
DEV-004766,False,Low
DEV-004767,False,Low
DEV-004768,False,Low
DEV-004769,False,Low
DEV-004770,False,Low
DEV-004771,False,Low
DEV-004772,False,Low
DEV-004773,False,Low
DEV-004774,False,Low
DEV-004775,False,Low
DEV-004776,False,Low
DEV-004777,False,Low
DEV-004778,False,Low
DEV-004779,False,Low
DEV-004780,False,Low
DEV-004781,False,Low
DEV-004782,False,Low
DEV-004783,False,Low
DEV-004784,False,Low
DEV-004785,False,Medium
DEV-004786,False,Medium
DEV-004787,False,Low
DEV-004788,False,Low
DEV-004789,False,Low
DEV-004790,False,Low
DEV-004791,False,Low
DEV-004792,False,Low
DEV-004793,False,Low
DEV-004794,False,Low
DEV-004795,False,Low
DEV-004796,False,Low
DEV-004797,False,Low
DEV-004798,False,Low
DEV-004799,False,Low
DEV-004800,False,Low
DEV-004801,False,Low
DEV-004802,False,Low
DEV-004803,False,Low
DEV-004804,False,Low
DEV-004805,False,Medium
DEV-004806,False,Low
DEV-004807,False,Low
DEV-004808,False,Low
DEV-004809,False,Low
DEV-004810,False,Low
DEV-004811,False,Low
DEV-004812,False,Low
DEV-004813,False,Low
DEV-004814,False,Low
DEV-004815,False,Low
DEV-004816,False,Low
DEV-004817,False,Low
DEV-004818,False,Low
DEV-004819,False,Low
DEV-004820,False,Low
DEV-004821,False,Low
DEV-004822,False,Low
DEV-004823,False,Low
DEV-004824,False,Medium
DEV-004825,False,Low
DEV-004826,False,Low
DEV-004827,False,Low
DEV-004828,False,Low
DEV-004829,False,Low
DEV-004830,False,Low
DEV-004831,False,Low
DEV-004832,False,Low
DEV-004833,True,High
DEV-004834,False,Low
DEV-004835,False,Low
DEV-004836,False,Medium
DEV-004837,False,Low
DEV-004838,False,Low
DEV-004839,False,Low
DEV-004840,False,Low
DEV-004841,False,Low
DEV-004842,False,Low
DEV-004843,False,Low
DEV-004844,False,Low
DEV-004845,False,Low
DEV-004846,False,Low
DEV-004847,False,Low
DEV-004848,False,Low
DEV-004849,False,Low
DEV-004850,False,Low
DEV-004851,True,High
DEV-004852,False,Low
DEV-004853,False,Low
DEV-004854,False,Medium
DEV-004855,False,Low
DEV-004856,False,Low
DEV-004857,False,Low
DEV-004858,False,Low
DEV-004859,False,Low
DEV-004860,False,Low
DEV-004861,False,Low
DEV-004862,False,Medium
DEV-004863,False,Low
DEV-004864,False,Low
DEV-004865,False,Low
DEV-004866,False,Low
DEV-004867,False,Medium
DEV-004868,False,Low
DEV-004869,False,Low
DEV-004870,False,Low
DEV-004871,False,Low
DEV-004872,False,Low
DEV-004873,False,Low
DEV-004874,False,Low
DEV-004875,False,Low
DEV-004876,False,Low
DEV-004877,False,Low
DEV-004878,False,Low
DEV-004879,False,Medium
DEV-004880,False,Low
DEV-004881,False,Low
DEV-004882,False,Low
DEV-004883,False,Low
DEV-004884,False,Medium
DEV-004885,False,Low
DEV-004886,False,Low
DEV-004887,False,Low
DEV-004888,False,Low
DEV-004889,False,Low
DEV-004890,False,Low
DEV-004891,False,Low
DEV-004892,False,Low
DEV-004893,False,Low
DEV-004894,False,Low
DEV-004895,False,Low
DEV-004896,False,Low
DEV-004897,False,Low
DEV-004898,False,Low
DEV-004899,False,Low
DEV-004900,False,Low
DEV-004901,False,Low
DEV-004902,False,Medium
DEV-004903,False,Low
DEV-004904,False,Low
DEV-004905,False,Low
DEV-004906,False,Low
DEV-004907,False,Low
DEV-004908,False,Low
DEV-004909,False,Low
DEV-004910,False,Low
DEV-004911,False,Medium
DEV-004912,False,Low
DEV-004913,False,Low
DEV-004914,False,Low
DEV-004915,False,Medium
DEV-004916,False,Low
DEV-004917,False,Low
DEV-004918,False,Medium
DEV-004919,False,Low
DEV-004920,False,Low
DEV-004921,False,Low
DEV-004922,False,Low
DEV-004923,False,Low
DEV-004924,False,Medium
DEV-004925,False,Low
DEV-004926,False,Low
DEV-004927,False,Low
DEV-004928,False,Low
DEV-004929,False,Low
DEV-004930,False,Low
DEV-004931,False,Low
DEV-004932,False,Low
DEV-004933,False,Low
DEV-004934,False,Low
DEV-004935,False,Low
DEV-004936,False,Low
DEV-004937,False,Low
DEV-004938,False,Low
DEV-004939,False,Low
DEV-004940,False,Low
DEV-004941,False,Low
DEV-004942,False,Low
DEV-004943,False,Low
DEV-004944,False,Low
DEV-004945,False,Low
DEV-004946,False,Low
DEV-004947,False,Low
DEV-004948,False,Medium
DEV-004949,False,Low
DEV-004950,False,Low
DEV-004951,False,Medium
DEV-004952,False,Low
DEV-004953,False,Low
DEV-004954,True,High
DEV-004955,False,Low
DEV-004956,False,Low
DEV-004957,False,Low
DEV-004958,True,High
DEV-004959,False,Low
DEV-004960,False,Low
DEV-004961,False,Low
DEV-004962,False,Low
DEV-004963,False,Low
DEV-004964,False,Low
DEV-004965,False,Low
DEV-004966,False,Low
DEV-004967,False,Low
DEV-004968,False,Medium
DEV-004969,False,Medium
DEV-004970,False,Low
DEV-004971,False,Low
DEV-004972,False,Low
DEV-004973,False,Low
DEV-004974,False,Low
DEV-004975,False,Low
DEV-004976,False,Low
DEV-004977,False,Low
DEV-004978,False,Low
DEV-004979,False,Low
DEV-004980,False,Low
DEV-004981,False,Low
DEV-004982,False,Low
DEV-004983,True,Medium
DEV-004984,False,Low
DEV-004985,False,Low
DEV-004986,False,Low
DEV-004987,False,Low
DEV-004988,False,Low
DEV-004989,False,Low
DEV-004990,False,Low
DEV-004991,False,Low
DEV-004992,False,Low
DEV-004993,False,Low
DEV-004994,False,Low
DEV-004995,False,Low
DEV-004996,False,Low
DEV-004997,False,Medium
DEV-004998,True,High
DEV-004999,False,Low
DEV-005000,False,Low
DEV-005001,False,Low
DEV-005002,False,Low
DEV-005003,False,Low
DEV-005004,False,Medium
DEV-005005,False,Low
DEV-005006,False,Low
DEV-005007,False,Low
DEV-005008,False,Low
DEV-005009,False,Low
DEV-005010,False,Low
DEV-005011,False,Medium
DEV-005012,False,Medium
DEV-005013,False,Low
DEV-005014,False,Medium
DEV-005015,False,Low
DEV-005016,False,Low
DEV-005017,False,Low
DEV-005018,False,Low
DEV-005019,False,Low
DEV-005020,False,Low
DEV-005021,False,Low
DEV-005022,False,Low
DEV-005023,False,Low
DEV-005024,False,Low
DEV-005025,False,Medium
DEV-005026,False,Low
DEV-005027,False,Low
DEV-005028,False,Low
DEV-005029,True,High
DEV-005030,False,Low
DEV-005031,False,Low
DEV-005032,False,Low
DEV-005033,False,Low
DEV-005034,False,Low
DEV-005035,False,Low
DEV-005036,False,Low
DEV-005037,False,Low
DEV-005038,False,Low
DEV-005039,False,Low
DEV-005040,False,Low
DEV-005041,True,High
DEV-005042,False,Low
DEV-005043,False,Low
DEV-005044,False,Low
DEV-005045,False,Low
DEV-005046,False,Low
DEV-005047,False,Low
DEV-005048,False,Medium
DEV-005049,False,Low
DEV-005050,False,Low
DEV-005051,False,Medium
DEV-005052,False,Medium
DEV-005053,False,Low
DEV-005054,False,Medium
DEV-005055,False,Low
DEV-005056,False,Low
DEV-005057,False,Low
DEV-005058,False,Low
DEV-005059,True,Medium
DEV-005060,False,Medium
DEV-005061,False,Low
DEV-005062,False,Low
DEV-005063,False,Low
DEV-005064,False,Low
DEV-005065,False,Low
DEV-005066,False,Low
DEV-005067,False,Low
DEV-005068,False,Low
DEV-005069,False,Low
DEV-005070,False,Low
DEV-005071,False,Low
DEV-005072,False,Low
DEV-005073,False,Low
DEV-005074,False,Low
DEV-005075,False,Low
DEV-005076,False,Low
DEV-005077,False,Low
DEV-005078,False,Low
DEV-005079,False,Low
DEV-005080,False,Low
DEV-005081,False,Low
DEV-005082,False,Low
DEV-005083,False,Low
DEV-005084,False,Low
DEV-005085,False,Low
DEV-005086,False,Low
DEV-005087,False,Low
DEV-005088,False,Low
DEV-005089,False,Low
DEV-005090,False,Low
DEV-005091,False,Low
DEV-005092,False,Low
DEV-005093,False,Low
DEV-005094,True,High
DEV-005095,False,Medium
DEV-005096,False,Medium
DEV-005097,False,Low
DEV-005098,False,Low
DEV-005099,False,Low
DEV-005100,False,Low
DEV-005101,False,Low
DEV-005102,False,Low
DEV-005103,False,Low
DEV-005104,False,Low
DEV-005105,False,Low
DEV-005106,False,Low
DEV-005107,False,Low
DEV-005108,False,Low
DEV-005109,False,Low
DEV-005110,False,Low
DEV-005111,False,Low
DEV-005112,False,Low
DEV-005113,False,Low
DEV-005114,False,Low
DEV-005115,False,Low
DEV-005116,True,High
DEV-005117,False,Low
DEV-005118,False,Low
DEV-005119,False,Low
DEV-005120,False,Medium
DEV-005121,False,Low
DEV-005122,False,Low
DEV-005123,False,Low
DEV-005124,False,Low
DEV-005125,False,Medium
DEV-005126,False,Low
DEV-005127,False,Low
DEV-005128,False,Low
DEV-005129,False,Medium
DEV-005130,False,Low
DEV-005131,False,Low
DEV-005132,False,Low
DEV-005133,False,Low
DEV-005134,False,Medium
DEV-005135,False,Low
DEV-005136,False,Low
DEV-005137,False,Low
DEV-005138,False,Low
DEV-005139,False,Low
DEV-005140,False,Low
DEV-005141,False,Low
DEV-005142,True,High
DEV-005143,False,Low
DEV-005144,False,Low
DEV-005145,False,Low
DEV-005146,False,Low
DEV-005147,False,Low
DEV-005148,False,Low
DEV-005149,False,Low
DEV-005150,False,Low
DEV-005151,False,Medium
DEV-005152,False,Low
DEV-005153,False,Low
DEV-005154,False,Low
DEV-005155,False,Medium
DEV-005156,False,Low
DEV-005157,False,Low
DEV-005158,False,Low
DEV-005159,False,Low
DEV-005160,True,High
DEV-005161,False,Low
DEV-005162,False,Low
DEV-005163,False,Low
DEV-005164,False,Low
DEV-005165,False,Low
DEV-005166,False,Low
DEV-005167,False,Medium
DEV-005168,False,Low
DEV-005169,False,Low
DEV-005170,False,Low
DEV-005171,False,Low
DEV-005172,False,Low
DEV-005173,False,Low
DEV-005174,True,Medium
DEV-005175,False,Medium
DEV-005176,False,Low
DEV-005177,False,Low
DEV-005178,False,Low
DEV-005179,False,Low
DEV-005180,False,Medium
DEV-005181,False,Low
DEV-005182,False,Low
DEV-005183,False,Low
DEV-005184,False,Low
DEV-005185,False,Low
DEV-005186,False,Low
DEV-005187,False,Low
DEV-005188,False,Low
DEV-005189,False,Low
DEV-005190,False,Medium
DEV-005191,False,Low
DEV-005192,False,Low
DEV-005193,False,Medium
DEV-005194,False,Low
DEV-005195,False,Medium
DEV-005196,False,Low
DEV-005197,False,Low
DEV-005198,False,Low
DEV-005199,False,Low
DEV-005200,False,Low
DEV-005201,False,Low
DEV-005202,False,Low
DEV-005203,False,Low
DEV-005204,False,Low
DEV-005205,False,Low
DEV-005206,False,Low
DEV-005207,False,Low
DEV-005208,False,Low
DEV-005209,False,Low
DEV-005210,False,Low
DEV-005211,False,Low
DEV-005212,False,Low
DEV-005213,False,Low
DEV-005214,False,Low
DEV-005215,False,Low
DEV-005216,False,Low
DEV-005217,False,Low
DEV-005218,False,Medium
DEV-005219,False,Low
DEV-005220,False,Medium
DEV-005221,False,Low
DEV-005222,False,Low
DEV-005223,False,Low
DEV-005224,False,Low
DEV-005225,False,Low
DEV-005226,False,Low
DEV-005227,False,Low
DEV-005228,False,Medium
DEV-005229,False,Low
DEV-005230,False,Low
DEV-005231,False,Low
DEV-005232,False,Low
DEV-005233,False,Low
DEV-005234,False,Low
DEV-005235,False,Medium
DEV-005236,False,Low
DEV-005237,False,Low
DEV-005238,False,Low
DEV-005239,False,Low
DEV-005240,False,Low
DEV-005241,False,Low
DEV-005242,False,Low
DEV-005243,False,Low
DEV-005244,False,Low
DEV-005245,False,Medium
DEV-005246,False,Low
DEV-005247,False,Low
DEV-005248,True,High
DEV-005249,False,Low
DEV-005250,False,Low
DEV-005251,False,Low
DEV-005252,False,Low
DEV-005253,False,Low
DEV-005254,False,Low
DEV-005255,False,Low
DEV-005256,False,Low
DEV-005257,False,Medium
DEV-005258,False,Low
DEV-005259,False,Medium
DEV-005260,False,Low
DEV-005261,False,Low
DEV-005262,False,Low
DEV-005263,False,Low
DEV-005264,False,Low
DEV-005265,False,Medium
DEV-005266,False,Low
DEV-005267,False,Medium
DEV-005268,False,Medium
DEV-005269,False,Low
DEV-005270,False,Low
DEV-005271,False,Low
DEV-005272,False,Medium
DEV-005273,False,Low
DEV-005274,False,Low
DEV-005275,False,Low
DEV-005276,False,Medium
DEV-005277,False,Low
DEV-005278,False,Low
DEV-005279,False,Low
DEV-005280,False,Low
DEV-005281,False,Low
DEV-005282,False,Low
DEV-005283,False,Low
DEV-005284,False,Low
DEV-005285,False,Low
DEV-005286,False,Low
DEV-005287,False,Low
DEV-005288,False,Low
DEV-005289,False,Low
DEV-005290,False,Low
DEV-005291,True,Medium
DEV-005292,False,Medium
DEV-005293,False,Low
DEV-005294,False,Medium
DEV-005295,False,Low
DEV-005296,False,Low
DEV-005297,False,Medium
DEV-005298,False,Low
DEV-005299,False,Low
DEV-005300,False,Low
DEV-005301,False,Low
DEV-005302,False,Low
DEV-005303,True,Medium
DEV-005304,False,Low
DEV-005305,False,Low
DEV-005306,False,Low
DEV-005307,False,Low
DEV-005308,False,Low
DEV-005309,False,Low
DEV-005310,False,Low
DEV-005311,False,Low
DEV-005312,False,Low
DEV-005313,False,Low
DEV-005314,False,Low
DEV-005315,False,Low
DEV-005316,False,Low
DEV-005317,False,Low
DEV-005318,False,Low
DEV-005319,False,Low
DEV-005320,True,Medium
DEV-005321,False,Low
DEV-005322,False,Low
DEV-005323,True,Medium
DEV-005324,False,Low
DEV-005325,False,Medium
DEV-005326,False,Low
DEV-005327,False,Low
DEV-005328,False,Low
DEV-005329,False,Low
DEV-005330,False,Low
DEV-005331,False,Low
DEV-005332,False,Low
DEV-005333,False,Low
DEV-005334,False,Low
DEV-005335,False,Low
DEV-005336,False,Low
DEV-005337,False,Low
DEV-005338,False,Low
DEV-005339,False,Medium
DEV-005340,False,Low
DEV-005341,False,Low
DEV-005342,False,Low
DEV-005343,False,Low
DEV-005344,False,Low
DEV-005345,False,Low
DEV-005346,False,Low
DEV-005347,False,Low
DEV-005348,False,Low
DEV-005349,False,Low
DEV-005350,False,Low
DEV-005351,False,Low
DEV-005352,False,Low
DEV-005353,False,Low
DEV-005354,False,Low
DEV-005355,False,Low
DEV-005356,False,Low
DEV-005357,False,Medium
DEV-005358,False,Low
DEV-005359,False,Low
DEV-005360,False,Low
DEV-005361,False,Low
DEV-005362,False,Low
DEV-005363,False,Low
DEV-005364,False,Low
DEV-005365,False,Low
DEV-005366,False,Low
DEV-005367,False,Low
DEV-005368,True,Medium
DEV-005369,False,Low
DEV-005370,False,Low
DEV-005371,False,Low
DEV-005372,False,Low
DEV-005373,False,Low
DEV-005374,False,Low
DEV-005375,False,Low
DEV-005376,False,Low
DEV-005377,False,Low
DEV-005378,False,Low
DEV-005379,False,Low
DEV-005380,False,Medium
DEV-005381,False,Low
DEV-005382,False,Low
DEV-005383,False,Low
DEV-005384,False,Low
DEV-005385,False,Low
DEV-005386,False,Medium
DEV-005387,False,Low
DEV-005388,False,Low
DEV-005389,False,Low
DEV-005390,True,High
DEV-005391,False,Low
DEV-005392,False,Low
DEV-005393,False,Low
DEV-005394,False,Low
DEV-005395,True,High
DEV-005396,False,Low
DEV-005397,False,Low
DEV-005398,False,Low
DEV-005399,False,Low
DEV-005400,False,Low
DEV-005401,False,Low
DEV-005402,True,Medium
DEV-005403,False,Low
DEV-005404,False,Low
DEV-005405,False,Low
DEV-005406,False,Low
DEV-005407,False,Low
DEV-005408,False,Low
DEV-005409,False,Low
DEV-005410,False,Medium
DEV-005411,False,Low
DEV-005412,False,Low
DEV-005413,False,Low
DEV-005414,False,Low
DEV-005415,False,Low
DEV-005416,False,Low
DEV-005417,False,Low
DEV-005418,False,Low
DEV-005419,False,Low
DEV-005420,False,Low
DEV-005421,False,Low
DEV-005422,False,Low
DEV-005423,False,Low
DEV-005424,False,Low
DEV-005425,False,Low
DEV-005426,False,Low
DEV-005427,False,Low
DEV-005428,False,Low
DEV-005429,False,Medium
DEV-005430,False,Low
DEV-005431,False,Low
DEV-005432,False,Low
DEV-005433,False,Low
DEV-005434,False,Low
DEV-005435,False,Low
DEV-005436,False,Low
DEV-005437,False,Low
DEV-005438,False,Low
DEV-005439,False,Low
DEV-005440,False,Low
DEV-005441,False,Low
DEV-005442,False,Low
DEV-005443,False,Low
DEV-005444,False,Low
DEV-005445,True,Medium
DEV-005446,False,Low
DEV-005447,False,Low
DEV-005448,False,Low
DEV-005449,False,Low
DEV-005450,False,Low
DEV-005451,False,Low
DEV-005452,False,Low
DEV-005453,False,Low
DEV-005454,False,Low
DEV-005455,False,Low
DEV-005456,False,Low
DEV-005457,False,Low
DEV-005458,False,Low
DEV-005459,False,Low
DEV-005460,False,Low
DEV-005461,True,Medium
DEV-005462,False,Low
DEV-005463,False,Low
DEV-005464,False,Low
DEV-005465,False,Low
DEV-005466,False,Low
DEV-005467,False,Low
DEV-005468,False,Low
DEV-005469,False,Low
DEV-005470,False,Low
DEV-005471,False,Low
DEV-005472,False,Low
DEV-005473,False,Low
DEV-005474,False,Low
DEV-005475,False,Low
DEV-005476,False,Low
DEV-005477,False,Low
DEV-005478,False,Medium
DEV-005479,False,Low
DEV-005480,False,Low
DEV-005481,False,Low
DEV-005482,False,Low
DEV-005483,False,Low
DEV-005484,False,Low
DEV-005485,False,Low
DEV-005486,False,Low
DEV-005487,True,Medium
DEV-005488,False,Low
DEV-005489,True,High
DEV-005490,False,Low
DEV-005491,False,Low
DEV-005492,False,Low
DEV-005493,False,Low
DEV-005494,False,Low
DEV-005495,False,Low
DEV-005496,False,Low
DEV-005497,False,Low
DEV-005498,False,Low
DEV-005499,False,Low
DEV-005500,False,Low
DEV-005501,False,Low
DEV-005502,False,Low
DEV-005503,False,Low
DEV-005504,False,Low
DEV-005505,False,Low
DEV-005506,False,Low
DEV-005507,False,Medium
DEV-005508,False,Low
DEV-005509,False,Low
DEV-005510,False,Low
DEV-005511,False,Low
DEV-005512,False,Low
DEV-005513,False,Low
DEV-005514,False,Low
DEV-005515,False,Low
DEV-005516,False,Low
DEV-005517,False,Low
DEV-005518,False,Low
DEV-005519,False,Low
DEV-005520,False,Low
DEV-005521,False,Low
DEV-005522,False,Low
DEV-005523,False,Low
DEV-005524,False,Low
DEV-005525,False,Low
DEV-005526,False,Low
DEV-005527,False,Medium
DEV-005528,False,Low
DEV-005529,False,Medium
DEV-005530,False,Low
DEV-005531,False,Low
DEV-005532,False,Low
DEV-005533,False,Low
DEV-005534,False,Low
DEV-005535,False,Low
DEV-005536,False,Low
DEV-005537,False,Low
DEV-005538,False,Medium
DEV-005539,False,Low
DEV-005540,False,Low
DEV-005541,False,Low
DEV-005542,False,Low
DEV-005543,False,Low
DEV-005544,False,Low
DEV-005545,False,Low
DEV-005546,False,Low
DEV-005547,False,Low
DEV-005548,False,Low
DEV-005549,False,Low
DEV-005550,False,Low
DEV-005551,False,Low
DEV-005552,False,Low
DEV-005553,False,Low
DEV-005554,False,Low
DEV-005555,False,Low
DEV-005556,False,Low
DEV-005557,False,Low
DEV-005558,False,Low
DEV-005559,False,Low
DEV-005560,False,Low
DEV-005561,False,Low
DEV-005562,False,Low
DEV-005563,False,Low
DEV-005564,False,Low
DEV-005565,False,Low
DEV-005566,False,Low
DEV-005567,False,Low
DEV-005568,False,Low
DEV-005569,False,Low
DEV-005570,False,Low
DEV-005571,False,Low
DEV-005572,False,Low
DEV-005573,False,Medium
DEV-005574,False,Low
DEV-005575,False,Low
DEV-005576,False,Low
DEV-005577,False,Low
DEV-005578,False,Low
DEV-005579,False,Low
DEV-005580,False,Low
DEV-005581,False,Low
DEV-005582,False,Low
DEV-005583,False,Low
DEV-005584,False,Low
DEV-005585,False,Medium
DEV-005586,False,Medium
DEV-005587,False,Low
DEV-005588,False,Low
DEV-005589,False,Low
DEV-005590,False,Low
DEV-005591,False,Low
DEV-005592,False,Low
DEV-005593,False,Low
DEV-005594,False,Low
DEV-005595,False,Low
DEV-005596,False,Low
DEV-005597,False,Low
DEV-005598,False,Low
DEV-005599,False,Low
DEV-005600,False,Low
DEV-005601,False,Low
DEV-005602,False,Medium
DEV-005603,False,Low
DEV-005604,False,Low
DEV-005605,False,Low
DEV-005606,False,Low
DEV-005607,False,Low
DEV-005608,False,Low
DEV-005609,False,Low
DEV-005610,False,Low
DEV-005611,False,Low
DEV-005612,False,Low
DEV-005613,False,Low
DEV-005614,False,Low
DEV-005615,False,Medium
DEV-005616,False,Low
DEV-005617,False,Low
DEV-005618,False,Low
DEV-005619,False,Low
DEV-005620,False,Low
DEV-005621,False,Low
DEV-005622,False,Low
DEV-005623,False,Low
DEV-005624,False,Low
DEV-005625,False,Low
DEV-005626,False,Medium
DEV-005627,False,Low
DEV-005628,False,Low
DEV-005629,False,Low
DEV-005630,False,Low
DEV-005631,False,Low
DEV-005632,False,Low
DEV-005633,False,Medium
DEV-005634,False,Low
DEV-005635,False,Low
DEV-005636,False,Low
DEV-005637,False,Low
DEV-005638,False,Low
DEV-005639,False,Low
DEV-005640,False,Low
DEV-005641,False,Low
DEV-005642,False,Low
DEV-005643,False,Low
DEV-005644,False,Medium
DEV-005645,False,Low
DEV-005646,False,Medium
DEV-005647,True,High
DEV-005648,False,Low
DEV-005649,False,Low
DEV-005650,False,Low
DEV-005651,False,Low
DEV-005652,False,Medium
DEV-005653,False,Low
DEV-005654,False,Low
DEV-005655,False,Low
DEV-005656,False,Low
DEV-005657,False,Low
DEV-005658,False,Low
DEV-005659,False,Low
DEV-005660,False,Low
DEV-005661,False,Low
DEV-005662,False,Low
DEV-005663,False,Low
DEV-005664,False,Low
DEV-005665,False,Low
DEV-005666,False,Low
DEV-005667,False,Medium
DEV-005668,False,Low
DEV-005669,False,Low
DEV-005670,False,Low
DEV-005671,False,Low
DEV-005672,False,Low
DEV-005673,False,Low
DEV-005674,False,Low
DEV-005675,False,Low
DEV-005676,False,Low
DEV-005677,False,Medium
DEV-005678,False,Low
DEV-005679,False,Low
DEV-005680,False,Low
DEV-005681,False,Low
DEV-005682,False,Medium
DEV-005683,False,Low
DEV-005684,False,Low
DEV-005685,False,Low
DEV-005686,False,Low
DEV-005687,False,Medium
DEV-005688,False,Low
DEV-005689,False,Low
DEV-005690,False,Low
DEV-005691,False,Low
DEV-005692,False,Low
DEV-005693,False,Low
DEV-005694,False,Low
DEV-005695,False,Low
DEV-005696,False,Low
DEV-005697,False,Low
DEV-005698,False,Low
DEV-005699,False,Low
DEV-005700,False,Low
DEV-005701,False,Low
DEV-005702,False,Low
DEV-005703,False,Low
DEV-005704,False,Low
DEV-005705,False,Low
DEV-005706,False,Low
DEV-005707,False,Low
DEV-005708,False,Low
DEV-005709,False,Low
DEV-005710,False,Medium
DEV-005711,False,Low
DEV-005712,False,Low
DEV-005713,False,Low
DEV-005714,False,Low
DEV-005715,False,Low
DEV-005716,False,Low
DEV-005717,False,Low
DEV-005718,False,Low
DEV-005719,False,Medium
DEV-005720,False,Low
DEV-005721,False,Low
DEV-005722,False,Low
DEV-005723,False,Low
DEV-005724,False,Low
DEV-005725,False,Low
DEV-005726,False,Low
DEV-005727,False,Low
DEV-005728,False,Low
DEV-005729,False,Low
DEV-005730,False,Low
DEV-005731,False,Low
DEV-005732,False,Medium
DEV-005733,False,Low
DEV-005734,False,Low
DEV-005735,False,Low
DEV-005736,False,Low
DEV-005737,False,Low
DEV-005738,False,Low
DEV-005739,False,Low
DEV-005740,False,Low
DEV-005741,False,Low
DEV-005742,False,Low
DEV-005743,False,Low
DEV-005744,False,Low
DEV-005745,False,Low
DEV-005746,False,Medium
DEV-005747,False,Low
DEV-005748,False,Low
DEV-005749,False,Low
DEV-005750,False,Low
DEV-005751,False,Low
DEV-005752,False,Low
DEV-005753,False,Low
DEV-005754,False,Low
DEV-005755,False,Low
DEV-005756,False,Low
DEV-005757,False,Low
DEV-005758,False,Low
DEV-005759,False,Low
DEV-005760,False,Low
DEV-005761,False,Low
DEV-005762,False,Low
DEV-005763,False,Low
DEV-005764,False,Low
DEV-005765,False,Low
DEV-005766,False,Low
DEV-005767,False,Low
DEV-005768,False,Low
DEV-005769,False,Low
DEV-005770,False,Low
DEV-005771,False,Low
DEV-005772,False,Low
DEV-005773,True,Medium
DEV-005774,False,Medium
DEV-005775,False,Low
DEV-005776,False,Medium
DEV-005777,False,Low
DEV-005778,False,Medium
DEV-005779,False,Low
DEV-005780,False,Low
DEV-005781,False,Low
DEV-005782,False,Low
DEV-005783,False,Low
DEV-005784,False,Low
DEV-005785,False,Low
DEV-005786,False,Low
DEV-005787,False,Low
DEV-005788,False,Low
DEV-005789,False,Medium
DEV-005790,False,Low
DEV-005791,False,Low
DEV-005792,False,Low
DEV-005793,False,Low
DEV-005794,True,High
DEV-005795,False,Low
DEV-005796,False,Low
DEV-005797,False,Low
DEV-005798,False,Low
DEV-005799,False,Low
DEV-005800,False,Low
DEV-005801,False,Low
DEV-005802,False,Low
DEV-005803,False,Low
DEV-005804,False,Low
DEV-005805,False,Low
DEV-005806,False,Low
DEV-005807,True,High
DEV-005808,False,Low
DEV-005809,False,Low
DEV-005810,False,Low
DEV-005811,False,Low
DEV-005812,False,Low
DEV-005813,False,Low
DEV-005814,False,Low
DEV-005815,False,Low
DEV-005816,False,Low
DEV-005817,False,Low
DEV-005818,False,Medium
DEV-005819,False,Low
DEV-005820,False,Low
DEV-005821,False,Low
DEV-005822,False,Low
DEV-005823,False,Low
DEV-005824,False,Low
DEV-005825,False,Low
DEV-005826,False,Low
DEV-005827,False,Low
DEV-005828,False,Low
DEV-005829,False,Low
DEV-005830,False,Low
DEV-005831,False,Low
DEV-005832,False,Low
DEV-005833,False,Medium
DEV-005834,False,Low
DEV-005835,False,Medium
DEV-005836,False,Low
DEV-005837,False,Low
DEV-005838,False,Low
DEV-005839,False,Low
DEV-005840,False,Low
DEV-005841,False,Low
DEV-005842,False,Low
DEV-005843,False,Low
DEV-005844,False,Low
DEV-005845,False,Low
DEV-005846,False,Low
DEV-005847,False,Low
DEV-005848,False,Low
DEV-005849,False,Low
DEV-005850,False,Low
DEV-005851,False,Low
DEV-005852,False,Low
DEV-005853,False,Medium
DEV-005854,False,Low
DEV-005855,False,Low
DEV-005856,False,Low
DEV-005857,False,Medium
DEV-005858,False,Low
DEV-005859,False,Low
DEV-005860,False,Low
DEV-005861,False,Low
DEV-005862,False,Low
DEV-005863,False,Low
DEV-005864,False,Low
DEV-005865,False,Low
DEV-005866,False,Low
DEV-005867,False,Low
DEV-005868,False,Low
DEV-005869,False,Low
DEV-005870,False,Low
DEV-005871,False,Medium
DEV-005872,False,Low
DEV-005873,False,Low
DEV-005874,False,Low
DEV-005875,False,Low
DEV-005876,False,Low
DEV-005877,False,Low
DEV-005878,False,Low
DEV-005879,False,Low
DEV-005880,False,Medium
DEV-005881,False,Low
DEV-005882,False,Low
DEV-005883,False,Low
DEV-005884,False,Low
DEV-005885,False,Medium
DEV-005886,True,High
DEV-005887,False,Low
DEV-005888,False,Low
DEV-005889,False,Low
DEV-005890,False,Low
DEV-005891,False,Low
DEV-005892,False,Low
DEV-005893,False,Low
DEV-005894,False,Low
DEV-005895,False,Low
DEV-005896,False,Low
DEV-005897,False,Low
DEV-005898,False,Low
DEV-005899,False,Low
DEV-005900,False,Low
DEV-005901,False,Low
DEV-005902,False,Low
DEV-005903,False,Low
DEV-005904,False,Low
DEV-005905,False,Low
DEV-005906,False,Low
DEV-005907,False,Medium
DEV-005908,False,Low
DEV-005909,False,Low
DEV-005910,False,Low
DEV-005911,False,Low
DEV-005912,False,Low
DEV-005913,False,Low
DEV-005914,False,Low
DEV-005915,False,Low
DEV-005916,False,Low
DEV-005917,False,Low
DEV-005918,False,Low
DEV-005919,False,Low
DEV-005920,False,Low
DEV-005921,False,Low
DEV-005922,False,Low
DEV-005923,False,Low
DEV-005924,False,Low
DEV-005925,False,Low
DEV-005926,False,Low
DEV-005927,False,Low
DEV-005928,False,Medium
DEV-005929,False,Low
DEV-005930,False,Low
DEV-005931,False,Low
DEV-005932,False,Low
DEV-005933,False,Low
DEV-005934,False,Low
DEV-005935,False,Low
DEV-005936,False,Low
DEV-005937,False,Low
DEV-005938,False,Low
DEV-005939,False,Low
DEV-005940,False,Low
DEV-005941,False,Low
DEV-005942,False,Low
DEV-005943,False,Low
DEV-005944,False,Low
DEV-005945,False,Low
DEV-005946,False,Low
DEV-005947,False,Low
DEV-005948,False,Low
DEV-005949,False,Low
DEV-005950,True,High
DEV-005951,False,Low
DEV-005952,False,Low
DEV-005953,False,Low
DEV-005954,False,Low
DEV-005955,False,Low
DEV-005956,False,Low
DEV-005957,False,Low
DEV-005958,False,Low
DEV-005959,False,Low
DEV-005960,False,Low
DEV-005961,False,Low
DEV-005962,False,Low
DEV-005963,False,Low
DEV-005964,False,Medium
DEV-005965,False,Low
DEV-005966,False,Low
DEV-005967,False,Low
DEV-005968,False,Low
DEV-005969,False,Low
DEV-005970,False,Low
DEV-005971,False,Low
DEV-005972,False,Medium
DEV-005973,False,Low
DEV-005974,False,Medium
DEV-005975,False,Low
DEV-005976,False,Low
DEV-005977,False,Low
DEV-005978,False,Low
DEV-005979,False,Low
DEV-005980,False,Low
DEV-005981,False,Low
DEV-005982,False,Low
DEV-005983,False,Low
DEV-005984,False,Low
DEV-005985,False,Low
DEV-005986,False,Low
DEV-005987,False,Low
DEV-005988,False,Low
DEV-005989,False,Low
DEV-005990,False,Low
DEV-005991,True,Medium
DEV-005992,False,Low
DEV-005993,False,Low
DEV-005994,False,Low
DEV-005995,False,Low
DEV-005996,False,Low
DEV-005997,False,Low
DEV-005998,False,Low
DEV-005999,False,Low
DEV-006000,False,Low
DEV-006001,False,Low
DEV-006002,False,Medium
DEV-006003,False,Low
DEV-006004,False,Low
DEV-006005,False,Low
DEV-006006,False,Low
DEV-006007,False,Medium
DEV-006008,False,Low
DEV-006009,False,Low
DEV-006010,False,Low
DEV-006011,False,Low
DEV-006012,False,Low
DEV-006013,False,Low
DEV-006014,False,Low
DEV-006015,False,Low
DEV-006016,False,Low
DEV-006017,False,Low
DEV-006018,False,Low
DEV-006019,False,Low
DEV-006020,False,Low
DEV-006021,False,Low
DEV-006022,False,Low
DEV-006023,False,Low
DEV-006024,False,Low
DEV-006025,False,Low
DEV-006026,False,Low
DEV-006027,False,Medium
DEV-006028,False,Low
DEV-006029,False,Medium
DEV-006030,False,Low
DEV-006031,False,Low
DEV-006032,True,Medium
DEV-006033,False,Medium
DEV-006034,False,Low
DEV-006035,False,Low
DEV-006036,False,Low
DEV-006037,False,Low
DEV-006038,False,Low
DEV-006039,False,Low
DEV-006040,False,Low
DEV-006041,False,Low
DEV-006042,False,Low
DEV-006043,False,Medium
DEV-006044,False,Low
DEV-006045,False,Low
DEV-006046,False,Low
DEV-006047,False,Low
DEV-006048,False,Low
DEV-006049,False,Low
DEV-006050,True,High
DEV-006051,False,Low
DEV-006052,False,Low
DEV-006053,False,Low
DEV-006054,False,Low
DEV-006055,False,Low
DEV-006056,False,Low
DEV-006057,False,Low
DEV-006058,False,Low
DEV-006059,False,Low
DEV-006060,False,Medium
DEV-006061,False,Low
DEV-006062,True,High
DEV-006063,False,Low
DEV-006064,False,Low
DEV-006065,False,Low
DEV-006066,False,Low
DEV-006067,False,Low
DEV-006068,False,Low
DEV-006069,False,Low
DEV-006070,False,Low
DEV-006071,False,Low
DEV-006072,False,Low
DEV-006073,False,Medium
DEV-006074,False,Low
DEV-006075,False,Low
DEV-006076,False,Low
DEV-006077,False,Low
DEV-006078,False,Low
DEV-006079,False,Low
DEV-006080,False,Low
DEV-006081,False,Low
DEV-006082,False,Low
DEV-006083,False,Low
DEV-006084,False,Low
DEV-006085,False,Low
DEV-006086,False,Low
DEV-006087,False,Low
DEV-006088,False,Low
DEV-006089,False,Low
DEV-006090,False,Low
DEV-006091,False,Low
DEV-006092,False,Low
DEV-006093,False,Low
DEV-006094,False,Low
DEV-006095,False,Low
DEV-006096,False,Low
DEV-006097,False,Low
DEV-006098,False,Medium
DEV-006099,False,Low
DEV-006100,False,Low
DEV-006101,False,Low
DEV-006102,False,Low
DEV-006103,False,Low
DEV-006104,False,Low
DEV-006105,False,Low
DEV-006106,False,Low
DEV-006107,False,Low
DEV-006108,False,Low
DEV-006109,False,Low
DEV-006110,False,Low
DEV-006111,False,Low
DEV-006112,False,Low
DEV-006113,False,Low
DEV-006114,False,Low
DEV-006115,False,Low
DEV-006116,False,Low
DEV-006117,False,Low
DEV-006118,False,Low
DEV-006119,False,Low
DEV-006120,False,Low
DEV-006121,False,Medium
DEV-006122,False,Medium
DEV-006123,True,High
DEV-006124,False,Low
DEV-006125,False,Low
DEV-006126,False,Low
DEV-006127,False,Low
DEV-006128,False,Low
DEV-006129,False,Low
DEV-006130,False,Low
DEV-006131,False,Low
DEV-006132,False,Low
DEV-006133,False,Low
DEV-006134,False,Low
DEV-006135,False,Low
DEV-006136,True,High
DEV-006137,False,Low
DEV-006138,False,Low
DEV-006139,False,Low
DEV-006140,False,Low
DEV-006141,False,Low
DEV-006142,False,Low
DEV-006143,True,High
DEV-006144,False,Low
DEV-006145,False,Low
DEV-006146,False,Low
DEV-006147,False,Low
DEV-006148,False,Low
DEV-006149,False,Low
DEV-006150,False,Low
DEV-006151,False,Low
DEV-006152,False,Low
DEV-006153,False,Low
DEV-006154,False,Low
DEV-006155,False,Low
DEV-006156,True,Medium
DEV-006157,False,Low
DEV-006158,False,Low
DEV-006159,False,Low
DEV-006160,False,Low
DEV-006161,False,Low
DEV-006162,False,Low
DEV-006163,False,Low
DEV-006164,False,Low
DEV-006165,False,Low
DEV-006166,False,Medium
DEV-006167,False,Low
DEV-006168,True,High
DEV-006169,False,Low
DEV-006170,False,Low
DEV-006171,False,Low
DEV-006172,False,Low
DEV-006173,False,Low
DEV-006174,False,Low
DEV-006175,True,High
DEV-006176,False,Low
DEV-006177,False,Low
DEV-006178,False,Low
DEV-006179,False,Low
DEV-006180,False,Low
DEV-006181,False,Low
DEV-006182,False,Low
DEV-006183,False,Medium
DEV-006184,False,Low
DEV-006185,False,Low
DEV-006186,False,Low
DEV-006187,False,Low
DEV-006188,False,Low
DEV-006189,False,Low
DEV-006190,False,Low
DEV-006191,False,Low
DEV-006192,False,Low
DEV-006193,False,Low
DEV-006194,False,Medium
DEV-006195,False,Low
DEV-006196,False,Low
DEV-006197,True,High
DEV-006198,False,Low
DEV-006199,False,Low
DEV-006200,False,Low
DEV-006201,False,Low
DEV-006202,False,Low
DEV-006203,False,Medium
DEV-006204,False,Low
DEV-006205,False,Low
DEV-006206,False,Low
DEV-006207,False,Low
DEV-006208,False,Low
DEV-006209,False,Low
DEV-006210,False,Low
DEV-006211,False,Low
DEV-006212,False,Low
DEV-006213,False,Low
DEV-006214,False,Low
DEV-006215,False,Low
DEV-006216,False,Low
DEV-006217,False,Low
DEV-006218,False,Low
DEV-006219,False,Low
DEV-006220,False,Low
DEV-006221,False,Medium
DEV-006222,False,Low
DEV-006223,False,Low
DEV-006224,False,Low
DEV-006225,False,Low
DEV-006226,False,Medium
DEV-006227,False,Low
DEV-006228,False,Low
DEV-006229,False,Low
DEV-006230,False,Low
DEV-006231,False,Low
DEV-006232,False,Low
DEV-006233,False,Low
DEV-006234,False,Low
DEV-006235,False,Low
DEV-006236,False,Low
DEV-006237,False,Low
DEV-006238,False,Low
DEV-006239,False,Low
DEV-006240,False,Low
DEV-006241,False,Low
DEV-006242,False,Low
DEV-006243,True,Medium
DEV-006244,False,Low
DEV-006245,True,High
DEV-006246,False,Low
DEV-006247,False,Low
DEV-006248,False,Low
DEV-006249,True,High
DEV-006250,False,Low
DEV-006251,False,Low
DEV-006252,False,Low
DEV-006253,False,Low
DEV-006254,False,Low
DEV-006255,False,Low
DEV-006256,False,Low
DEV-006257,False,Low
DEV-006258,False,Low
DEV-006259,False,Low
DEV-006260,True,High
DEV-006261,False,Low
DEV-006262,False,Low
DEV-006263,False,Low
DEV-006264,False,Low
DEV-006265,False,Low
DEV-006266,False,Low
DEV-006267,False,Low
DEV-006268,False,Low
DEV-006269,False,Low
DEV-006270,False,Low
DEV-006271,False,Low
DEV-006272,False,Low
DEV-006273,False,Low
DEV-006274,False,Medium
DEV-006275,False,Low
DEV-006276,False,Low
DEV-006277,True,Medium
DEV-006278,False,Low
DEV-006279,False,Low
DEV-006280,False,Low
DEV-006281,False,Medium
DEV-006282,False,Low
DEV-006283,False,Low
DEV-006284,False,Low
DEV-006285,False,Low
DEV-006286,False,Low
DEV-006287,False,Low
DEV-006288,False,Low
DEV-006289,False,Low
DEV-006290,False,Low
DEV-006291,False,Low
DEV-006292,False,Low
DEV-006293,False,Low
DEV-006294,False,Low
DEV-006295,False,Low
DEV-006296,False,Medium
DEV-006297,False,Low
DEV-006298,False,Low
DEV-006299,False,Low
DEV-006300,False,Low
DEV-006301,False,Low
DEV-006302,False,Low
DEV-006303,False,Low
DEV-006304,False,Low
DEV-006305,False,Low
DEV-006306,False,Low
DEV-006307,False,Low
DEV-006308,False,Low
DEV-006309,False,Low
DEV-006310,False,Low
DEV-006311,False,Low
DEV-006312,False,Low
DEV-006313,False,Low
DEV-006314,False,Low
DEV-006315,False,Low
DEV-006316,False,Low
DEV-006317,False,Low
DEV-006318,False,Low
DEV-006319,False,Low
DEV-006320,False,Low
DEV-006321,False,Low
DEV-006322,False,Low
DEV-006323,False,Medium
DEV-006324,False,Low
DEV-006325,False,Low
DEV-006326,False,Low
DEV-006327,False,Low
DEV-006328,False,Low
DEV-006329,False,Low
DEV-006330,False,Low
DEV-006331,False,Low
DEV-006332,False,Low
DEV-006333,False,Medium
DEV-006334,False,Low
DEV-006335,False,Low
DEV-006336,False,Low
DEV-006337,False,Low
DEV-006338,False,Low
DEV-006339,False,Low
DEV-006340,False,Low
DEV-006341,False,Low
DEV-006342,False,Low
DEV-006343,False,Low
DEV-006344,False,Low
DEV-006345,False,Low
DEV-006346,False,Low
DEV-006347,False,Low
DEV-006348,False,Medium
DEV-006349,False,Low
DEV-006350,False,Low
DEV-006351,False,Low
DEV-006352,False,Low
DEV-006353,False,Low
DEV-006354,False,Low
DEV-006355,False,Low
DEV-006356,False,Low
DEV-006357,False,Low
DEV-006358,False,Low
DEV-006359,False,Low
DEV-006360,False,Low
DEV-006361,False,Low
DEV-006362,False,Low
DEV-006363,False,Low
DEV-006364,False,Low
DEV-006365,False,Low
DEV-006366,False,Low
DEV-006367,False,Low
DEV-006368,False,Low
DEV-006369,False,Low
DEV-006370,False,Low
DEV-006371,False,Low
DEV-006372,True,High
DEV-006373,False,Low
DEV-006374,False,Low
DEV-006375,False,Low
DEV-006376,False,Low
DEV-006377,False,Medium
DEV-006378,False,Low
DEV-006379,False,Low
DEV-006380,False,Low
DEV-006381,False,Low
DEV-006382,False,Low
DEV-006383,False,Medium
DEV-006384,False,Low
DEV-006385,False,Low
DEV-006386,False,Low
DEV-006387,False,Low
DEV-006388,False,Low
DEV-006389,False,Low
DEV-006390,False,Low
DEV-006391,False,Medium
DEV-006392,True,High
DEV-006393,False,Low
DEV-006394,False,Low
DEV-006395,False,Medium
DEV-006396,False,Low
DEV-006397,False,Low
DEV-006398,False,Low
DEV-006399,False,Low
DEV-006400,False,Low
DEV-006401,False,Low
DEV-006402,False,Low
DEV-006403,False,Low
DEV-006404,False,Low
DEV-006405,False,Low
DEV-006406,False,Low
DEV-006407,False,Low
DEV-006408,False,Medium
DEV-006409,False,Medium
DEV-006410,False,Low
DEV-006411,False,Low
DEV-006412,False,Low
DEV-006413,False,Low
DEV-006414,False,Low
DEV-006415,False,Low
DEV-006416,False,Low
DEV-006417,False,Low
DEV-006418,False,Low
DEV-006419,False,Low
DEV-006420,False,Low
DEV-006421,False,Medium
DEV-006422,False,Medium
DEV-006423,False,Low
DEV-006424,False,Low
DEV-006425,False,Low
DEV-006426,False,Low
DEV-006427,False,Low
DEV-006428,False,Low
DEV-006429,False,Medium
DEV-006430,False,Low
DEV-006431,False,Low
DEV-006432,False,Low
DEV-006433,False,Low
DEV-006434,False,Low
DEV-006435,False,Low
DEV-006436,False,Low
DEV-006437,False,Low
DEV-006438,False,Low
DEV-006439,False,Low
DEV-006440,False,Medium
DEV-006441,False,Low
DEV-006442,False,Low
DEV-006443,False,Low
DEV-006444,False,Low
DEV-006445,False,Low
DEV-006446,False,Low
DEV-006447,False,Low
DEV-006448,False,Low
DEV-006449,False,Low
DEV-006450,False,Low
DEV-006451,True,Medium
DEV-006452,False,Low
DEV-006453,False,Low
DEV-006454,False,Low
DEV-006455,False,Low
DEV-006456,False,Low
DEV-006457,False,Low
DEV-006458,False,Low
DEV-006459,False,Low
DEV-006460,True,High
DEV-006461,False,Low
DEV-006462,False,Low
DEV-006463,False,Low
DEV-006464,False,Low
DEV-006465,False,Low
DEV-006466,False,Low
DEV-006467,False,Low
DEV-006468,False,Low
DEV-006469,False,Low
DEV-006470,False,Low
DEV-006471,True,High
DEV-006472,False,Low
DEV-006473,True,Medium
DEV-006474,False,Low
DEV-006475,False,Low
DEV-006476,False,Low
DEV-006477,False,Low
DEV-006478,False,Low
DEV-006479,False,Low
DEV-006480,False,Low
DEV-006481,False,Low
DEV-006482,False,Medium
DEV-006483,False,Low
DEV-006484,False,Low
DEV-006485,False,Low
DEV-006486,False,Low
DEV-006487,False,Low
DEV-006488,False,Low
DEV-006489,False,Low
DEV-006490,False,Low
DEV-006491,False,Low
DEV-006492,False,Medium
DEV-006493,False,Low
DEV-006494,False,Low
DEV-006495,False,Low
DEV-006496,False,Low
DEV-006497,False,Low
DEV-006498,False,Low
DEV-006499,False,Low
DEV-006500,False,Low
DEV-006501,False,Low
DEV-006502,False,Low
DEV-006503,False,Low
DEV-006504,False,Low
DEV-006505,False,Low
DEV-006506,False,Medium
DEV-006507,False,Low
DEV-006508,False,Low
DEV-006509,False,Low
DEV-006510,False,Medium
DEV-006511,False,Low
DEV-006512,False,Low
DEV-006513,False,Low
DEV-006514,False,Low
DEV-006515,False,Low
DEV-006516,False,Low
DEV-006517,False,Low
DEV-006518,False,Medium
DEV-006519,False,Medium
DEV-006520,False,Low
DEV-006521,False,Low
DEV-006522,False,Low
DEV-006523,False,Low
DEV-006524,False,Low
DEV-006525,False,Low
DEV-006526,False,Low
DEV-006527,False,Low
DEV-006528,False,Low
DEV-006529,False,Low
DEV-006530,False,Low
DEV-006531,False,Low
DEV-006532,False,Low
DEV-006533,False,Low
DEV-006534,False,Low
DEV-006535,False,Low
DEV-006536,False,Low
DEV-006537,False,Low
DEV-006538,False,Low
DEV-006539,True,High
DEV-006540,False,Medium
DEV-006541,False,Medium
DEV-006542,False,Low
DEV-006543,False,Low
DEV-006544,False,Low
DEV-006545,False,Low
DEV-006546,False,Low
DEV-006547,False,Low
DEV-006548,False,Low
DEV-006549,False,Low
DEV-006550,False,Low
DEV-006551,False,Low
DEV-006552,False,Low
DEV-006553,False,Low
DEV-006554,False,Low
DEV-006555,False,Low
DEV-006556,False,Low
DEV-006557,False,Low
DEV-006558,False,Low
DEV-006559,False,Low
DEV-006560,False,Low
DEV-006561,False,Low
DEV-006562,True,High
DEV-006563,False,Low
DEV-006564,False,Low
DEV-006565,False,Low
DEV-006566,False,Low
DEV-006567,False,Low
DEV-006568,False,Low
DEV-006569,False,Low
DEV-006570,False,Low
DEV-006571,False,Low
DEV-006572,False,Low
DEV-006573,False,Low
DEV-006574,False,Low
DEV-006575,False,Low
DEV-006576,True,Medium
DEV-006577,False,Low
DEV-006578,False,Low
DEV-006579,False,Medium
DEV-006580,False,Low
DEV-006581,False,Low
DEV-006582,False,Low
DEV-006583,False,Low
DEV-006584,False,Low
DEV-006585,False,Low
DEV-006586,False,Low
DEV-006587,False,Low
DEV-006588,False,Low
DEV-006589,False,Low
DEV-006590,False,Low
DEV-006591,False,Low
DEV-006592,False,Low
DEV-006593,False,Low
DEV-006594,False,Low
DEV-006595,False,Low
DEV-006596,False,Low
DEV-006597,False,Low
DEV-006598,False,Low
DEV-006599,False,Low
DEV-006600,True,High
DEV-006601,True,Medium
DEV-006602,True,High
DEV-006603,True,Medium
DEV-006604,True,Medium
DEV-006605,False,Low
DEV-006606,True,Medium
DEV-006607,True,High
DEV-006608,True,Medium
DEV-006609,False,Low
DEV-006610,True,High
DEV-006611,True,High
DEV-006612,False,Low
DEV-006613,False,Low
DEV-006614,False,Low
DEV-006615,False,Low
DEV-006616,True,Medium
DEV-006617,False,Low
DEV-006618,True,Medium
DEV-006619,False,Low
DEV-006620,False,Low
DEV-006621,False,Low
DEV-006622,False,Low
DEV-006623,False,Low
DEV-006624,True,Medium
DEV-006625,False,Low
DEV-006626,True,Medium
DEV-006627,True,High
DEV-006628,True,High
DEV-006629,True,High
DEV-006630,True,Medium
DEV-006631,False,Low
DEV-006632,False,Low
DEV-006633,True,High
DEV-006634,True,High
DEV-006635,True,Medium
DEV-006636,True,High
DEV-006637,False,Low
DEV-006638,True,High
DEV-006639,True,High
DEV-006640,True,High
DEV-006641,True,Medium
DEV-006642,False,Low
DEV-006643,True,Medium
DEV-006644,True,High
DEV-006645,True,Medium
DEV-006646,True,High
DEV-006647,True,High
DEV-006648,True,High
DEV-006649,False,Low
DEV-006650,True,Medium
DEV-006651,False,Low
DEV-006652,False,Low
DEV-006653,True,High
DEV-006654,True,High
DEV-006655,True,Medium
DEV-006656,False,Low
DEV-006657,False,Low
DEV-006658,True,Medium
DEV-006659,False,Low
DEV-006660,False,Low
DEV-006661,False,Low
DEV-006662,True,High
DEV-006663,False,Low
DEV-006664,False,Low
DEV-006665,False,Low
DEV-006666,True,Medium
DEV-006667,False,Low
DEV-006668,True,Medium
DEV-006669,False,Low
DEV-006670,True,High
DEV-006671,True,High
DEV-006672,False,Low
DEV-006673,True,High
DEV-006674,False,Low
DEV-006675,True,High
DEV-006676,True,High
DEV-006677,True,High
DEV-006678,False,Low
DEV-006679,False,Medium
DEV-006680,False,Low
DEV-006681,False,Low
DEV-006682,False,Low
DEV-006683,False,Low
DEV-006684,False,Medium
DEV-006685,False,Low
DEV-006686,True,Medium
DEV-006687,False,Low
DEV-006688,False,Low
DEV-006689,False,Low
DEV-006690,True,High
DEV-006691,True,Medium
DEV-006692,False,Low
DEV-006693,True,High
DEV-006694,True,High
DEV-006695,False,Low
DEV-006696,False,Low
DEV-006697,False,Low
DEV-006698,False,Low
DEV-006699,False,Low
DEV-006700,False,Low
DEV-006701,True,High
DEV-006702,False,Low
DEV-006703,True,High
DEV-006704,True,High
DEV-006705,True,High
DEV-006706,False,Low
DEV-006707,False,Low
DEV-006708,False,Low
DEV-006709,True,Medium
DEV-006710,True,Medium
DEV-006711,True,Medium
DEV-006712,False,Low
DEV-006713,False,Low
DEV-006714,True,Medium
DEV-006715,False,Low
DEV-006716,False,Low
DEV-006717,True,High
DEV-006718,True,High
DEV-006719,False,Low
DEV-006720,True,High
DEV-006721,False,Low
DEV-006722,True,High
DEV-006723,False,Low
DEV-006724,True,Medium
DEV-006725,False,Low
DEV-006726,False,Medium
DEV-006727,True,Medium
DEV-006728,True,High
DEV-006729,True,High
DEV-006730,False,Low
DEV-006731,True,High
DEV-006732,False,Low
DEV-006733,True,Medium
DEV-006734,True,Medium
DEV-006735,False,Low
DEV-006736,False,Low
DEV-006737,False,Low
DEV-006738,True,High
DEV-006739,True,Medium
DEV-006740,True,Medium
DEV-006741,False,Low
DEV-006742,False,Low
DEV-006743,False,Low
DEV-006744,False,Medium
DEV-006745,False,Low
DEV-006746,True,High
DEV-006747,False,Low
DEV-006748,True,High
DEV-006749,False,Low
DEV-006750,False,Low
DEV-006751,True,Medium
DEV-006752,True,High
DEV-006753,True,Medium
DEV-006754,False,Medium
DEV-006755,False,Low
DEV-006756,False,Low
DEV-006757,True,High
DEV-006758,False,Low
DEV-006759,False,Low
DEV-006760,False,Medium
DEV-006761,False,Low
DEV-006762,True,High
DEV-006763,False,Low
DEV-006764,False,Low
DEV-006765,True,Medium
DEV-006766,False,Low
DEV-006767,True,High
DEV-006768,False,Medium
DEV-006769,True,High
DEV-006770,False,Low
DEV-006771,True,High
DEV-006772,False,Low
DEV-006773,False,Low
DEV-006774,False,Low
DEV-006775,True,Medium
DEV-006776,False,Medium
DEV-006777,True,Medium
DEV-006778,False,Low
DEV-006779,False,Low
DEV-006780,False,Low
DEV-006781,True,Medium
DEV-006782,True,High
DEV-006783,False,Low
DEV-006784,False,Low
DEV-006785,False,Low
DEV-006786,False,Low
DEV-006787,False,Low
DEV-006788,False,Low
DEV-006789,True,High
DEV-006790,False,Low
DEV-006791,True,High
DEV-006792,False,Low
DEV-006793,False,Low
DEV-006794,False,Low
DEV-006795,True,High
DEV-006796,False,Low
DEV-006797,True,High
DEV-006798,False,Low
DEV-006799,True,High
DEV-006800,False,Low
DEV-006801,True,Medium
DEV-006802,False,Medium
DEV-006803,False,Low
DEV-006804,False,Low
DEV-006805,False,Low
DEV-006806,False,Low
DEV-006807,False,Low
DEV-006808,False,Low
DEV-006809,True,High
DEV-006810,False,Low
DEV-006811,False,Low
DEV-006812,False,Low
DEV-006813,True,Medium
DEV-006814,True,High
DEV-006815,True,High
DEV-006816,False,Low
DEV-006817,True,High
DEV-006818,False,Low
DEV-006819,False,Low
DEV-006820,False,Medium
DEV-006821,True,High
DEV-006822,False,Low
DEV-006823,True,High
DEV-006824,False,Low
DEV-006825,True,High
DEV-006826,False,Low
DEV-006827,True,Medium
DEV-006828,False,Low
DEV-006829,False,Low
DEV-006830,False,Low
DEV-006831,True,Medium
DEV-006832,False,Low
DEV-006833,True,Medium
DEV-006834,False,Low
DEV-006835,True,Medium
DEV-006836,False,Low
DEV-006837,False,Low
DEV-006838,False,Medium
DEV-006839,False,Low
DEV-006840,True,Medium
DEV-006841,True,High
DEV-006842,True,Medium
DEV-006843,True,Medium
DEV-006844,False,Low
DEV-006845,True,High
DEV-006846,True,High
DEV-006847,True,High
DEV-006848,True,High
DEV-006849,False,Medium
DEV-006850,False,Low
DEV-006851,False,Low
DEV-006852,True,High
DEV-006853,False,Medium
DEV-006854,True,Medium
DEV-006855,True,High
DEV-006856,False,Low
DEV-006857,False,Low
DEV-006858,True,Medium
DEV-006859,False,Low
DEV-006860,True,Medium
DEV-006861,False,Low
DEV-006862,True,Medium
DEV-006863,True,High
DEV-006864,False,Low
DEV-006865,True,Medium
DEV-006866,False,Low
DEV-006867,False,Low
DEV-006868,True,High
DEV-006869,False,Low
DEV-006870,True,Medium
DEV-006871,True,High
DEV-006872,True,High
DEV-006873,False,Low
DEV-006874,True,High
DEV-006875,False,Low
DEV-006876,False,Low
DEV-006877,False,Low
DEV-006878,False,Low
DEV-006879,False,Low
DEV-006880,True,High
DEV-006881,False,Low
DEV-006882,True,High
DEV-006883,True,High
DEV-006884,False,Low
DEV-006885,True,High
DEV-006886,True,Medium
DEV-006887,False,Low
DEV-006888,True,High
DEV-006889,False,Low
DEV-006890,False,Low
DEV-006891,True,Medium
DEV-006892,False,Low
DEV-006893,False,Low
DEV-006894,False,Low
DEV-006895,True,Medium
DEV-006896,False,Low
DEV-006897,False,Low
DEV-006898,True,Medium
DEV-006899,False,Low
DEV-006900,False,Low
DEV-006901,False,Low
DEV-006902,False,Low
DEV-006903,True,High
DEV-006904,True,High
DEV-006905,False,Low
DEV-006906,False,Low
DEV-006907,False,Low
DEV-006908,True,High
DEV-006909,False,Low
DEV-006910,True,High
DEV-006911,False,Low
DEV-006912,False,Low
DEV-006913,True,Medium
DEV-006914,True,Medium
DEV-006915,False,Low
DEV-006916,True,High
DEV-006917,True,High
DEV-006918,True,Medium
DEV-006919,True,High
DEV-006920,True,High
DEV-006921,True,High
DEV-006922,False,Low
DEV-006923,False,Medium
DEV-006924,False,Low
DEV-006925,False,Low
DEV-006926,True,Medium
DEV-006927,True,High
DEV-006928,False,Low
DEV-006929,False,Low
DEV-006930,False,Low
DEV-006931,False,Medium
DEV-006932,False,Low
DEV-006933,True,Medium
DEV-006934,False,Low
DEV-006935,False,Low
DEV-006936,False,Low
DEV-006937,False,Low
DEV-006938,False,Low
DEV-006939,False,Low
DEV-006940,False,Low
DEV-006941,True,Medium
DEV-006942,False,Low
DEV-006943,True,Medium
DEV-006944,False,Low
DEV-006945,False,Low
DEV-006946,True,High
DEV-006947,False,Low
DEV-006948,False,Low
DEV-006949,False,Low
DEV-006950,False,Low
DEV-006951,False,Low
DEV-006952,True,High
DEV-006953,False,Low
DEV-006954,False,Low
DEV-006955,False,Low
DEV-006956,True,High
DEV-006957,True,Medium
DEV-006958,True,High
DEV-006959,False,Medium
DEV-006960,False,Low
DEV-006961,False,Low
DEV-006962,True,Medium
DEV-006963,True,Medium
DEV-006964,True,Medium
DEV-006965,False,Low
DEV-006966,True,Medium
DEV-006967,True,High
DEV-006968,False,Low
DEV-006969,True,Medium
DEV-006970,False,Low
DEV-006971,False,Low
DEV-006972,False,Low
DEV-006973,False,Low
DEV-006974,True,High
DEV-006975,True,Medium
DEV-006976,False,Low
DEV-006977,True,High
DEV-006978,False,Low
DEV-006979,False,Low
DEV-006980,True,High
DEV-006981,True,Medium
DEV-006982,True,High
DEV-006983,False,Medium
DEV-006984,False,Low
DEV-006985,True,High
DEV-006986,True,High
DEV-006987,True,Medium
DEV-006988,False,Low
DEV-006989,False,Low
DEV-006990,True,High
DEV-006991,False,Low
DEV-006992,False,Low
DEV-006993,True,High
DEV-006994,False,Medium
DEV-006995,False,Medium
DEV-006996,False,Low
DEV-006997,True,High
DEV-006998,False,Low
DEV-006999,False,Medium
DEV-007000,False,Low
DEV-007001,True,High
DEV-007002,False,Low
DEV-007003,True,High
DEV-007004,False,Low
DEV-007005,True,Medium
DEV-007006,False,Low
DEV-007007,False,Low
DEV-007008,True,High
DEV-007009,True,High
DEV-007010,True,Medium
DEV-007011,False,Low
DEV-007012,True,High
DEV-007013,False,Low
DEV-007014,True,Medium
DEV-007015,False,Low
DEV-007016,True,High
DEV-007017,False,Low
DEV-007018,False,Low
DEV-007019,True,High
DEV-007020,False,Medium
DEV-007021,False,Low
DEV-007022,False,Low
DEV-007023,False,Low
DEV-007024,True,Medium
DEV-007025,False,Low
DEV-007026,True,High
DEV-007027,False,Low
DEV-007028,False,Low
DEV-007029,True,Medium
DEV-007030,False,Low
DEV-007031,True,High
DEV-007032,False,Low
DEV-007033,True,Medium
DEV-007034,False,Low
DEV-007035,False,Low
DEV-007036,False,Low
DEV-007037,False,Low
DEV-007038,True,High
DEV-007039,False,Low
DEV-007040,False,Low
DEV-007041,False,Low
DEV-007042,False,Low
DEV-007043,False,Low
DEV-007044,True,Medium
DEV-007045,False,Low
DEV-007046,False,Low
DEV-007047,True,Medium
DEV-007048,False,Low
DEV-007049,True,High
DEV-007050,False,Low
DEV-007051,False,Low
DEV-007052,True,Medium
DEV-007053,True,High
DEV-007054,True,High
DEV-007055,False,Low
DEV-007056,False,Low
DEV-007057,False,Low
DEV-007058,False,Low
DEV-007059,False,Low
DEV-007060,False,Low
DEV-007061,True,High
DEV-007062,False,Low
DEV-007063,True,High
DEV-007064,False,Low
DEV-007065,False,Low
DEV-007066,False,Low
DEV-007067,False,Low
DEV-007068,False,Low
DEV-007069,False,Medium
DEV-007070,False,Low
DEV-007071,False,Medium
DEV-007072,True,Medium
DEV-007073,False,Low
DEV-007074,False,Low
DEV-007075,True,High
DEV-007076,True,High
DEV-007077,True,Medium
DEV-007078,False,Low
DEV-007079,False,Low
DEV-007080,True,Medium
DEV-007081,False,Low
DEV-007082,True,High
DEV-007083,False,Low
DEV-007084,False,Low
DEV-007085,False,Low
DEV-007086,False,Low
DEV-007087,False,Low
DEV-007088,True,High
DEV-007089,False,Low
DEV-007090,True,Medium
DEV-007091,False,Low
DEV-007092,False,Low
DEV-007093,False,Low
DEV-007094,True,High
DEV-007095,True,High
DEV-007096,False,Low
DEV-007097,False,Low
DEV-007098,False,Medium
DEV-007099,True,High
DEV-007100,False,Low
DEV-007101,True,High
DEV-007102,True,Medium
DEV-007103,True,High
DEV-007104,False,Low
DEV-007105,False,Low
DEV-007106,False,Low
DEV-007107,False,Low
DEV-007108,False,Low
DEV-007109,False,Low
DEV-007110,True,High
DEV-007111,True,Medium
DEV-007112,False,Medium
DEV-007113,False,Medium
DEV-007114,False,Low
DEV-007115,True,Medium
DEV-007116,False,Low
DEV-007117,False,Low
DEV-007118,True,High
DEV-007119,False,Low
DEV-007120,False,Low
DEV-007121,False,Medium
DEV-007122,False,Low
DEV-007123,True,Medium
DEV-007124,True,High
DEV-007125,False,Low
DEV-007126,False,Low
DEV-007127,False,Low
DEV-007128,True,Medium
DEV-007129,False,Low
DEV-007130,True,High
DEV-007131,False,Low
DEV-007132,True,High
DEV-007133,False,Low
DEV-007134,False,Medium
DEV-007135,False,Low
DEV-007136,True,High
DEV-007137,False,Low
DEV-007138,True,High
DEV-007139,False,Low
DEV-007140,True,High
DEV-007141,False,Low
DEV-007142,False,Low
DEV-007143,False,Low
DEV-007144,False,Medium
DEV-007145,False,Medium
DEV-007146,False,Low
DEV-007147,True,Medium
DEV-007148,True,High
DEV-007149,False,Low
DEV-007150,True,Medium
DEV-007151,False,Low
DEV-007152,True,High
DEV-007153,True,Medium
DEV-007154,False,Low
DEV-007155,False,Low
DEV-007156,False,Low
DEV-007157,True,Medium
DEV-007158,False,Low
DEV-007159,False,Low
DEV-007160,False,Low
DEV-007161,True,High
DEV-007162,False,Low
DEV-007163,True,High
DEV-007164,False,Low
DEV-007165,False,Low
DEV-007166,False,Low
DEV-007167,False,Low
DEV-007168,False,Low
DEV-007169,False,Low
DEV-007170,True,High
DEV-007171,False,Low
DEV-007172,True,Medium
DEV-007173,True,High
DEV-007174,True,High
DEV-007175,True,Medium
DEV-007176,False,Low
DEV-007177,False,Low
DEV-007178,False,Low
DEV-007179,True,High
DEV-007180,True,High
DEV-007181,False,Low
DEV-007182,True,High
DEV-007183,True,High
DEV-007184,True,High
DEV-007185,False,Low
DEV-007186,False,Low
DEV-007187,False,Low
DEV-007188,False,Low
DEV-007189,True,High
DEV-007190,True,Medium
DEV-007191,False,Low
DEV-007192,True,Medium
DEV-007193,False,Low
DEV-007194,True,Medium
DEV-007195,False,Medium
DEV-007196,False,Low
DEV-007197,False,Low
DEV-007198,True,High
DEV-007199,False,Low
DEV-007200,True,High
DEV-007201,False,Low
DEV-007202,False,Low
DEV-007203,False,Low
DEV-007204,False,Low
DEV-007205,False,Low
DEV-007206,False,Low
DEV-007207,False,Low
DEV-007208,True,High
DEV-007209,False,Low
DEV-007210,False,Low
DEV-007211,True,High
DEV-007212,True,Medium
DEV-007213,True,High
DEV-007214,False,Low
DEV-007215,False,Low
DEV-007216,True,High
DEV-007217,True,High
DEV-007218,False,Low
DEV-007219,False,Low
DEV-007220,True,High
DEV-007221,False,Medium
DEV-007222,True,High
DEV-007223,True,Medium
DEV-007224,True,High
DEV-007225,False,Low
DEV-007226,False,Low
DEV-007227,False,Low
DEV-007228,True,Medium
DEV-007229,True,Medium
DEV-007230,False,Low
DEV-007231,True,Medium
DEV-007232,False,Low
DEV-007233,False,Low
DEV-007234,True,High
DEV-007235,True,High
DEV-007236,False,Medium
DEV-007237,True,High
DEV-007238,False,Low
DEV-007239,False,Low
DEV-007240,True,Medium
DEV-007241,False,Low
DEV-007242,True,High
DEV-007243,True,High
DEV-007244,True,High
DEV-007245,False,Low
DEV-007246,False,Low
DEV-007247,False,Low
DEV-007248,False,Low
DEV-007249,False,Medium
DEV-007250,True,High
DEV-007251,False,Low
DEV-007252,False,Low
DEV-007253,False,Low
DEV-007254,False,Low
DEV-007255,False,Low
DEV-007256,False,Low
DEV-007257,True,Medium
DEV-007258,False,Low
DEV-007259,False,Low
DEV-007260,False,Low
DEV-007261,True,Medium
DEV-007262,False,Low
DEV-007263,False,Medium
DEV-007264,True,High
DEV-007265,False,Medium
DEV-007266,True,Medium
DEV-007267,False,Low
DEV-007268,True,Medium
DEV-007269,False,Low
DEV-007270,True,High
DEV-007271,False,Low
DEV-007272,False,Low
DEV-007273,False,Low
DEV-007274,True,High
DEV-007275,True,High
DEV-007276,False,Low
DEV-007277,True,Medium
DEV-007278,True,High
DEV-007279,False,Medium
DEV-007280,False,Low
DEV-007281,True,Medium
DEV-007282,True,High
DEV-007283,False,Low
DEV-007284,False,Low
DEV-007285,True,High
DEV-007286,False,Low
DEV-007287,False,Medium
DEV-007288,True,High
DEV-007289,True,High
DEV-007290,True,Medium
DEV-007291,True,Medium
DEV-007292,False,Low
DEV-007293,False,Low
DEV-007294,True,High
DEV-007295,False,Low
DEV-007296,False,Low
DEV-007297,True,High
DEV-007298,False,Low
DEV-007299,True,Medium
DEV-007300,True,Medium
DEV-007301,False,Low
DEV-007302,False,Low
DEV-007303,True,Medium
DEV-007304,True,Medium
DEV-007305,True,Medium
DEV-007306,False,Low
DEV-007307,False,Low
DEV-007308,False,Low
DEV-007309,False,Low
DEV-007310,True,High
DEV-007311,False,Low
DEV-007312,False,Low
DEV-007313,False,Low
DEV-007314,True,Medium
DEV-007315,False,Low
DEV-007316,False,Low
DEV-007317,False,Low
DEV-007318,False,Low
DEV-007319,True,Medium
DEV-007320,False,Low
DEV-007321,False,Low
DEV-007322,False,Low
DEV-007323,False,Low
DEV-007324,False,Low
DEV-007325,False,Low
DEV-007326,False,Low
DEV-007327,False,Low
DEV-007328,True,High
DEV-007329,True,High
DEV-007330,True,High
DEV-007331,True,High
DEV-007332,False,Low
DEV-007333,True,High
DEV-007334,False,Low
DEV-007335,False,Low
DEV-007336,False,Low
DEV-007337,False,Low
DEV-007338,True,High
DEV-007339,False,Low
DEV-007340,False,Low
DEV-007341,False,Low
DEV-007342,False,Low
DEV-007343,False,Low
DEV-007344,False,Medium
DEV-007345,True,High
DEV-007346,False,Low
DEV-007347,True,Medium
DEV-007348,True,High
DEV-007349,False,Low
DEV-007350,True,High
DEV-007351,True,High
DEV-007352,False,Low
DEV-007353,True,Medium
DEV-007354,True,Medium
DEV-007355,True,Medium
DEV-007356,True,High
DEV-007357,False,Medium
DEV-007358,True,High
DEV-007359,False,Low
DEV-007360,False,Low
DEV-007361,True,High
DEV-007362,True,High
DEV-007363,True,Medium
DEV-007364,True,High
DEV-007365,False,Low
DEV-007366,False,Low
DEV-007367,False,Low
DEV-007368,False,Low
DEV-007369,True,Medium
DEV-007370,False,Low
DEV-007371,False,Low
DEV-007372,False,Low
DEV-007373,False,Low
DEV-007374,True,Medium
DEV-007375,False,Low
DEV-007376,True,Medium
DEV-007377,False,Low
DEV-007378,False,Low
DEV-007379,False,Low
DEV-007380,False,Low
DEV-007381,True,High
DEV-007382,True,High
DEV-007383,False,Low
DEV-007384,True,Medium
DEV-007385,False,Low
DEV-007386,True,Medium
DEV-007387,True,High
DEV-007388,False,Low
DEV-007389,False,Low
DEV-007390,False,Low
DEV-007391,True,High
DEV-007392,True,High
DEV-007393,False,Low
DEV-007394,True,High
DEV-007395,False,Low
DEV-007396,False,Low
DEV-007397,False,Low
DEV-007398,True,High
DEV-007399,False,Low
DEV-007400,True,High
DEV-007401,True,Medium
DEV-007402,True,Medium
DEV-007403,False,Low
DEV-007404,False,Low
DEV-007405,False,Low
DEV-007406,True,Medium
DEV-007407,False,Low
DEV-007408,True,High
DEV-007409,False,Low
DEV-007410,True,High
DEV-007411,True,High
DEV-007412,False,Low
DEV-007413,False,Low
DEV-007414,False,Low
DEV-007415,False,Low
DEV-007416,False,Low
DEV-007417,False,Low
DEV-007418,True,High
DEV-007419,False,Low
DEV-007420,True,High
DEV-007421,False,Low
DEV-007422,True,High
DEV-007423,False,Low
DEV-007424,True,High
DEV-007425,True,Medium
DEV-007426,False,Low
DEV-007427,False,Low
DEV-007428,True,High
DEV-007429,True,Medium
DEV-007430,True,High
DEV-007431,False,Low
DEV-007432,False,Low
DEV-007433,True,High
DEV-007434,False,Low
DEV-007435,True,High
DEV-007436,False,Low
DEV-007437,False,Low
DEV-007438,False,Low
DEV-007439,True,Medium
DEV-007440,False,Low
DEV-007441,False,Low
DEV-007442,False,Low
DEV-007443,False,Low
DEV-007444,True,High
DEV-007445,False,Low
DEV-007446,False,Low
DEV-007447,False,Low
DEV-007448,True,Medium
DEV-007449,False,Low
DEV-007450,True,High
DEV-007451,True,High
DEV-007452,True,Medium
DEV-007453,False,Low
DEV-007454,True,High
DEV-007455,True,Medium
DEV-007456,False,Low
DEV-007457,False,Low
DEV-007458,False,Low
DEV-007459,False,Low
DEV-007460,False,Low
DEV-007461,True,High
DEV-007462,False,Low
DEV-007463,True,High
DEV-007464,True,High
DEV-007465,False,Low
DEV-007466,True,Medium
DEV-007467,False,Low
DEV-007468,True,High
DEV-007469,False,Low
DEV-007470,False,Low
DEV-007471,True,Medium
DEV-007472,False,Low
DEV-007473,False,Low
DEV-007474,True,High
DEV-007475,False,Low
DEV-007476,False,Low
DEV-007477,True,High
DEV-007478,True,Medium
DEV-007479,False,Low
DEV-007480,False,Low
DEV-007481,False,Low
DEV-007482,True,High
DEV-007483,True,High
DEV-007484,False,Medium
DEV-007485,False,Low
DEV-007486,False,Low
DEV-007487,False,Low
DEV-007488,False,Low
DEV-007489,True,Medium
DEV-007490,False,Low
DEV-007491,False,Low
DEV-007492,True,High
DEV-007493,False,Low
DEV-007494,False,Low
DEV-007495,False,Low
DEV-007496,True,Medium
DEV-007497,False,Low
DEV-007498,True,High
DEV-007499,True,High
DEV-007500,False,Low
DEV-007501,False,Low
DEV-007502,True,Medium
DEV-007503,True,Medium
DEV-007504,True,Medium
DEV-007505,False,Medium
DEV-007506,True,High
DEV-007507,True,High
DEV-007508,False,Low
DEV-007509,False,Low
DEV-007510,False,Low
DEV-007511,False,Low
DEV-007512,False,Low
DEV-007513,False,Low
DEV-007514,False,Low
DEV-007515,False,Low
DEV-007516,False,Low
DEV-007517,False,Low
DEV-007518,True,Medium
DEV-007519,False,Low
DEV-007520,False,Low
DEV-007521,False,Low
DEV-007522,True,High
DEV-007523,False,Medium
DEV-007524,True,High
DEV-007525,True,High
DEV-007526,True,High
DEV-007527,True,High
DEV-007528,False,Low
DEV-007529,False,Low
DEV-007530,True,Medium
DEV-007531,False,Low
DEV-007532,False,Low
DEV-007533,False,Low
DEV-007534,False,Low
DEV-007535,True,High
DEV-007536,False,Low
DEV-007537,True,Medium
DEV-007538,False,Low
DEV-007539,False,Low
DEV-007540,False,Low
DEV-007541,True,High
DEV-007542,False,Low
DEV-007543,False,Low
DEV-007544,False,Low
DEV-007545,False,Low
DEV-007546,True,Medium
DEV-007547,True,Medium
DEV-007548,False,Low
DEV-007549,True,High
DEV-007550,False,Low
DEV-007551,False,Low
DEV-007552,True,Medium
DEV-007553,True,High
DEV-007554,False,Low
DEV-007555,False,Medium
DEV-007556,True,High
DEV-007557,True,Medium
DEV-007558,False,Low
DEV-007559,False,Low
DEV-007560,True,High
DEV-007561,False,Low
DEV-007562,False,Low
DEV-007563,True,High
DEV-007564,False,Low
DEV-007565,True,Medium
DEV-007566,False,Low
DEV-007567,True,High
DEV-007568,False,Low
DEV-007569,True,High
DEV-007570,True,Medium
DEV-007571,False,Low
DEV-007572,True,High
DEV-007573,True,High
DEV-007574,True,High
DEV-007575,True,Medium
DEV-007576,True,High
DEV-007577,True,High
DEV-007578,False,Low
DEV-007579,True,High
DEV-007580,False,Low
DEV-007581,False,Medium
DEV-007582,False,Low
DEV-007583,True,High
DEV-007584,False,Low
DEV-007585,False,Low
DEV-007586,False,Low
DEV-007587,False,Low
DEV-007588,False,Low
DEV-007589,False,Low
DEV-007590,False,Low
DEV-007591,False,Low
DEV-007592,True,High
DEV-007593,False,Low
DEV-007594,False,Medium
DEV-007595,True,Medium
DEV-007596,False,Low
DEV-007597,True,Medium
DEV-007598,False,Low
DEV-007599,True,High
DEV-007600,True,Medium
DEV-007601,True,Medium
DEV-007602,False,Low
DEV-007603,True,Medium
DEV-007604,False,Low
DEV-007605,False,Low
DEV-007606,False,Medium
DEV-007607,False,Low
DEV-007608,False,Low
DEV-007609,True,High
DEV-007610,True,High
DEV-007611,False,Low
DEV-007612,False,Low
DEV-007613,True,High
DEV-007614,False,Low
DEV-007615,False,Low
DEV-007616,True,High
DEV-007617,True,High
DEV-007618,False,Low
DEV-007619,True,Medium
DEV-007620,False,Low
DEV-007621,True,High
DEV-007622,False,Low
DEV-007623,False,Low
DEV-007624,True,High
DEV-007625,False,Low
DEV-007626,True,High
DEV-007627,True,Medium
DEV-007628,False,Low
DEV-007629,False,Medium
DEV-007630,False,Low
DEV-007631,True,Medium
DEV-007632,True,High
DEV-007633,False,Low
DEV-007634,False,Low
DEV-007635,True,High
DEV-007636,True,Medium
DEV-007637,True,Medium
DEV-007638,True,High
DEV-007639,False,Low
DEV-007640,False,Low
DEV-007641,False,Low
DEV-007642,True,High
DEV-007643,False,Low
DEV-007644,True,High
DEV-007645,False,Low
DEV-007646,False,Low
DEV-007647,True,High
DEV-007648,False,Low
DEV-007649,False,Low
DEV-007650,False,Low
DEV-007651,False,Low
DEV-007652,False,Low
DEV-007653,False,Low
DEV-007654,True,High
DEV-007655,True,High
DEV-007656,True,High
DEV-007657,False,Low
DEV-007658,False,Low
DEV-007659,True,Medium
DEV-007660,False,Low
DEV-007661,False,Low
DEV-007662,False,Low
DEV-007663,False,Low
DEV-007664,False,Low
DEV-007665,False,Low
DEV-007666,False,Low
DEV-007667,True,Medium
DEV-007668,False,Low
DEV-007669,True,Medium
DEV-007670,False,Low
DEV-007671,False,Low
DEV-007672,False,Low
DEV-007673,False,Low
DEV-007674,False,Low
DEV-007675,False,Low
DEV-007676,True,High
DEV-007677,True,Medium
DEV-007678,False,Medium
DEV-007679,True,Medium
DEV-007680,True,High
DEV-007681,True,High
DEV-007682,True,Medium
DEV-007683,False,Low
DEV-007684,False,Low
DEV-007685,True,High
DEV-007686,True,Medium
DEV-007687,False,Low
DEV-007688,False,Low
DEV-007689,True,Medium
DEV-007690,True,High
DEV-007691,False,Low
DEV-007692,False,Low
DEV-007693,False,Low
DEV-007694,False,Low
DEV-007695,True,Medium
DEV-007696,False,Low
DEV-007697,True,High
DEV-007698,True,Medium
DEV-007699,False,Low
DEV-007700,False,Low
DEV-007701,False,Low
DEV-007702,True,High
DEV-007703,False,Low
DEV-007704,False,Low
DEV-007705,True,High
DEV-007706,True,High
DEV-007707,True,High
DEV-007708,False,Medium
DEV-007709,False,Low
DEV-007710,False,Low
DEV-007711,False,Low
DEV-007712,False,Medium
DEV-007713,False,Low
DEV-007714,False,Low
DEV-007715,True,Medium
DEV-007716,True,High
DEV-007717,True,High
DEV-007718,False,Low
DEV-007719,False,Low
DEV-007720,False,Low
DEV-007721,False,Low
DEV-007722,False,Low
DEV-007723,False,Low
DEV-007724,True,High
DEV-007725,False,Low
DEV-007726,False,Low
DEV-007727,False,Low
DEV-007728,True,High
DEV-007729,True,Medium
DEV-007730,True,High
DEV-007731,True,Medium
DEV-007732,False,Low
DEV-007733,False,Low
DEV-007734,False,Low
DEV-007735,True,High
DEV-007736,True,High
DEV-007737,True,High
DEV-007738,False,Low
DEV-007739,True,High
DEV-007740,True,High
DEV-007741,False,Low
DEV-007742,True,Medium
DEV-007743,False,Low
DEV-007744,False,Low
DEV-007745,False,Medium
DEV-007746,True,Medium
DEV-007747,True,High
DEV-007748,True,Medium
DEV-007749,False,Low
DEV-007750,False,Low
DEV-007751,False,Low
DEV-007752,False,Medium
DEV-007753,False,Low
DEV-007754,False,Low
DEV-007755,True,Medium
DEV-007756,True,Medium
DEV-007757,False,Low
DEV-007758,False,Low
DEV-007759,False,Low
DEV-007760,True,High
DEV-007761,False,Low
DEV-007762,True,High
DEV-007763,True,Medium
DEV-007764,False,Low
DEV-007765,False,Low
DEV-007766,True,High
DEV-007767,True,Medium
DEV-007768,True,High
DEV-007769,True,Medium
DEV-007770,True,High
DEV-007771,False,Medium
DEV-007772,False,Low
DEV-007773,False,Medium
DEV-007774,False,Low
DEV-007775,False,Low
DEV-007776,False,Medium
DEV-007777,True,High
DEV-007778,True,High
DEV-007779,True,Medium
DEV-007780,True,Medium
DEV-007781,True,High
DEV-007782,True,High
DEV-007783,True,High
DEV-007784,True,High
DEV-007785,False,Medium
DEV-007786,True,Medium
DEV-007787,True,High
DEV-007788,False,Low
DEV-007789,False,Low
DEV-007790,False,Low
DEV-007791,False,Low
DEV-007792,True,High
DEV-007793,True,High
DEV-007794,False,Low
DEV-007795,False,Medium
DEV-007796,False,Low
DEV-007797,False,Low
DEV-007798,True,Medium
DEV-007799,False,Low
DEV-007800,False,Low
DEV-007801,False,Low
DEV-007802,True,Medium
DEV-007803,False,Low
DEV-007804,True,High
DEV-007805,True,Medium
DEV-007806,True,Medium
DEV-007807,False,Low
DEV-007808,True,High
DEV-007809,True,High
DEV-007810,False,Low
DEV-007811,False,Low
DEV-007812,True,High
DEV-007813,False,Low
DEV-007814,True,High
DEV-007815,True,High
DEV-007816,False,Low
DEV-007817,True,High
DEV-007818,False,Low
DEV-007819,False,Low
DEV-007820,True,High
DEV-007821,False,Low
DEV-007822,False,Low
DEV-007823,True,High
DEV-007824,True,High
DEV-007825,True,Medium
DEV-007826,False,Medium
DEV-007827,True,High
DEV-007828,True,High
DEV-007829,True,High
DEV-007830,True,High
DEV-007831,False,Low
DEV-007832,True,Medium
DEV-007833,True,Medium
DEV-007834,False,Medium
DEV-007835,False,Low
DEV-007836,True,Medium
DEV-007837,False,Low
DEV-007838,False,Low
DEV-007839,True,Medium
DEV-007840,True,High
DEV-007841,False,Low
DEV-007842,True,High
DEV-007843,True,High
DEV-007844,False,Low
DEV-007845,True,High
DEV-007846,False,Low
DEV-007847,False,Low
DEV-007848,True,High
DEV-007849,False,Low
DEV-007850,False,Low
DEV-007851,False,Low
DEV-007852,False,Low
DEV-007853,True,High
DEV-007854,False,Medium
DEV-007855,False,Low
DEV-007856,False,Low
DEV-007857,False,Low
DEV-007858,False,Low
DEV-007859,False,Low
DEV-007860,True,High
DEV-007861,False,Low
DEV-007862,False,Low
DEV-007863,True,Medium
DEV-007864,True,High
DEV-007865,False,Medium
DEV-007866,False,Low
DEV-007867,True,High
DEV-007868,False,Medium
DEV-007869,False,Low
DEV-007870,False,Low
DEV-007871,True,High
DEV-007872,True,Medium
DEV-007873,False,Low
DEV-007874,True,Medium
DEV-007875,True,Medium
DEV-007876,True,Medium
DEV-007877,False,Low
DEV-007878,True,Medium
DEV-007879,True,High
DEV-007880,False,Low
DEV-007881,False,Medium
DEV-007882,True,High
DEV-007883,False,Low
DEV-007884,True,Medium
DEV-007885,False,Low
DEV-007886,False,Low
DEV-007887,False,Low
DEV-007888,False,Low
DEV-007889,False,Low
DEV-007890,False,Low
DEV-007891,True,High
DEV-007892,True,High
DEV-007893,True,High
DEV-007894,True,Medium
DEV-007895,False,Low
DEV-007896,True,High
DEV-007897,False,Low
DEV-007898,True,Medium
DEV-007899,True,Medium
DEV-007900,True,High
DEV-007901,False,Low
DEV-007902,True,Medium
DEV-007903,False,Medium
DEV-007904,True,High
DEV-007905,False,Medium
DEV-007906,False,Low
DEV-007907,False,Low
DEV-007908,False,Low
DEV-007909,True,Medium
DEV-007910,True,High
DEV-007911,False,Medium
DEV-007912,False,Low
DEV-007913,False,Low
DEV-007914,False,Low
DEV-007915,False,Low
DEV-007916,True,High
DEV-007917,True,High
DEV-007918,False,Low
DEV-007919,True,High
DEV-007920,False,Low
DEV-007921,False,Low
DEV-007922,False,Low
DEV-007923,False,Low
DEV-007924,True,High
DEV-007925,False,Low
DEV-007926,True,High
DEV-007927,False,Low
DEV-007928,True,High
DEV-007929,False,Low
DEV-007930,True,High
DEV-007931,False,Low
DEV-007932,True,Medium
DEV-007933,True,Medium
DEV-007934,False,Low
DEV-007935,True,Medium
DEV-007936,False,Low
DEV-007937,False,Low
DEV-007938,False,Low
DEV-007939,True,High
DEV-007940,False,Low
DEV-007941,True,Medium
DEV-007942,True,High
DEV-007943,False,Low
DEV-007944,True,Medium
DEV-007945,True,High
DEV-007946,False,Low
DEV-007947,False,Low
DEV-007948,False,Low
DEV-007949,True,High
DEV-007950,True,Medium
DEV-007951,False,Low
DEV-007952,False,Low
DEV-007953,False,Low
DEV-007954,False,Low
DEV-007955,True,Medium
DEV-007956,False,Low
DEV-007957,True,High
DEV-007958,True,High
DEV-007959,True,Medium
DEV-007960,False,Low
DEV-007961,True,Medium
DEV-007962,True,High
DEV-007963,False,Low
DEV-007964,False,Low
DEV-007965,False,Low
DEV-007966,False,Low
DEV-007967,False,Low
DEV-007968,False,Low
DEV-007969,True,High
DEV-007970,False,Low
DEV-007971,True,Medium
DEV-007972,False,Low
DEV-007973,True,High
DEV-007974,True,High
DEV-007975,False,Low
DEV-007976,True,High
DEV-007977,False,Low
DEV-007978,False,Low
DEV-007979,False,Low
DEV-007980,True,High
DEV-007981,False,Low
DEV-007982,True,Medium
DEV-007983,False,Low
DEV-007984,False,Low
DEV-007985,False,Medium
DEV-007986,True,Medium
DEV-007987,False,Low
DEV-007988,True,High
DEV-007989,False,Low
DEV-007990,False,Low
DEV-007991,False,Low
DEV-007992,False,Low
DEV-007993,False,Low
DEV-007994,False,Low
DEV-007995,False,Low
DEV-007996,False,Low
DEV-007997,False,Medium
DEV-007998,False,Low
DEV-007999,True,High
DEV-008000,True,High
DEV-008001,False,Low
DEV-008002,False,Low
DEV-008003,False,Low
DEV-008004,False,Low
DEV-008005,True,Medium
DEV-008006,True,High
DEV-008007,False,Low
DEV-008008,False,Low
DEV-008009,True,High
DEV-008010,False,Low
DEV-008011,True,Medium
DEV-008012,False,Low
DEV-008013,True,Medium
DEV-008014,False,Low
DEV-008015,False,Medium
DEV-008016,False,Low
DEV-008017,True,High
DEV-008018,False,Low
DEV-008019,False,Low
DEV-008020,True,High
DEV-008021,True,Medium
DEV-008022,True,High
DEV-008023,False,Low
DEV-008024,False,Low
DEV-008025,True,High
DEV-008026,True,High
DEV-008027,False,Low
DEV-008028,True,Medium
DEV-008029,True,High
DEV-008030,False,Low
DEV-008031,False,Low
DEV-008032,False,Low
DEV-008033,False,Low
DEV-008034,False,Low
DEV-008035,False,Low
DEV-008036,False,Medium
DEV-008037,True,Medium
DEV-008038,False,Low
DEV-008039,True,Medium
DEV-008040,False,Low
DEV-008041,False,Low
DEV-008042,False,Low
DEV-008043,False,Low
DEV-008044,False,Low
DEV-008045,False,Low
DEV-008046,True,High
DEV-008047,True,Medium
DEV-008048,True,High
DEV-008049,False,Low
DEV-008050,True,High
DEV-008051,False,Low
DEV-008052,False,Low
DEV-008053,True,High
DEV-008054,False,Low
DEV-008055,True,Medium
DEV-008056,False,Low
DEV-008057,True,High
DEV-008058,False,Low
DEV-008059,True,Medium
DEV-008060,True,Medium
DEV-008061,True,Medium
DEV-008062,True,Medium
DEV-008063,False,Low
DEV-008064,True,High
DEV-008065,True,High
DEV-008066,True,Medium
DEV-008067,False,Medium
DEV-008068,False,Low
DEV-008069,False,Low
DEV-008070,False,Low
DEV-008071,True,High
DEV-008072,False,Low
DEV-008073,False,Low
DEV-008074,False,Low
DEV-008075,True,High
DEV-008076,True,Medium
DEV-008077,True,Medium
DEV-008078,False,Low
DEV-008079,False,Low
DEV-008080,True,Medium
DEV-008081,True,Medium
DEV-008082,False,Low
DEV-008083,True,High
DEV-008084,True,Medium
DEV-008085,True,High
DEV-008086,False,Low
DEV-008087,True,High
DEV-008088,True,Medium
DEV-008089,True,Medium
DEV-008090,False,Low
DEV-008091,True,Medium
DEV-008092,False,Low
DEV-008093,False,Low
DEV-008094,False,Low
DEV-008095,True,High
DEV-008096,False,Medium
DEV-008097,True,High
DEV-008098,True,Medium
DEV-008099,False,Low
DEV-008100,False,Low
DEV-008101,True,High
DEV-008102,False,Low
DEV-008103,False,Low
DEV-008104,False,Low
DEV-008105,False,Low
DEV-008106,False,Low
DEV-008107,False,Low
DEV-008108,True,Medium
DEV-008109,False,Low
DEV-008110,False,Low
DEV-008111,False,Low
DEV-008112,False,Low
DEV-008113,False,Low
DEV-008114,False,Low
DEV-008115,False,Low
DEV-008116,False,Medium
DEV-008117,True,High
DEV-008118,False,Low
DEV-008119,False,Low
DEV-008120,False,Low
DEV-008121,False,Low
DEV-008122,False,Low
DEV-008123,False,Low
DEV-008124,False,Low
DEV-008125,False,Low
DEV-008126,True,Medium
DEV-008127,True,High
DEV-008128,False,Low
DEV-008129,False,Low
DEV-008130,False,Medium
DEV-008131,False,Medium
DEV-008132,False,Low
DEV-008133,True,Medium
DEV-008134,False,Low
DEV-008135,True,Medium
DEV-008136,True,High
DEV-008137,True,Medium
DEV-008138,False,Low
DEV-008139,True,High
DEV-008140,True,High
DEV-008141,False,Low
DEV-008142,True,High
DEV-008143,False,Low
DEV-008144,False,Low
DEV-008145,True,Medium
DEV-008146,True,High
DEV-008147,False,Low
DEV-008148,True,High
DEV-008149,False,Low
DEV-008150,False,Low
DEV-008151,True,High
DEV-008152,True,High
DEV-008153,False,Low
DEV-008154,False,Low
DEV-008155,False,Low
DEV-008156,False,Low
DEV-008157,False,Low
DEV-008158,False,Low
DEV-008159,True,Medium
DEV-008160,True,High
DEV-008161,False,Low
DEV-008162,True,High
DEV-008163,True,High
DEV-008164,True,Medium
DEV-008165,True,Medium
DEV-008166,False,Low
DEV-008167,False,Medium
DEV-008168,True,Medium
DEV-008169,False,Low
DEV-008170,False,Low
DEV-008171,False,Low
DEV-008172,False,Low
DEV-008173,False,Low
DEV-008174,False,Low
DEV-008175,False,Low
DEV-008176,False,Low
DEV-008177,False,Low
DEV-008178,False,Low
DEV-008179,True,Medium
DEV-008180,False,Low
DEV-008181,True,High
DEV-008182,True,High
DEV-008183,True,Medium
DEV-008184,True,High
DEV-008185,True,High
DEV-008186,True,High
DEV-008187,False,Low
DEV-008188,True,Medium
DEV-008189,True,High
DEV-008190,True,Medium
DEV-008191,False,Low
DEV-008192,False,Low
DEV-008193,False,Low
DEV-008194,False,Low
DEV-008195,True,Medium
DEV-008196,False,Low
DEV-008197,True,High
DEV-008198,True,Medium
DEV-008199,True,High
DEV-008200,False,Low
DEV-008201,False,Medium
DEV-008202,False,Low
DEV-008203,True,High
DEV-008204,False,Low
DEV-008205,True,High
DEV-008206,False,Medium
DEV-008207,False,Low
DEV-008208,False,Low
DEV-008209,False,Low
DEV-008210,False,Low
DEV-008211,True,High
DEV-008212,False,Medium
DEV-008213,True,Medium
DEV-008214,True,High
DEV-008215,False,Low
DEV-008216,True,Medium
DEV-008217,False,Low
DEV-008218,True,Medium
DEV-008219,False,Low
DEV-008220,False,Low
DEV-008221,False,Low
DEV-008222,False,Low
DEV-008223,False,Low
DEV-008224,True,High
DEV-008225,True,High
DEV-008226,False,Low
DEV-008227,False,Low
DEV-008228,False,Low
DEV-008229,False,Low
DEV-008230,True,Medium
DEV-008231,True,Medium
DEV-008232,True,High
DEV-008233,True,High
DEV-008234,False,Low
DEV-008235,False,Low
DEV-008236,True,High
DEV-008237,False,Low
DEV-008238,False,Low
DEV-008239,True,High
DEV-008240,False,Low
DEV-008241,False,Low
DEV-008242,False,Low
DEV-008243,True,High
DEV-008244,True,Medium
DEV-008245,True,Medium
DEV-008246,True,Medium
DEV-008247,False,Low
DEV-008248,False,Low
DEV-008249,True,Medium
DEV-008250,False,Low
DEV-008251,False,Low
DEV-008252,False,Low
DEV-008253,True,High
DEV-008254,False,Low
DEV-008255,False,Low
DEV-008256,True,Medium
DEV-008257,False,Low
DEV-008258,True,High
DEV-008259,False,Low
DEV-008260,False,Low
DEV-008261,True,High
DEV-008262,False,Low
DEV-008263,True,High
DEV-008264,True,High
DEV-008265,True,High
DEV-008266,False,Low
DEV-008267,True,High
DEV-008268,False,Low
DEV-008269,False,Low
DEV-008270,False,Low
DEV-008271,True,High
DEV-008272,False,Low
DEV-008273,False,Low
DEV-008274,False,Low
DEV-008275,True,Medium
DEV-008276,False,Medium
DEV-008277,False,Low
DEV-008278,False,Low
DEV-008279,True,Medium
DEV-008280,False,Low
DEV-008281,False,Low
DEV-008282,False,Low
DEV-008283,False,Low
DEV-008284,True,Medium
DEV-008285,True,High
DEV-008286,True,High
DEV-008287,False,Low
DEV-008288,False,Low
DEV-008289,False,Low
DEV-008290,True,High
DEV-008291,False,Low
DEV-008292,False,Low
DEV-008293,True,High
DEV-008294,False,Low
DEV-008295,False,Medium
DEV-008296,False,Medium
DEV-008297,False,Low
DEV-008298,False,Low
DEV-008299,True,High
DEV-008300,True,High
DEV-008301,False,Low
DEV-008302,True,High
DEV-008303,False,Low
DEV-008304,True,Medium
DEV-008305,True,High
DEV-008306,True,High
DEV-008307,True,Medium
DEV-008308,False,Low
DEV-008309,False,Low
DEV-008310,False,Low
DEV-008311,False,Low
DEV-008312,True,High
DEV-008313,True,High
DEV-008314,False,Low
DEV-008315,False,Low
DEV-008316,True,High
DEV-008317,False,Low
DEV-008318,True,High
DEV-008319,False,Low
DEV-008320,False,Low
DEV-008321,False,Low
DEV-008322,False,Low
DEV-008323,False,Low
DEV-008324,True,High
DEV-008325,True,High
DEV-008326,True,Medium
DEV-008327,True,High
DEV-008328,True,Medium
DEV-008329,False,Low
DEV-008330,True,High
DEV-008331,False,Medium
DEV-008332,False,Low
DEV-008333,False,Low
DEV-008334,True,High
DEV-008335,False,Low
DEV-008336,True,Medium
DEV-008337,False,Low
DEV-008338,False,Low
DEV-008339,False,Low
DEV-008340,True,High
DEV-008341,False,Low
DEV-008342,False,Low
DEV-008343,True,High
DEV-008344,False,Low
DEV-008345,False,Low
DEV-008346,True,Medium
DEV-008347,False,Low
DEV-008348,False,Low
DEV-008349,True,Medium
DEV-008350,True,High
DEV-008351,False,Low
DEV-008352,False,Low
DEV-008353,False,Low
DEV-008354,True,Medium
DEV-008355,True,Medium
DEV-008356,False,Low
DEV-008357,False,Low
DEV-008358,False,Low
DEV-008359,False,Low
DEV-008360,True,Medium
DEV-008361,False,Low
DEV-008362,True,High
DEV-008363,False,Low
DEV-008364,False,Low
DEV-008365,True,Medium
DEV-008366,False,Low
DEV-008367,True,High
DEV-008368,True,Medium
DEV-008369,False,Low
DEV-008370,False,Low
DEV-008371,False,Low
DEV-008372,True,Medium
DEV-008373,False,Low
DEV-008374,False,Low
DEV-008375,False,Low
DEV-008376,True,High
DEV-008377,False,Low
DEV-008378,True,High
DEV-008379,True,Medium
DEV-008380,False,Low
DEV-008381,False,Low
DEV-008382,False,Low
DEV-008383,True,Medium
DEV-008384,False,Low
DEV-008385,False,Low
DEV-008386,True,High
DEV-008387,False,Low
DEV-008388,False,Low
DEV-008389,False,Low
DEV-008390,True,High
DEV-008391,False,Low
DEV-008392,False,Low
DEV-008393,True,High
DEV-008394,False,Low
DEV-008395,False,Low
DEV-008396,False,Low
DEV-008397,False,Low
DEV-008398,False,Low
DEV-008399,False,Low
DEV-008400,True,High
DEV-008401,False,Low
DEV-008402,False,Low
DEV-008403,False,Low
DEV-008404,True,Medium
DEV-008405,False,Low
DEV-008406,True,High
DEV-008407,True,Medium
DEV-008408,True,Medium
DEV-008409,True,High
DEV-008410,False,Low
DEV-008411,False,Low
DEV-008412,True,High
DEV-008413,False,Low
DEV-008414,False,Low
DEV-008415,False,Low
DEV-008416,False,Low
DEV-008417,True,High
DEV-008418,False,Low
DEV-008419,True,High
DEV-008420,False,Low
DEV-008421,False,Low
DEV-008422,True,Medium
DEV-008423,True,Medium
DEV-008424,False,Low
DEV-008425,True,High
DEV-008426,False,Low
DEV-008427,False,Low
DEV-008428,False,Low
DEV-008429,False,Low
DEV-008430,True,High
DEV-008431,False,Low
DEV-008432,False,Low
DEV-008433,True,Medium
DEV-008434,False,Low
DEV-008435,True,High
