Email,Email_Age_Days,Email_Risk_Rating
user1704@icloud.com,556,Low
user2814@icloud.com,41,Medium
user3733@outlook.com,2774,Low
user4373@gmail.com,2945,Low
user5997@outlook.com,2523,Low
user6193@gmail.com,127,Medium
user7214@outlook.com,1593,Low
user8600@gmail.com,83,Medium
user9231@icloud.com,715,Low
user10353@yahoo.com,695,Low
user11597@yahoo.com,2940,Low
user12789@gmail.com,421,Low
user13200@gmail.com,2454,Low
user14392@icloud.com,2063,Low
user15158@hotmail.com,844,Low
user16833@outlook.com,2943,Low
user17235@outlook.com,1286,Low
user18860@hotmail.com,28,High
user19822@icloud.com,2459,Low
user20466@yahoo.com,363,Low
user21906@gmail.com,852,Low
user22459@hotmail.com,1343,Low
user23360@gmail.com,978,Low
user24416@icloud.com,2277,Low
user25576@icloud.com,1519,Low
user26725@gmail.com,2146,Low
user27575@gmail.com,2321,Low
user28960@outlook.com,1212,Low
user29524@icloud.com,463,Low
user30973@icloud.com,1797,Medium
user31230@hotmail.com,120,Medium
user32384@icloud.com,1752,Low
user33344@yahoo.com,40,Medium
user34832@yahoo.com,1824,Low
user35208@icloud.com,2207,Medium
user36385@icloud.com,554,Low
user37669@gmail.com,1331,Low
user38666@hotmail.com,2138,Low
user39321@icloud.com,984,Low
user40666@outlook.com,14,High
user41187@yahoo.com,1444,Low
user42857@gmail.com,2697,Low
user43370@hotmail.com,60,Medium
user44605@icloud.com,2411,Medium
user45279@icloud.com,194,Low
user46521@icloud.com,1550,Low
user47308@outlook.com,411,Low
user48961@gmail.com,1120,Low
user49448@hotmail.com,1899,Medium
user50429@yahoo.com,2065,Low
user51229@hotmail.com,10,High
user52972@hotmail.com,1545,Low
user53270@outlook.com,2017,Low
user54246@yahoo.com,2588,Low
user55685@outlook.com,98,Medium
user56324@yahoo.com,1643,Low
user57434@icloud.com,76,Medium
user58579@gmail.com,671,Low
user59490@outlook.com,2594,Low
user60218@gmail.com,2217,Low
user61133@outlook.com,1345,Low
user62193@yahoo.com,2062,Low
user63653@outlook.com,732,Low
user64896@outlook.com,115,Medium
user65829@icloud.com,2208,Low
user66912@gmail.com,606,Low
user67951@gmail.com,573,Low
user68988@gmail.com,1932,Low
user69965@hotmail.com,1957,Low
user70485@icloud.com,1081,Low
user71873@hotmail.com,1082,Low
user72882@outlook.com,762,Low
user73689@icloud.com,1482,Low
user74863@outlook.com,80,Medium
user75277@hotmail.com,51,Medium
user76423@yahoo.com,2769,Low
user77729@hotmail.com,24,High
user78831@gmail.com,1606,Low
user79841@hotmail.com,1232,Low
user80195@icloud.com,2356,Low
user81234@hotmail.com,2731,Low
user82955@yahoo.com,2121,Low
user83971@gmail.com,2313,Low
user84614@outlook.com,1823,Medium
user85877@icloud.com,768,Low
user86912@hotmail.com,2817,Low
user87780@gmail.com,967,Low
user88453@yahoo.com,18,High
user89137@outlook.com,2074,Low
user90439@outlook.com,2885,Low
user91716@yahoo.com,1963,Low
user92176@icloud.com,434,Low
user93133@hotmail.com,2523,Low
user94366@icloud.com,199,Low
user95783@outlook.com,1509,Low
user96667@hotmail.com,1678,Low
user97757@gmail.com,82,Medium
user98430@yahoo.com,863,Low
user99694@yahoo.com,2624,Low
user100594@yahoo.com,1437,Low
user101233@outlook.com,1833,Low
user102578@icloud.com,132,Medium
user103108@gmail.com,2398,Low
user104386@hotmail.com,2452,Low
user105720@hotmail.com,810,Low
user106415@gmail.com,2590,Low
user107348@gmail.com,2988,Low
user108432@icloud.com,2497,Low
user109889@outlook.com,1419,Low
user110143@outlook.com,1389,Low
user111753@yahoo.com,1124,Low
user112392@gmail.com,1515,Low
user113391@icloud.com,86,Medium
user114279@hotmail.com,991,Low
user115409@hotmail.com,1550,Low
user116720@outlook.com,192,Low
user117163@hotmail.com,659,Low
user118567@hotmail.com,107,Medium
user119132@outlook.com,121,Medium
user120230@yahoo.com,2366,Low
user121132@icloud.com,662,Low
user122339@hotmail.com,1384,Low
user123741@icloud.com,917,Low
user124978@yahoo.com,1431,Low
user125949@yahoo.com,186,Low
user126864@icloud.com,680,Low
user127879@outlook.com,2123,Low
user128801@outlook.com,2881,Low
user129160@hotmail.com,2828,Low
user130753@hotmail.com,2730,Low
user131358@outlook.com,135,Medium
user132157@gmail.com,2149,Low
user133800@outlook.com,20,High
user134439@icloud.com,2414,Low
user135130@outlook.com,1536,Low
user136424@outlook.com,1795,Low
user137112@outlook.com,1777,Low
user138531@outlook.com,71,Medium
user139550@outlook.com,1549,Low
user140602@hotmail.com,2792,Low
user141548@outlook.com,1058,Low
user142696@icloud.com,2162,Low
user143145@hotmail.com,157,Low
user144254@outlook.com,2249,Low
user145548@icloud.com,599,Low
user146773@icloud.com,164,Medium
user147291@outlook.com,138,Medium
user148729@hotmail.com,1418,Low
user149810@yahoo.com,2401,Low
user150518@icloud.com,2227,Low
user151662@hotmail.com,2228,Low
user152404@gmail.com,1213,Low
user153924@gmail.com,1047,Low
user154249@outlook.com,1222,Low
user155565@icloud.com,1711,Low
user156374@outlook.com,2226,Low
user157100@icloud.com,117,Medium
user158539@gmail.com,1159,Low
user159848@gmail.com,565,Low
user160730@icloud.com,106,Medium
user161391@gmail.com,2688,Low
user162981@hotmail.com,1784,Low
user163885@icloud.com,2252,Low
user164159@yahoo.com,1177,Low
user165635@hotmail.com,1620,Low
user166608@icloud.com,515,Low
user167492@yahoo.com,94,Medium
user168147@icloud.com,2312,Low
user169705@icloud.com,1708,Low
user170485@outlook.com,169,Medium
user171694@gmail.com,547,Low
user172425@icloud.com,1536,Low
user173574@outlook.com,1462,Low
user174366@yahoo.com,77,Medium
user175943@icloud.com,1011,Low
user176687@icloud.com,888,Low
user177304@hotmail.com,1917,Low
user178642@outlook.com,2132,Low
user179342@hotmail.com,921,Low
user180306@yahoo.com,2715,Low
user181821@icloud.com,1730,Low
user182414@outlook.com,1749,Low
user183679@gmail.com,2819,Low
user184905@gmail.com,66,Medium
user185266@icloud.com,1123,Low
user186728@icloud.com,153,Medium
user187404@yahoo.com,1353,Low
user188964@gmail.com,2139,Low
user189187@outlook.com,596,Low
user190684@hotmail.com,2256,Low
user191364@outlook.com,2637,Low
user192208@hotmail.com,610,Low
user193139@icloud.com,1845,Low
user194237@outlook.com,1133,Low
user195826@hotmail.com,80,Medium
user196477@icloud.com,1322,Low
user197391@gmail.com,570,Low
user198715@gmail.com,45,Medium
user199698@gmail.com,1826,Low
user200405@yahoo.com,2868,Low
user201685@yahoo.com,182,Low
user202796@outlook.com,949,Low
user203523@gmail.com,1422,Low
user204690@yahoo.com,890,Low
user205875@hotmail.com,83,Medium
user206544@yahoo.com,1583,Low
user207911@gmail.com,2864,Low
user208811@gmail.com,1041,Low
user209303@hotmail.com,2238,Low
user210176@gmail.com,2295,Low
user211197@gmail.com,674,Low
user212955@icloud.com,1313,Low
user213726@gmail.com,1668,Low
user214631@hotmail.com,1585,Low
user215384@gmail.com,1555,Low
user216118@gmail.com,2876,Low
user217439@hotmail.com,2061,Low
user218860@icloud.com,184,Medium
user219890@icloud.com,704,Low
user220496@hotmail.com,624,Low
user221406@hotmail.com,2298,Low
user222684@icloud.com,2587,Low
user223249@gmail.com,1226,Low
user224907@outlook.com,1906,Low
user225401@icloud.com,992,Low
user226140@yahoo.com,834,Low
user227905@hotmail.com,18,High
user228109@gmail.com,2859,Low
user229941@outlook.com,2317,Low
user230892@yahoo.com,2778,Low
user231913@outlook.com,46,Medium
user232874@hotmail.com,459,Low
user233646@yahoo.com,41,Medium
user234187@outlook.com,2442,Low
user235971@hotmail.com,422,Low
user236298@outlook.com,485,Low
user237573@icloud.com,2165,Low
user238887@hotmail.com,1859,Low
user239192@icloud.com,2290,Low
user240467@gmail.com,2180,Low
user241431@gmail.com,167,Medium
user242628@icloud.com,1112,Low
user243716@gmail.com,93,Low
user244624@gmail.com,162,Medium
user245950@icloud.com,1098,Low
user246720@gmail.com,812,Low
user247764@icloud.com,2979,Low
user248200@icloud.com,2559,Low
user249107@icloud.com,2328,Low
user250594@yahoo.com,2483,Low
user251813@gmail.com,2715,Low
user252728@hotmail.com,1841,Low
user253136@outlook.com,2960,Low
user254843@hotmail.com,73,Medium
user255922@hotmail.com,679,Low
user256219@outlook.com,2174,Low
user257177@hotmail.com,1600,Low
user258334@yahoo.com,1046,Low
user259604@hotmail.com,1491,Low
user260223@hotmail.com,2072,Low
user261474@yahoo.com,1605,Low
user262925@gmail.com,2137,Low
user263161@yahoo.com,42,Medium
user264764@hotmail.com,2861,Low
user265927@outlook.com,2823,Low
user266633@icloud.com,2604,Low
user267155@gmail.com,2446,Low
user268129@gmail.com,44,Medium
user269646@outlook.com,2819,Low
user270109@icloud.com,1427,Low
user271532@yahoo.com,524,Low
user272563@outlook.com,2730,Low
user273480@icloud.com,2241,Low
user274831@yahoo.com,197,Low
user275633@gmail.com,2451,Low
user276109@gmail.com,63,Medium
user277874@outlook.com,2840,Low
user278981@hotmail.com,2652,Low
user279774@hotmail.com,459,Low
user280994@gmail.com,931,Low
user281579@gmail.com,527,Low
user282297@hotmail.com,976,Low
user283663@icloud.com,47,Medium
user284862@outlook.com,2453,Low
user285666@hotmail.com,1330,Low
user286851@gmail.com,1090,Medium
user287990@yahoo.com,693,Low
user288327@icloud.com,568,Low
user289672@yahoo.com,2169,Low
user290295@outlook.com,1626,Low
user291875@gmail.com,838,Low
user292659@hotmail.com,1034,Low
user293576@gmail.com,417,Low
user294674@gmail.com,118,Medium
user295668@outlook.com,320,Low
user296234@yahoo.com,2420,Medium
user297670@hotmail.com,18,High
user298255@yahoo.com,1321,Low
user299614@hotmail.com,749,Medium
user300307@yahoo.com,2949,Low
user301503@hotmail.com,1481,Low
user302411@outlook.com,1830,Low
user303125@yahoo.com,2046,Low
user304493@hotmail.com,182,Low
user305103@hotmail.com,52,Medium
user306670@yahoo.com,2774,Low
user307391@hotmail.com,173,Medium
user308237@gmail.com,121,Medium
user309365@hotmail.com,1496,Low
user310915@gmail.com,161,High
user311802@outlook.com,666,Low
user312571@hotmail.com,2769,Low
user313387@gmail.com,39,Medium
user314562@outlook.com,1722,Low
user315887@gmail.com,786,Low
user316147@gmail.com,120,Medium
user317261@outlook.com,39,Medium
user318208@icloud.com,406,Low
user319180@icloud.com,2385,Low
user320472@icloud.com,1256,Low
user321230@hotmail.com,2553,Low
user322541@icloud.com,2620,Low
user323171@hotmail.com,1862,Low
user324691@icloud.com,2721,Low
user325100@hotmail.com,417,Low
user326668@icloud.com,970,Low
user327907@hotmail.com,2067,Low
user328659@hotmail.com,1882,Low
user329576@hotmail.com,1344,Low
user330687@outlook.com,2121,Low
user331127@outlook.com,2757,Low
user332774@icloud.com,819,Low
user333851@outlook.com,148,Medium
user334395@icloud.com,248,Low
user335361@hotmail.com,602,Low
user336637@gmail.com,26,High
user337882@hotmail.com,169,Medium
user338364@outlook.com,446,Low
user339685@outlook.com,19,High
user340589@icloud.com,2209,Low
user341192@outlook.com,166,Medium
user342852@yahoo.com,1993,Medium
user343137@outlook.com,267,Low
user344348@yahoo.com,387,Low
user345511@outlook.com,2978,Low
user346268@icloud.com,2466,Low
user347390@icloud.com,2631,Low
user348104@hotmail.com,1915,Low
user349801@icloud.com,39,Low
user350218@gmail.com,132,Medium
user351582@hotmail.com,501,Low
user352213@icloud.com,35,Medium
user353705@icloud.com,1086,Low
user354563@icloud.com,601,Low
user355289@outlook.com,1860,Low
user356735@outlook.com,531,Low
user357241@outlook.com,1038,Low
user358453@icloud.com,96,Medium
user359211@yahoo.com,20,High
user360760@outlook.com,2328,Low
user361332@icloud.com,1264,Low
user362219@gmail.com,61,Medium
user363514@icloud.com,302,Low
user364664@gmail.com,174,High
user365503@yahoo.com,2296,Low
user366189@yahoo.com,2497,Low
user367874@icloud.com,152,Medium
user368954@hotmail.com,1436,Medium
user369222@outlook.com,316,Low
user370427@icloud.com,798,Low
user371377@outlook.com,1433,Low
user372829@hotmail.com,2379,Low
user373276@outlook.com,1601,Low
user374301@gmail.com,374,Low
user375384@hotmail.com,192,Low
user376319@hotmail.com,604,Low
user377212@hotmail.com,2108,Low
user378517@outlook.com,2468,Low
user379859@yahoo.com,616,Medium
user380509@outlook.com,2837,Low
user381154@gmail.com,189,Low
user382609@icloud.com,2911,Low
user383603@icloud.com,872,Low
user384705@icloud.com,2226,Low
user385353@yahoo.com,63,Medium
user386702@gmail.com,2123,Low
user387960@hotmail.com,508,Low
user388767@outlook.com,514,Low
user389943@icloud.com,2906,Low
user390520@outlook.com,1983,Low
user391575@icloud.com,1471,Low
user392421@hotmail.com,22,High
user393357@icloud.com,2351,Low
user394550@icloud.com,1324,Low
user395807@yahoo.com,423,Low
user396404@yahoo.com,1164,Low
user397944@yahoo.com,611,Low
user398184@gmail.com,2558,Low
user399997@icloud.com,1811,Low
user400366@yahoo.com,2659,Low
user401491@yahoo.com,2224,Low
user402800@icloud.com,2587,Low
user403786@hotmail.com,2683,Low
user404543@yahoo.com,2372,Low
user405751@icloud.com,2892,Low
user406308@outlook.com,24,High
user407391@gmail.com,306,Low
user408771@hotmail.com,12,High
user409508@outlook.com,579,Medium
user410234@outlook.com,2671,Low
user411329@yahoo.com,2970,Low
user412575@hotmail.com,587,Low
user413701@icloud.com,1485,Low
user414113@yahoo.com,30,Medium
user415228@yahoo.com,558,Low
user416574@yahoo.com,198,Low
user417205@icloud.com,3,High
user418423@hotmail.com,148,Medium
user419716@icloud.com,1589,Low
user420605@outlook.com,107,Medium
user421888@hotmail.com,391,Low
user422207@yahoo.com,2277,Low
user423549@icloud.com,52,Medium
user424906@yahoo.com,1927,Low
user425422@icloud.com,87,Medium
user426640@hotmail.com,1345,Low
user427650@outlook.com,351,Medium
user428843@icloud.com,1444,Medium
user429781@hotmail.com,2771,Low
user430250@icloud.com,601,Low
user431751@icloud.com,2243,Low
user432584@gmail.com,2065,Low
user433597@gmail.com,1404,Low
user434417@hotmail.com,2547,Low
user435338@icloud.com,1786,Low
user436875@gmail.com,2562,Low
user437186@hotmail.com,2019,Low
user438191@yahoo.com,197,Low
user439153@yahoo.com,695,Low
user440375@hotmail.com,276,Low
user441562@gmail.com,2473,Low
user442317@hotmail.com,2789,Low
user443921@outlook.com,2267,Low
user444723@icloud.com,1,High
user445947@hotmail.com,1741,Low
user446296@gmail.com,1665,Low
user447665@yahoo.com,898,Low
user448102@icloud.com,2059,Low
user449645@icloud.com,1920,Low
user450741@gmail.com,457,Low
user451174@hotmail.com,1169,Low
user452793@gmail.com,617,Low
user453901@gmail.com,2967,Low
user454161@yahoo.com,380,Low
user455700@yahoo.com,2320,Low
user456406@icloud.com,2723,Low
user457310@icloud.com,1739,Low
user458447@hotmail.com,913,Low
user459918@hotmail.com,2358,Low
user460701@yahoo.com,158,Medium
user461610@hotmail.com,1732,Low
user462962@outlook.com,843,Low
user463552@yahoo.com,935,Low
user464295@hotmail.com,1324,Low
user465986@icloud.com,811,Low
user466973@hotmail.com,2043,Low
user467406@outlook.com,2402,Low
user468562@outlook.com,146,Medium
user469260@gmail.com,1801,Low
user470382@yahoo.com,2079,Low
user471455@outlook.com,2069,Low
user472345@yahoo.com,378,Low
user473618@gmail.com,54,High
user474866@icloud.com,172,Medium
user475500@yahoo.com,190,Low
user476499@outlook.com,621,Low
user477164@yahoo.com,172,Medium
user478223@yahoo.com,1952,Low
user479204@hotmail.com,2246,Low
user480593@gmail.com,2929,Low
user481403@yahoo.com,128,Medium
user482868@gmail.com,1381,Low
user483990@icloud.com,464,Low
user484280@hotmail.com,109,Medium
user485537@gmail.com,1762,Low
user486847@outlook.com,129,Medium
user487298@icloud.com,865,Low
user488746@gmail.com,93,High
user489823@hotmail.com,1828,Low
user490686@outlook.com,163,Low
user491274@yahoo.com,1965,Low
user492551@hotmail.com,1874,Medium
user493107@hotmail.com,193,Low
user494487@hotmail.com,1832,Low
user495627@icloud.com,2146,Low
user496774@gmail.com,2150,Medium
user497272@icloud.com,2112,Low
user498781@icloud.com,1255,Low
user499927@yahoo.com,1989,Low
user500533@outlook.com,1789,Low
user501713@outlook.com,340,Low
user502817@gmail.com,1121,Low
user503844@outlook.com,2362,Low
user504852@gmail.com,1001,Low
user505220@hotmail.com,14,High
user506774@gmail.com,2947,Low
user507686@icloud.com,147,Medium
user508503@hotmail.com,280,Low
user509225@gmail.com,1487,Low
user510407@gmail.com,1217,Low
user511237@hotmail.com,1081,Low
user512813@yahoo.com,2793,Low
user513212@hotmail.com,2376,Low
user514279@hotmail.com,705,Low
user515925@hotmail.com,1613,Low
user516794@hotmail.com,1220,Low
user517269@hotmail.com,583,Low
user518515@gmail.com,710,Low
user519959@yahoo.com,94,Medium
user520400@outlook.com,2178,Low
user521436@outlook.com,118,Medium
user522259@outlook.com,228,Medium
user523294@outlook.com,653,Low
user524234@gmail.com,1792,Low
user525885@gmail.com,72,Medium
user526139@outlook.com,103,Medium
user527472@outlook.com,1302,Low
user528603@outlook.com,1233,Low
user529233@hotmail.com,28,High
user530998@hotmail.com,1234,Low
user531858@icloud.com,979,Low
user532706@gmail.com,56,Medium
user533236@outlook.com,1337,Low
user534943@outlook.com,242,Low
user535311@icloud.com,2456,Low
user536293@hotmail.com,46,Medium
user537240@gmail.com,135,Medium
user538655@outlook.com,28,High
user539205@hotmail.com,12,High
user540603@yahoo.com,660,Low
user541456@gmail.com,1375,Low
user542537@outlook.com,148,Medium
user543941@yahoo.com,2396,Low
user544469@yahoo.com,90,Medium
user545480@gmail.com,109,Low
user546861@yahoo.com,2124,Low
user547264@gmail.com,2261,Medium
user548860@yahoo.com,712,Low
user549762@icloud.com,96,Medium
user550753@gmail.com,52,Medium
user551869@icloud.com,1488,Low
user552255@icloud.com,42,Medium
user553738@icloud.com,1675,Low
user554610@gmail.com,557,Low
user555682@icloud.com,707,Low
user556816@hotmail.com,63,Medium
user557211@gmail.com,2104,Low
user558132@hotmail.com,2527,Low
user559562@icloud.com,183,Low
user560813@icloud.com,858,Low
user561569@yahoo.com,816,Low
user562486@yahoo.com,2661,Low
user563460@outlook.com,1880,Low
user564749@outlook.com,1991,Low
user565328@icloud.com,1067,Low
user566789@yahoo.com,1898,Low
user567502@gmail.com,165,Medium
user568963@outlook.com,1805,Low
user569291@yahoo.com,1666,Low
user570710@gmail.com,118,Medium
user571178@yahoo.com,2762,Low
user572262@hotmail.com,220,Low
user573229@outlook.com,178,Medium
user574387@icloud.com,184,Low
user575560@yahoo.com,463,Low
user576174@yahoo.com,63,Medium
user577926@gmail.com,2689,Low
user578104@icloud.com,2558,Low
user579181@hotmail.com,1839,Low
user580331@yahoo.com,1984,Low
user581697@icloud.com,36,High
user582331@gmail.com,2177,Low
user583292@icloud.com,1777,Low
user584307@icloud.com,2303,Low
user585221@hotmail.com,1287,Low
user586512@yahoo.com,49,Medium
user587331@hotmail.com,1328,Low
user588973@yahoo.com,1450,Low
user589973@gmail.com,195,Low
user590563@icloud.com,1574,Low
user591595@gmail.com,2640,Low
user592298@icloud.com,565,Low
user593680@outlook.com,117,Low
user594945@hotmail.com,73,Medium
user595830@outlook.com,23,High
user596367@outlook.com,601,Low
user597572@hotmail.com,2773,Low
user598885@icloud.com,308,Low
user599949@gmail.com,70,Medium
user600755@yahoo.com,2967,Low
user601952@hotmail.com,7,High
user602249@gmail.com,1970,Low
user603251@gmail.com,1940,Low
user604109@yahoo.com,1334,Low
user605385@outlook.com,773,Low
user606169@gmail.com,1853,Low
user607163@hotmail.com,463,Low
user608304@yahoo.com,2479,Low
user609105@outlook.com,775,Low
user610485@gmail.com,2761,Low
user611689@yahoo.com,2388,Low
user612875@gmail.com,1550,Low
user613619@yahoo.com,128,Medium
user614486@yahoo.com,197,Low
user615865@hotmail.com,106,Medium
user616720@icloud.com,731,Low
user617615@gmail.com,2417,Low
user618216@gmail.com,2058,Low
user619775@icloud.com,955,Low
user620926@gmail.com,433,Low
user621380@gmail.com,2995,Low
user622117@icloud.com,119,Medium
user623884@outlook.com,1256,Low
user624834@yahoo.com,2466,Low
user625433@hotmail.com,53,Medium
user626736@gmail.com,1404,Low
user627843@yahoo.com,2891,Low
user628551@outlook.com,2331,Low
user629470@gmail.com,1879,Low
user630449@outlook.com,1375,Low
user631828@icloud.com,2471,Low
user632221@outlook.com,1401,Low
user633185@yahoo.com,2286,Low
user634637@hotmail.com,133,Medium
user635221@outlook.com,878,Medium
user636712@gmail.com,312,Low
user637833@gmail.com,648,Low
user638788@gmail.com,2300,Low
user639789@yahoo.com,1101,Low
user640746@hotmail.com,1757,Low
user641324@gmail.com,595,Low
user642715@icloud.com,2203,Low
user643374@icloud.com,423,Low
user644192@outlook.com,98,Low
user645113@gmail.com,1218,Low
user646982@gmail.com,1305,Low
user647569@yahoo.com,71,Medium
user648608@icloud.com,270,Low
user649197@hotmail.com,542,Low
user650429@hotmail.com,349,Low
user651207@icloud.com,533,Low
user652866@hotmail.com,772,Low
user653357@icloud.com,2676,Low
user654818@yahoo.com,1477,Low
user655846@outlook.com,2593,Low
user656701@icloud.com,134,Medium
user657153@yahoo.com,20,High
user658643@gmail.com,1498,Low
user659986@outlook.com,303,Low
user660638@yahoo.com,93,Medium
user661943@gmail.com,147,Medium
user662184@icloud.com,739,Low
user663839@outlook.com,2603,Low
user664962@gmail.com,192,Low
user665998@yahoo.com,532,Low
user666304@yahoo.com,1317,Low
user667455@outlook.com,1977,Low
user668243@icloud.com,2146,Low
user669549@hotmail.com,6,High
user670210@icloud.com,2276,Low
user671192@outlook.com,420,Low
user672257@hotmail.com,63,Medium
user673425@yahoo.com,33,Medium
user674725@hotmail.com,206,Low
user675283@yahoo.com,1927,Low
user676111@icloud.com,2062,Low
user677877@icloud.com,2377,Low
user678791@outlook.com,1582,Low
user679647@gmail.com,544,Low
user680624@gmail.com,1764,Low
user681974@yahoo.com,2408,Low
user682772@yahoo.com,1897,Low
user683530@hotmail.com,2608,Low
user684361@icloud.com,100,Medium
user685739@hotmail.com,838,Low
user686505@yahoo.com,597,Low
user687803@outlook.com,2920,Low
user688528@icloud.com,1912,Low
user689479@gmail.com,572,Low
user690311@hotmail.com,326,Low
user691987@hotmail.com,1864,Low
user692744@icloud.com,2295,Medium
user693810@gmail.com,165,Medium
user694634@outlook.com,806,Low
user695250@hotmail.com,726,Low
user696274@outlook.com,2733,Low
user697311@yahoo.com,1466,Low
user698133@icloud.com,2920,Low
user699978@yahoo.com,2865,Medium
user700200@hotmail.com,2101,Low
user701896@yahoo.com,2013,Low
user702550@gmail.com,2763,Low
user703318@outlook.com,60,Medium
user704433@hotmail.com,843,Low
user705502@icloud.com,2507,Low
user706124@outlook.com,1729,Low
user707581@gmail.com,2628,Low
user708893@icloud.com,1529,Low
user709828@outlook.com,180,Low
user710222@icloud.com,774,Low
user711917@hotmail.com,41,Low
user712447@icloud.com,148,Medium
user713698@outlook.com,1112,Low
user714964@gmail.com,155,Medium
user715240@icloud.com,311,Low
user716692@hotmail.com,2275,Low
user717567@gmail.com,658,Low
user718929@icloud.com,165,Medium
user719710@yahoo.com,450,Low
user720740@outlook.com,1853,Low
user721202@gmail.com,847,Low
user722772@hotmail.com,1522,Low
user723331@outlook.com,1223,Medium
user724971@gmail.com,189,Low
user725743@hotmail.com,969,Low
user726779@gmail.com,2069,Low
user727994@outlook.com,717,Low
user728638@hotmail.com,1649,Medium
user729331@yahoo.com,2732,Low
user730838@outlook.com,757,Low
user731500@yahoo.com,1193,Medium
user732245@outlook.com,114,Medium
user733837@outlook.com,194,Low
user734606@icloud.com,2923,Low
user735781@outlook.com,1976,Low
user736344@outlook.com,196,Low
user737126@yahoo.com,2940,Low
user738902@gmail.com,2026,Low
user739977@gmail.com,128,Medium
user740307@outlook.com,98,Medium
user741282@icloud.com,2404,Low
user742728@hotmail.com,1403,Low
user743931@yahoo.com,2853,Low
user744864@outlook.com,1785,Low
user745825@icloud.com,130,Medium
user746546@gmail.com,2620,Low
user747830@hotmail.com,312,Low
user748884@hotmail.com,790,Low
user749892@yahoo.com,2663,Low
user750192@yahoo.com,2246,Low
user751272@gmail.com,591,Low
user752993@yahoo.com,597,Low
user753271@gmail.com,133,Medium
user754913@icloud.com,971,Low
user755238@icloud.com,1512,Low
user756951@gmail.com,2360,Low
user757856@hotmail.com,1976,Low
user758727@gmail.com,2823,Low
user759736@outlook.com,64,Medium
user760936@icloud.com,976,Low
user761271@outlook.com,84,Medium
user762880@gmail.com,542,Low
user763279@outlook.com,1227,Low
user764716@hotmail.com,1206,Low
user765206@yahoo.com,787,Low
user766496@icloud.com,2723,Low
user767476@gmail.com,856,Low
user768497@icloud.com,2018,Low
user769211@hotmail.com,2126,Medium
user770676@yahoo.com,2987,Low
user771439@gmail.com,416,Low
user772921@hotmail.com,615,Low
user773250@icloud.com,2919,Low
user774478@gmail.com,548,Low
user775463@hotmail.com,540,Low
user776877@icloud.com,192,Low
user777443@outlook.com,1736,Low
user778924@outlook.com,547,Low
user779172@yahoo.com,2729,Low
user780834@gmail.com,404,Medium
user781689@yahoo.com,2420,Low
user782853@yahoo.com,1612,Low
user783814@hotmail.com,1680,Low
user784519@icloud.com,91,Medium
user785490@yahoo.com,82,Medium
user786262@outlook.com,101,Medium
user787602@gmail.com,1905,Low
user788584@gmail.com,145,Medium
user789825@hotmail.com,1137,Low
user790168@icloud.com,1289,Low
user791902@outlook.com,798,Low
user792389@yahoo.com,2264,Low
user793554@outlook.com,2632,Low
user794282@outlook.com,1820,Low
user795340@gmail.com,183,Low
user796332@yahoo.com,67,Medium
user797874@icloud.com,1787,Low
user798476@hotmail.com,2582,Low
user799502@gmail.com,67,Medium
user800937@outlook.com,2629,Low
user801603@icloud.com,876,Low
user802555@icloud.com,1442,Low
user803223@gmail.com,1038,Low
user804542@icloud.com,128,Medium
user805340@icloud.com,970,Low
user806774@outlook.com,1728,Low
user807359@yahoo.com,2666,Low
user808183@icloud.com,1823,Low
user809849@outlook.com,1533,Low
user810607@yahoo.com,641,Low
user811796@gmail.com,199,Medium
user812750@hotmail.com,2159,Low
user813801@icloud.com,1637,Low
user814430@outlook.com,340,Low
user815769@gmail.com,2394,Low
user816597@yahoo.com,124,Medium
user817676@gmail.com,2678,Low
user818998@outlook.com,68,Medium
user819696@icloud.com,959,Low
user820427@yahoo.com,36,Medium
user821679@yahoo.com,497,Low
user822909@hotmail.com,158,Medium
user823502@outlook.com,72,Medium
user824798@hotmail.com,2494,Low
user825456@outlook.com,983,Low
user826695@hotmail.com,2095,Low
user827681@icloud.com,1308,Low
user828940@outlook.com,2590,Low
user829142@gmail.com,423,Low
user830346@yahoo.com,1960,Low
user831684@hotmail.com,573,Low
user832693@hotmail.com,1982,Low
user833730@icloud.com,130,Medium
user834714@icloud.com,1754,Low
user835191@icloud.com,1937,Low
user836824@yahoo.com,568,Low
user837992@gmail.com,1149,Low
user838891@gmail.com,475,Low
user839612@hotmail.com,284,Low
user840168@icloud.com,373,Low
user841869@outlook.com,1859,Low
user842320@icloud.com,265,Low
user843480@yahoo.com,2105,Low
user844463@hotmail.com,76,Medium
user845480@gmail.com,2334,Low
user846168@yahoo.com,2272,Low
user847236@yahoo.com,4,High
user848324@icloud.com,470,Low
user849746@outlook.com,1554,Low
user850610@icloud.com,1431,Low
user851266@hotmail.com,1193,Low
user852603@icloud.com,2192,Low
user853653@icloud.com,814,Low
user854782@hotmail.com,1663,Low
user855173@hotmail.com,2354,Low
user856621@outlook.com,1669,Low
user857210@icloud.com,804,Low
user858826@yahoo.com,1439,Low
user859560@yahoo.com,1525,Low
user860345@hotmail.com,36,Medium
user861306@yahoo.com,2252,Low
user862397@hotmail.com,2441,Low
user863560@outlook.com,1112,Low
user864921@outlook.com,20,High
user865975@yahoo.com,674,Low
user866273@outlook.com,1257,Low
user867283@gmail.com,1306,Low
user868658@outlook.com,49,Medium
user869206@hotmail.com,1971,Low
user870292@gmail.com,116,Medium
user871222@hotmail.com,1595,Low
user872610@outlook.com,507,Low
user873317@hotmail.com,148,Low
user874419@icloud.com,366,Low
user875913@yahoo.com,144,Medium
user876996@outlook.com,134,Medium
user877355@hotmail.com,1303,Low
user878355@gmail.com,1145,Medium
user879432@icloud.com,1710,Low
user880866@icloud.com,444,Low
user881560@yahoo.com,1118,Low
user882248@gmail.com,2829,Low
user883929@yahoo.com,1232,Low
user884700@yahoo.com,1313,Low
user885441@icloud.com,2381,Medium
user886661@icloud.com,175,Medium
user887879@yahoo.com,2776,Low
user888127@gmail.com,872,Low
user889132@gmail.com,750,Low
user890211@gmail.com,108,Medium
user891276@hotmail.com,1940,Low
user892335@hotmail.com,420,Low
user893637@hotmail.com,1589,Low
user894182@outlook.com,2439,Low
user895804@yahoo.com,538,Low
user896187@hotmail.com,852,Low
user897145@hotmail.com,307,Low
user898916@outlook.com,811,Low
user899671@icloud.com,2715,Low
user900740@outlook.com,1271,Low
user901843@yahoo.com,1408,Medium
user902184@icloud.com,1231,Low
user903448@hotmail.com,1711,Low
user904477@yahoo.com,646,Low
user905309@yahoo.com,1178,Low
user906714@icloud.com,183,Low
user907516@gmail.com,360,Low
user908108@gmail.com,2348,Low
user909583@icloud.com,1567,Low
user910927@gmail.com,490,Low
user911261@yahoo.com,186,Low
user912896@outlook.com,287,Low
user913632@yahoo.com,426,Low
user914448@outlook.com,1240,Low
user915347@outlook.com,674,Low
user916720@gmail.com,273,Low
user917403@hotmail.com,2890,Medium
user918683@hotmail.com,1468,Low
user919671@icloud.com,294,Low
user920632@yahoo.com,1199,Low
user921544@outlook.com,800,Low
user922444@gmail.com,2540,Low
user923972@hotmail.com,171,Medium
user924149@gmail.com,304,Low
user925553@icloud.com,2585,Low
user926881@icloud.com,1851,Low
user927887@outlook.com,473,Low
user928969@yahoo.com,1039,Low
user929294@yahoo.com,696,Low
user930154@yahoo.com,1366,Low
user931940@hotmail.com,126,Medium
user932348@gmail.com,2409,Low
user933221@icloud.com,2988,Medium
user934435@yahoo.com,1630,Low
user935242@outlook.com,147,Medium
user936229@gmail.com,848,Low
user937624@hotmail.com,2697,Medium
user938511@icloud.com,140,Medium
user939253@hotmail.com,2419,Low
user940290@yahoo.com,165,Medium
user941972@outlook.com,1603,Low
user942950@yahoo.com,1803,Low
user943498@yahoo.com,1606,Low
user944761@icloud.com,305,Low
user945176@gmail.com,2563,Low
user946321@yahoo.com,639,Low
user947921@gmail.com,2835,Low
user948232@yahoo.com,93,Medium
user949651@icloud.com,2042,Low
user950906@hotmail.com,1499,Low
user951754@yahoo.com,1725,Low
user952855@yahoo.com,2475,Low
user953559@icloud.com,1932,Low
user954824@hotmail.com,908,Low
user955350@icloud.com,2328,Low
user956675@outlook.com,1687,Low
user957989@yahoo.com,2450,Low
user958433@yahoo.com,319,Low
user959666@hotmail.com,1167,Medium
user960265@icloud.com,1096,Low
user961278@icloud.com,147,Medium
user962631@yahoo.com,143,Medium
user963631@hotmail.com,2107,Low
user964975@hotmail.com,2545,Low
user965383@hotmail.com,2157,Low
user966261@gmail.com,54,Medium
user967840@outlook.com,35,Medium
user968930@outlook.com,2924,Low
user969434@yahoo.com,171,Medium
user970231@hotmail.com,1614,Low
user971317@gmail.com,733,Low
user972270@hotmail.com,447,Low
user973133@yahoo.com,1369,Low
user974480@outlook.com,1625,Low
user975225@gmail.com,2306,Low
user976989@gmail.com,8,High
user977407@yahoo.com,2215,Low
user978223@hotmail.com,1037,Low
user979132@gmail.com,277,Low
user980138@gmail.com,65,Medium
user981725@hotmail.com,66,Medium
user982491@hotmail.com,107,Medium
user983547@yahoo.com,83,Low
user984968@yahoo.com,1964,Low
user985197@hotmail.com,1262,Low
user986396@hotmail.com,2607,Low
user987619@outlook.com,2003,Low
user988261@hotmail.com,544,Low
user989702@outlook.com,12,High
user990694@icloud.com,2085,Low
user991111@yahoo.com,114,Medium
user992372@hotmail.com,1109,Low
user993874@yahoo.com,2602,Low
user994360@outlook.com,379,Low
user995132@yahoo.com,2863,Low
user996987@icloud.com,211,Low
user997651@hotmail.com,2916,Low
user998150@gmail.com,2902,Low
user999799@gmail.com,1930,Low
user1000708@hotmail.com,7,High
user1001368@yahoo.com,1985,Low
user1002296@hotmail.com,1104,Low
user1003154@gmail.com,1137,Low
user1004202@gmail.com,182,Low
user1005592@icloud.com,1822,Low
user1006154@yahoo.com,874,Low
user1007272@outlook.com,2803,Low
user1008446@yahoo.com,2113,Low
user1009882@yahoo.com,1830,Low
user1010920@gmail.com,448,Low
user1011906@gmail.com,180,Low
user1012367@outlook.com,1672,Low
user1013759@hotmail.com,1186,Low
user1014162@outlook.com,2652,Low
user1015865@icloud.com,2413,Low
user1016775@hotmail.com,166,Medium
user1017164@hotmail.com,266,Low
user1018395@gmail.com,580,Low
user1019756@yahoo.com,2454,Low
user1020120@gmail.com,1557,Low
user1021508@hotmail.com,611,Low
user1022678@hotmail.com,2524,Low
user1023284@outlook.com,1956,Low
user1024634@hotmail.com,2784,Low
user1025567@outlook.com,125,Medium
user1026281@yahoo.com,69,Medium
user1027545@hotmail.com,1506,Low
user1028385@icloud.com,757,Low
user1029106@icloud.com,1728,Low
user1030861@outlook.com,378,Low
user1031188@hotmail.com,2877,Low
user1032523@gmail.com,673,Low
user1033170@icloud.com,950,Low
user1034545@gmail.com,2435,Low
user1035970@outlook.com,2783,Low
user1036263@yahoo.com,102,Medium
user1037185@gmail.com,608,Low
user1038815@gmail.com,1297,Low
user1039445@yahoo.com,29,High
user1040821@yahoo.com,114,Medium
user1041308@hotmail.com,249,Low
user1042769@outlook.com,1106,Low
user1043113@gmail.com,2565,Low
user1044373@yahoo.com,2251,Low
user1045323@yahoo.com,232,Low
user1046777@hotmail.com,48,Medium
user1047882@hotmail.com,2809,Low
user1048669@hotmail.com,2504,Low
user1049916@gmail.com,933,Low
user1050285@yahoo.com,225,Low
user1051891@gmail.com,28,High
user1052342@icloud.com,1591,Low
user1053773@gmail.com,418,Low
user1054770@yahoo.com,1341,Low
user1055151@outlook.com,54,Medium
user1056615@gmail.com,735,Low
user1057650@yahoo.com,2703,Low
user1058369@yahoo.com,8,High
user1059871@gmail.com,2086,Low
user1060551@icloud.com,348,Low
user1061190@outlook.com,681,Low
user1062646@icloud.com,360,Low
user1063571@yahoo.com,73,Medium
user1064836@outlook.com,1731,Low
user1065547@outlook.com,62,Medium
user1066648@gmail.com,290,Low
user1067409@icloud.com,1826,Low
user1068766@hotmail.com,1284,Low
user1069118@gmail.com,2988,Low
user1070425@yahoo.com,1350,Low
user1071298@yahoo.com,128,Medium
user1072947@gmail.com,2844,Medium
user1073290@outlook.com,80,Medium
user1074606@yahoo.com,555,Low
user1075730@outlook.com,1729,Low
user1076900@outlook.com,1109,Low
user1077949@yahoo.com,848,Low
user1078979@icloud.com,23,High
user1079245@yahoo.com,825,Low
user1080514@gmail.com,1648,Low
user1081975@gmail.com,473,Low
user1082252@gmail.com,1526,Low
user1083426@outlook.com,1680,Low
user1084193@hotmail.com,172,Medium
user1085608@gmail.com,2870,Low
user1086336@gmail.com,2181,Medium
user1087815@outlook.com,2541,Low
user1088962@gmail.com,1641,Low
user1089413@outlook.com,1820,Low
user1090815@yahoo.com,1489,Low
user1091812@icloud.com,2531,Low
user1092637@hotmail.com,1387,Low
user1093703@yahoo.com,2671,Low
user1094719@icloud.com,725,Low
user1095807@yahoo.com,450,Low
user1096409@outlook.com,375,Low
user1097294@outlook.com,1804,Low
user1098186@gmail.com,1106,Low
user1099210@gmail.com,2887,Medium
user1100682@outlook.com,776,Low
user1101148@yahoo.com,1701,Low
user1102320@yahoo.com,641,Low
user1103277@outlook.com,432,Low
user1104147@yahoo.com,739,Low
user1105776@hotmail.com,1260,Low
user1106370@gmail.com,949,Low
user1107900@outlook.com,150,Medium
user1108186@gmail.com,34,Medium
user1109330@hotmail.com,2777,Low
user1110121@outlook.com,869,Low
user1111412@hotmail.com,275,Low
user1112738@yahoo.com,1254,Low
user1113237@gmail.com,155,Medium
user1114350@icloud.com,1985,Low
user1115664@outlook.com,172,Medium
user1116623@gmail.com,1412,Low
user1117498@outlook.com,439,Low
user1118866@outlook.com,1835,Low
user1119165@gmail.com,177,Medium
user1120807@hotmail.com,2556,Low
user1121456@yahoo.com,2,High
user1122463@hotmail.com,207,Low
user1123978@yahoo.com,1199,Low
user1124281@icloud.com,1848,Low
user1125457@yahoo.com,1116,Low
user1126271@gmail.com,2583,Low
user1127776@icloud.com,1633,Low
user1128241@outlook.com,585,Low
user1129693@hotmail.com,759,Low
user1130609@outlook.com,2984,Low
user1131311@icloud.com,1606,Low
user1132267@icloud.com,9,Medium
user1133100@hotmail.com,57,Medium
user1134986@yahoo.com,1903,Low
user1135496@outlook.com,1664,Medium
user1136769@gmail.com,279,Low
user1137358@yahoo.com,1441,Low
user1138219@outlook.com,716,Low
user1139775@outlook.com,2852,Low
user1140647@yahoo.com,60,Medium
user1141834@icloud.com,18,High
user1142698@outlook.com,941,Low
user1143641@gmail.com,413,Low
user1144214@icloud.com,1411,Low
user1145185@gmail.com,1925,Low
user1146545@yahoo.com,143,Medium
user1147624@hotmail.com,615,Low
user1148239@hotmail.com,1822,Low
user1149333@hotmail.com,2164,Low
user1150383@hotmail.com,1796,Medium
user1151246@gmail.com,933,Low
user1152183@icloud.com,2050,Low
user1153449@icloud.com,2259,Low
user1154953@gmail.com,883,Low
user1155575@gmail.com,185,Low
user1156761@outlook.com,750,Low
user1157608@yahoo.com,2374,Low
user1158441@hotmail.com,2766,Low
user1159455@gmail.com,1662,Low
user1160531@icloud.com,153,Medium
user1161749@yahoo.com,1524,Low
user1162108@outlook.com,1076,Low
user1163122@hotmail.com,1065,Low
user1164214@yahoo.com,1636,Low
user1165313@hotmail.com,79,Medium
user1166737@gmail.com,4,High
user1167983@yahoo.com,44,Medium
user1168202@hotmail.com,1314,Low
user1169853@hotmail.com,187,Low
user1170152@gmail.com,160,Medium
user1171132@hotmail.com,9,High
user1172112@gmail.com,2506,Low
user1173770@icloud.com,509,Low
user1174565@outlook.com,225,Low
user1175285@yahoo.com,88,High
user1176196@yahoo.com,1493,Low
user1177491@gmail.com,658,Low
user1178590@hotmail.com,1245,Low
user1179212@hotmail.com,145,Medium
user1180385@hotmail.com,1143,Low
user1181167@yahoo.com,888,Low
user1182354@outlook.com,1743,Low
user1183940@yahoo.com,823,Low
user1184975@hotmail.com,536,Low
user1185198@hotmail.com,537,Low
user1186520@gmail.com,1891,Low
user1187373@gmail.com,36,Medium
user1188578@yahoo.com,756,Low
user1189818@outlook.com,2459,Low
user1190156@outlook.com,1097,Low
user1191832@outlook.com,2380,Low
user1192972@outlook.com,1096,Low
user1193602@icloud.com,540,Low
user1194736@icloud.com,20,High
user1195410@hotmail.com,131,Medium
user1196719@outlook.com,1235,Low
user1197574@yahoo.com,38,Medium
user1198514@outlook.com,104,Medium
user1199221@icloud.com,8,High
user1200557@hotmail.com,2635,Low
user1201668@icloud.com,2871,Low
user1202436@outlook.com,2345,Low
user1203862@gmail.com,2340,Low
user1204232@yahoo.com,833,Low
user1205115@hotmail.com,2440,Low
user1206500@hotmail.com,32,Medium
user1207691@outlook.com,1207,Low
user1208635@outlook.com,2857,Low
user1209856@icloud.com,28,High
user1210983@outlook.com,2716,Low
user1211976@gmail.com,1938,Low
user1212146@hotmail.com,2819,Low
user1213946@hotmail.com,450,Low
user1214642@gmail.com,1134,Low
user1215512@yahoo.com,2363,Low
user1216446@yahoo.com,1045,Low
user1217810@gmail.com,2951,Low
user1218954@hotmail.com,135,Medium
user1219574@icloud.com,2638,Low
user1220566@yahoo.com,733,Low
user1221209@icloud.com,2214,Low
user1222692@gmail.com,1940,Low
user1223989@gmail.com,303,Low
user1224287@outlook.com,2079,Medium
user1225846@hotmail.com,2722,Low
user1226327@outlook.com,1787,Low
user1227411@outlook.com,165,Low
user1228832@gmail.com,2924,Low
user1229456@yahoo.com,842,Low
user1230436@gmail.com,1361,Low
user1231107@hotmail.com,741,Low
user1232441@hotmail.com,200,Low
user1233167@gmail.com,855,Low
user1234975@outlook.com,109,Medium
user1235859@hotmail.com,2902,Low
user1236202@hotmail.com,771,Low
user1237257@gmail.com,737,Low
user1238703@hotmail.com,896,Low
user1239904@outlook.com,2262,Low
user1240321@outlook.com,79,Medium
user1241272@outlook.com,1861,Low
user1242279@hotmail.com,2548,Low
user1243694@outlook.com,415,Low
user1244734@yahoo.com,2406,Low
user1245428@icloud.com,352,Low
user1246433@yahoo.com,147,Medium
user1247365@outlook.com,2728,Low
user1248635@outlook.com,1790,Low
user1249551@gmail.com,141,High
user1250887@icloud.com,518,Low
user1251528@hotmail.com,760,Low
user1252500@outlook.com,574,Low
user1253854@gmail.com,1881,Low
user1254999@icloud.com,1639,Low
user1255563@icloud.com,810,Medium
user1256333@yahoo.com,10,High
user1257238@yahoo.com,2444,Low
user1258496@icloud.com,391,Low
user1259752@outlook.com,172,Medium
user1260511@yahoo.com,485,Low
user1261574@gmail.com,1155,Low
user1262340@gmail.com,2923,Low
user1263294@gmail.com,1998,Low
user1264941@gmail.com,2978,Low
user1265205@icloud.com,412,Low
user1266744@hotmail.com,2301,Low
user1267776@gmail.com,323,Low
user1268836@hotmail.com,660,Low
user1269788@outlook.com,997,Low
user1270405@yahoo.com,784,Low
user1271879@icloud.com,2858,Low
user1272816@hotmail.com,524,Low
user1273478@outlook.com,2320,Low
user1274975@yahoo.com,2184,Low
user1275293@outlook.com,924,Low
user1276627@icloud.com,2477,Low
user1277197@outlook.com,1211,Medium
user1278508@yahoo.com,2110,Low
user1279429@yahoo.com,2230,Low
user1280735@yahoo.com,1549,Low
user1281936@gmail.com,2433,Low
user1282850@outlook.com,2869,Low
user1283757@yahoo.com,1004,Low
user1284704@yahoo.com,490,Low
user1285541@gmail.com,2220,Low
user1286905@icloud.com,492,Low
user1287361@gmail.com,988,Low
user1288940@icloud.com,126,Medium
user1289253@yahoo.com,2436,Low
user1290775@icloud.com,286,Low
user1291294@hotmail.com,15,High
user1292710@yahoo.com,374,Low
user1293198@outlook.com,610,Low
user1294331@hotmail.com,81,Medium
user1295301@gmail.com,164,Medium
user1296284@yahoo.com,105,Medium
user1297559@gmail.com,2475,Medium
user1298189@icloud.com,2825,Low
user1299722@outlook.com,295,Low
user1300402@outlook.com,2219,Low
user1301116@hotmail.com,143,Medium
user1302913@outlook.com,2645,Low
user1303110@outlook.com,2033,Low
user1304169@icloud.com,2,High
user1305351@hotmail.com,1056,Low
user1306852@gmail.com,2545,Low
user1307803@icloud.com,1732,Low
user1308717@outlook.com,7,High
user1309989@hotmail.com,962,Low
user1310329@hotmail.com,853,Low
user1311400@yahoo.com,72,Medium
user1312229@icloud.com,1601,Low
user1313318@yahoo.com,1207,Low
user1314507@icloud.com,338,Low
user1315755@icloud.com,353,Low
user1316962@icloud.com,209,Low
user1317761@hotmail.com,2189,Low
user1318537@gmail.com,2272,Low
user1319490@gmail.com,1253,Low
user1320816@gmail.com,216,Low
user1321864@hotmail.com,2088,Low
user1322178@yahoo.com,179,Medium
user1323680@icloud.com,1303,Low
user1324510@yahoo.com,1773,Low
user1325360@icloud.com,45,Medium
user1326279@outlook.com,830,Low
user1327894@yahoo.com,2299,Low
user1328853@hotmail.com,157,Medium
user1329998@icloud.com,2558,Low
user1330406@hotmail.com,2215,Low
user1331250@gmail.com,1307,Low
user1332861@icloud.com,2508,Low
user1333306@gmail.com,851,Low
user1334131@outlook.com,1958,Low
user1335318@gmail.com,2618,Low
user1336737@hotmail.com,1897,Low
user1337825@icloud.com,347,Low
user1338742@icloud.com,489,Low
user1339605@hotmail.com,1512,Low
user1340981@yahoo.com,293,Low
user1341258@hotmail.com,608,Low
user1342148@icloud.com,31,Medium
user1343722@icloud.com,1444,Low
user1344884@yahoo.com,615,Low
user1345369@gmail.com,1347,Low
user1346912@outlook.com,2854,Low
user1347994@yahoo.com,418,Low
user1348542@yahoo.com,471,Low
user1349892@yahoo.com,2491,Low
user1350170@hotmail.com,1727,Low
user1351453@hotmail.com,701,Low
user1352178@hotmail.com,878,Low
user1353936@hotmail.com,1245,Low
user1354931@yahoo.com,317,Low
user1355523@icloud.com,1901,Low
user1356702@hotmail.com,2713,Low
user1357223@outlook.com,1853,Low
user1358662@icloud.com,650,Medium
user1359971@outlook.com,1738,Low
user1360898@outlook.com,1310,Low
user1361593@outlook.com,176,Medium
user1362429@outlook.com,2588,Low
user1363432@gmail.com,545,Low
user1364231@outlook.com,1433,Medium
user1365300@gmail.com,191,Low
user1366591@gmail.com,105,Medium
user1367973@yahoo.com,35,Low
user1368970@gmail.com,389,Low
user1369349@hotmail.com,848,Low
user1370697@hotmail.com,68,Medium
user1371464@icloud.com,1150,Low
user1372623@gmail.com,2819,Low
user1373544@outlook.com,1813,Low
user1374706@yahoo.com,2222,Low
user1375352@hotmail.com,1957,Low
user1376503@hotmail.com,615,Low
user1377669@yahoo.com,278,Low
user1378866@hotmail.com,790,Low
user1379111@yahoo.com,1431,Low
user1380325@hotmail.com,1546,Medium
user1381299@yahoo.com,533,Low
user1382190@gmail.com,1286,Low
user1383890@gmail.com,540,Medium
user1384305@outlook.com,198,Low
user1385957@hotmail.com,2189,Low
user1386238@outlook.com,266,Low
user1387813@gmail.com,2184,Low
user1388408@hotmail.com,2245,Low
user1389439@gmail.com,1092,Low
user1390102@yahoo.com,507,Low
user1391131@outlook.com,439,Low
user1392559@gmail.com,48,Medium
user1393381@gmail.com,2878,Low
user1394518@hotmail.com,1886,Low
user1395265@yahoo.com,2901,Medium
user1396719@gmail.com,2052,Low
user1397234@gmail.com,2625,Low
user1398124@outlook.com,19,High
user1399231@hotmail.com,2775,Low
user1400575@hotmail.com,1131,Low
user1401903@outlook.com,2219,Low
user1402539@gmail.com,2425,Low
user1403328@icloud.com,581,Low
user1404402@outlook.com,1829,Low
user1405408@hotmail.com,1070,Low
user1406676@icloud.com,128,Medium
user1407429@hotmail.com,538,Low
user1408127@outlook.com,34,Low
user1409326@yahoo.com,1822,Low
user1410331@icloud.com,2735,Low
user1411165@hotmail.com,2216,Low
user1412184@icloud.com,60,Medium
user1413816@gmail.com,158,Medium
user1414188@outlook.com,2468,Low
user1415744@icloud.com,1782,Low
user1416419@yahoo.com,2683,Low
user1417971@icloud.com,2257,Low
user1418142@gmail.com,771,Low
user1419165@yahoo.com,1710,Medium
user1420623@outlook.com,2007,Low
user1421979@gmail.com,1567,Low
user1422987@yahoo.com,1303,Low
user1423847@gmail.com,2936,Low
user1424796@yahoo.com,2475,Low
user1425243@hotmail.com,2948,Low
user1426533@icloud.com,1070,Low
user1427721@outlook.com,1237,Low
user1428677@yahoo.com,583,Low
user1429161@hotmail.com,2830,Low
user1430448@gmail.com,2284,Low
user1431205@icloud.com,249,Low
user1432820@yahoo.com,2845,Medium
user1433693@hotmail.com,1659,Low
user1434532@outlook.com,90,Medium
user1435672@gmail.com,1572,Medium
user1436945@icloud.com,845,Low
user1437104@hotmail.com,1177,Low
user1438223@hotmail.com,674,Low
user1439298@outlook.com,776,Low
user1440223@hotmail.com,1949,Low
user1441394@outlook.com,997,Low
user1442693@gmail.com,23,Medium
user1443198@gmail.com,180,Low
user1444325@outlook.com,1032,Low
user1445523@icloud.com,2269,Low
user1446417@icloud.com,781,Low
user1447864@icloud.com,171,Medium
user1448340@outlook.com,1011,Low
user1449554@hotmail.com,2465,Low
user1450874@yahoo.com,2658,Low
user1451790@icloud.com,36,Medium
user1452797@hotmail.com,90,Medium
user1453585@icloud.com,1153,Low
user1454518@yahoo.com,1087,Low
user1455950@hotmail.com,2308,Low
user1456723@gmail.com,2402,Low
user1457489@outlook.com,2231,Low
user1458292@hotmail.com,2586,Low
user1459157@outlook.com,361,Low
user1460300@gmail.com,2615,Low
user1461758@hotmail.com,170,Medium
user1462931@outlook.com,35,Medium
user1463880@outlook.com,2829,Low
user1464649@icloud.com,2448,Low
user1465630@outlook.com,1427,Low
user1466992@icloud.com,1198,Low
user1467152@icloud.com,3,High
user1468164@icloud.com,317,Low
user1469803@yahoo.com,3000,Low
user1470510@outlook.com,43,Low
user1471832@outlook.com,2469,Low
user1472452@outlook.com,1446,Low
user1473966@gmail.com,775,Low
user1474552@icloud.com,2882,Low
user1475133@outlook.com,86,Medium
user1476643@gmail.com,2477,Low
user1477904@yahoo.com,45,Medium
user1478364@yahoo.com,2775,Low
user1479209@outlook.com,165,Medium
user1480334@hotmail.com,2203,Low
user1481798@icloud.com,132,Medium
user1482106@yahoo.com,927,Low
user1483563@icloud.com,1837,Low
user1484145@gmail.com,594,Low
user1485200@yahoo.com,1,High
user1486650@hotmail.com,1173,Low
user1487834@gmail.com,179,Medium
user1488321@icloud.com,938,Low
user1489446@icloud.com,1609,Medium
user1490237@icloud.com,636,Low
user1491846@yahoo.com,879,Low
user1492924@icloud.com,493,Low
user1493420@icloud.com,1790,Low
user1494690@yahoo.com,1611,Low
user1495486@yahoo.com,404,Low
user1496793@icloud.com,1570,Low
user1497385@hotmail.com,652,Low
user1498304@gmail.com,1870,Low
user1499619@gmail.com,2496,Low
user1500456@yahoo.com,127,Medium
user1501417@hotmail.com,385,Low
user1502700@hotmail.com,2648,Low
user1503999@gmail.com,143,Medium
user1504200@yahoo.com,1257,Low
user1505812@outlook.com,1955,Low
user1506528@icloud.com,580,Medium
user1507823@yahoo.com,245,Low
user1508196@hotmail.com,259,Low
user1509220@hotmail.com,572,Low
user1510578@gmail.com,988,Low
user1511707@yahoo.com,2567,Low
user1512740@hotmail.com,17,High
user1513376@icloud.com,969,Low
user1514619@icloud.com,352,Low
user1515877@hotmail.com,868,Low
user1516145@outlook.com,1544,Low
user1517628@icloud.com,1745,Low
user1518366@icloud.com,2344,Low
user1519285@yahoo.com,2997,Low
user1520238@outlook.com,386,Low
user1521979@yahoo.com,2995,Low
user1522350@icloud.com,2546,Low
user1523715@outlook.com,1745,Low
user1524865@icloud.com,50,Medium
user1525795@icloud.com,2001,Low
user1526239@icloud.com,106,Medium
user1527829@outlook.com,2257,Low
user1528531@icloud.com,123,Medium
user1529834@gmail.com,2835,Low
user1530532@outlook.com,2891,Low
user1531871@outlook.com,2595,Low
user1532847@outlook.com,1477,Low
user1533825@hotmail.com,803,Low
user1534608@icloud.com,961,Low
user1535485@gmail.com,100,Medium
user1536368@outlook.com,156,Medium
user1537590@outlook.com,2235,Low
user1538736@hotmail.com,54,Medium
user1539274@hotmail.com,511,Low
user1540880@hotmail.com,2381,Low
user1541862@yahoo.com,2097,Low
user1542440@outlook.com,22,High
user1543858@icloud.com,2725,Low
user1544859@yahoo.com,143,Medium
user1545489@hotmail.com,2824,Low
user1546930@icloud.com,2792,Low
user1547863@gmail.com,553,Low
user1548249@gmail.com,846,Low
user1549190@outlook.com,90,Low
user1550910@yahoo.com,910,Low
user1551309@gmail.com,1263,Low
user1552949@yahoo.com,2753,Low
user1553730@gmail.com,2565,Low
user1554848@gmail.com,2507,Low
user1555773@icloud.com,716,Low
user1556476@hotmail.com,883,Low
user1557537@hotmail.com,1604,Low
user1558688@outlook.com,1349,Low
user1559383@gmail.com,2073,Low
user1560173@outlook.com,1503,Low
user1561854@outlook.com,195,Low
user1562546@gmail.com,1240,Low
user1563864@icloud.com,1839,Low
user1564748@yahoo.com,1850,Low
user1565473@gmail.com,2253,Low
user1566479@icloud.com,2687,Low
user1567567@icloud.com,464,Low
user1568282@hotmail.com,2417,Low
user1569753@outlook.com,1061,Low
user1570979@gmail.com,2708,Low
user1571358@icloud.com,2835,Low
user1572612@outlook.com,2118,Low
user1573867@hotmail.com,2961,Low
user1574520@yahoo.com,992,Low
user1575360@icloud.com,593,Low
user1576831@icloud.com,1727,Low
user1577376@hotmail.com,2846,Low
user1578534@icloud.com,2597,Low
user1579376@gmail.com,1078,Low
user1580542@icloud.com,1128,Low
user1581789@yahoo.com,2068,Low
user1582370@gmail.com,2621,Low
user1583270@outlook.com,2893,Low
user1584486@outlook.com,1317,Low
user1585247@gmail.com,1584,Low
user1586269@gmail.com,751,Low
user1587620@icloud.com,1,High
user1588482@gmail.com,155,Medium
user1589406@gmail.com,2890,Low
user1590801@yahoo.com,184,Low
user1591822@hotmail.com,668,Low
user1592440@yahoo.com,682,Low
user1593824@hotmail.com,2454,Low
user1594922@outlook.com,1180,Low
user1595254@hotmail.com,562,Low
user1596158@hotmail.com,2050,Low
user1597874@hotmail.com,672,Low
user1598792@yahoo.com,2063,Low
user1599219@gmail.com,1593,Low
user1600152@icloud.com,2181,Low
user1601789@outlook.com,1387,Low
user1602693@gmail.com,53,Medium
user1603519@hotmail.com,741,Low
user1604863@icloud.com,952,Low
user1605271@outlook.com,2875,Low
user1606824@yahoo.com,1259,Low
user1607359@hotmail.com,1285,Low
user1608431@yahoo.com,226,Low
user1609225@yahoo.com,891,Low
user1610679@hotmail.com,2133,Low
user1611691@icloud.com,2930,Low
user1612801@gmail.com,1586,Low
user1613774@gmail.com,763,Low
user1614945@gmail.com,899,Low
user1615343@hotmail.com,780,Low
user1616450@hotmail.com,2377,Low
user1617229@yahoo.com,1645,Medium
user1618746@outlook.com,138,Medium
user1619696@icloud.com,1175,Medium
user1620869@outlook.com,903,Low
user1621328@hotmail.com,1459,Low
user1622131@gmail.com,2766,Low
user1623474@outlook.com,715,Low
user1624418@gmail.com,1822,Low
user1625880@outlook.com,2851,Low
user1626576@yahoo.com,78,Medium
user1627419@outlook.com,2841,Low
user1628930@outlook.com,1689,Low
user1629278@hotmail.com,1620,Low
user1630256@outlook.com,46,Medium
user1631354@yahoo.com,714,Low
user1632406@outlook.com,2965,Low
user1633121@outlook.com,1614,Low
user1634746@yahoo.com,2309,Medium
user1635100@icloud.com,200,Low
user1636124@hotmail.com,1930,Low
user1637312@gmail.com,153,Medium
user1638530@hotmail.com,1646,Low
user1639841@hotmail.com,207,Low
user1640646@yahoo.com,317,Low
user1641572@gmail.com,1886,Low
user1642411@outlook.com,109,Medium
user1643116@gmail.com,800,Low
user1644592@gmail.com,2482,Low
user1645704@gmail.com,1411,Low
user1646199@icloud.com,97,Medium
user1647331@gmail.com,2733,Low
user1648202@hotmail.com,1671,Low
user1649861@icloud.com,98,Low
user1650522@icloud.com,18,High
user1651585@icloud.com,36,Medium
user1652989@icloud.com,1200,Low
user1653718@yahoo.com,697,Low
user1654773@hotmail.com,1749,Low
user1655213@hotmail.com,27,High
user1656564@gmail.com,1782,Low
user1657568@outlook.com,824,Low
user1658560@gmail.com,2351,Low
user1659456@icloud.com,386,Medium
user1660121@gmail.com,74,Medium
user1661927@gmail.com,1860,Low
user1662213@gmail.com,622,Medium
user1663969@hotmail.com,1568,Low
user1664997@gmail.com,205,Low
user1665341@gmail.com,2069,Low
user1666485@outlook.com,2354,Low
user1667593@hotmail.com,196,Low
user1668447@gmail.com,35,Medium
user1669597@gmail.com,1677,Low
user1670107@gmail.com,419,Low
user1671741@hotmail.com,2753,Low
user1672973@icloud.com,2496,Low
user1673171@hotmail.com,1916,Low
user1674835@yahoo.com,2769,Low
user1675380@gmail.com,1979,Low
user1676716@yahoo.com,98,Medium
user1677539@hotmail.com,2779,Low
user1678590@gmail.com,2246,Low
user1679830@outlook.com,264,Low
user1680427@outlook.com,160,High
user1681321@icloud.com,173,Medium
user1682310@yahoo.com,856,Low
user1683918@gmail.com,901,Low
user1684102@icloud.com,953,Low
user1685434@gmail.com,1820,Low
user1686231@icloud.com,727,Low
user1687378@yahoo.com,2942,Low
user1688726@icloud.com,110,Medium
user1689104@gmail.com,2101,Low
user1690103@hotmail.com,2312,Low
user1691481@yahoo.com,85,Medium
user1692278@outlook.com,1857,Low
user1693555@outlook.com,22,High
user1694946@yahoo.com,1467,Low
user1695555@icloud.com,1515,Low
user1696206@gmail.com,2996,Low
user1697709@icloud.com,2336,Low
user1698718@icloud.com,2543,Low
user1699948@yahoo.com,1644,Low
user1700108@gmail.com,2528,Low
user1701970@gmail.com,651,Low
user1702211@icloud.com,2526,Low
user1703539@outlook.com,2544,Low
user1704793@gmail.com,1455,Low
user1705252@yahoo.com,841,Low
user1706189@yahoo.com,1118,Low
user1707437@gmail.com,2708,Low
user1708911@outlook.com,1287,Low
user1709962@icloud.com,258,Low
user1710362@outlook.com,217,Low
user1711419@yahoo.com,2953,Medium
user1712939@yahoo.com,2906,Low
user1713758@icloud.com,1968,Low
user1714217@icloud.com,870,Low
user1715250@gmail.com,2696,Low
user1716602@hotmail.com,1527,Low
user1717154@outlook.com,2466,Low
user1718950@outlook.com,110,Medium
user1719552@gmail.com,257,Low
user1720510@gmail.com,38,Medium
user1721176@icloud.com,1024,Low
user1722670@outlook.com,746,Low
user1723898@icloud.com,132,Low
user1724692@outlook.com,2444,Low
user1725608@hotmail.com,634,Low
user1726581@outlook.com,2739,Low
user1727796@hotmail.com,2977,Low
user1728292@yahoo.com,580,Low
user1729957@hotmail.com,219,Low
user1730316@outlook.com,15,High
user1731211@gmail.com,2621,Medium
user1732710@yahoo.com,1516,Low
user1733108@gmail.com,2378,Low
user1734629@icloud.com,2552,Low
user1735593@hotmail.com,624,Low
user1736533@icloud.com,47,Medium
user1737170@yahoo.com,1407,Low
user1738485@yahoo.com,1228,Low
user1739519@hotmail.com,1675,Low
user1740234@yahoo.com,9,High
user1741918@gmail.com,17,High
user1742625@icloud.com,1557,Low
user1743954@hotmail.com,1494,Low
user1744271@hotmail.com,2962,Low
user1745906@icloud.com,719,Medium
user1746559@hotmail.com,2178,Low
user1747821@outlook.com,2807,Low
user1748643@outlook.com,1591,Low
user1749142@yahoo.com,1242,Low
user1750752@outlook.com,1925,Low
user1751806@yahoo.com,19,High
user1752793@outlook.com,2628,Low
user1753129@gmail.com,2295,Low
user1754474@yahoo.com,679,Low
user1755474@hotmail.com,1760,Low
user1756431@yahoo.com,1603,Low
user1757234@outlook.com,1481,Low
user1758194@outlook.com,957,Low
user1759625@hotmail.com,305,Low
user1760696@yahoo.com,908,Low
user1761462@icloud.com,874,Low
user1762900@gmail.com,556,Low
user1763572@icloud.com,920,Low
user1764140@gmail.com,1116,Low
user1765792@hotmail.com,641,Low
user1766508@icloud.com,2764,Low
user1767214@yahoo.com,8,High
user1768453@gmail.com,1800,Low
user1769195@gmail.com,514,Low
user1770506@hotmail.com,1825,Low
user1771530@yahoo.com,2491,Low
user1772275@yahoo.com,167,Medium
user1773689@icloud.com,668,Low
user1774297@yahoo.com,2800,Low
user1775200@icloud.com,1288,Low
user1776625@gmail.com,219,Low
user1777980@yahoo.com,327,Low
user1778488@hotmail.com,1210,Low
user1779387@outlook.com,1489,Low
user1780373@yahoo.com,2131,Low
user1781130@hotmail.com,1259,Low
user1782932@icloud.com,2140,Low
user1783400@yahoo.com,1548,Low
user1784763@icloud.com,473,Low
user1785385@hotmail.com,1930,Low
user1786994@hotmail.com,1308,Low
user1787647@icloud.com,2962,Low
user1788198@gmail.com,2134,Low
user1789526@gmail.com,675,Low
user1790317@hotmail.com,2204,Low
user1791197@yahoo.com,1569,Low
user1792251@hotmail.com,279,Low
user1793886@gmail.com,28,High
user1794330@yahoo.com,2575,Low
user1795839@outlook.com,2214,Low
user1796582@icloud.com,1949,Low
user1797414@outlook.com,993,Low
user1798480@icloud.com,903,Low
user1799509@icloud.com,120,Medium
user1800544@yahoo.com,127,Medium
user1801790@yahoo.com,2236,Low
user1802309@icloud.com,339,Low
user1803740@gmail.com,2442,Low
user1804742@icloud.com,168,Medium
user1805302@hotmail.com,116,Medium
user1806793@yahoo.com,1091,Low
user1807230@outlook.com,322,Low
user1808991@outlook.com,583,Low
user1809433@outlook.com,27,High
user1810906@outlook.com,1512,Low
user1811308@icloud.com,2115,Medium
user1812536@icloud.com,467,Low
user1813411@icloud.com,80,Medium
user1814786@gmail.com,2724,Low
user1815545@hotmail.com,1914,Low
user1816666@yahoo.com,559,Low
user1817319@hotmail.com,2735,Low
user1818466@outlook.com,1151,Low
user1819988@outlook.com,85,Medium
user1820536@gmail.com,535,Low
user1821421@hotmail.com,702,Low
user1822908@hotmail.com,990,Medium
user1823510@outlook.com,976,Low
user1824649@gmail.com,2,High
user1825880@yahoo.com,504,Low
user1826669@outlook.com,2338,Low
user1827539@outlook.com,500,Low
user1828300@gmail.com,1107,Low
user1829817@hotmail.com,2268,Low
user1830872@gmail.com,37,Medium
user1831818@gmail.com,2416,Low
user1832948@hotmail.com,1561,Low
user1833180@outlook.com,71,Medium
user1834299@gmail.com,1614,Low
user1835497@gmail.com,115,Medium
user1836522@icloud.com,2965,Low
user1837834@yahoo.com,23,High
user1838499@gmail.com,2658,Low
user1839395@yahoo.com,1141,Low
user1840387@gmail.com,507,Low
user1841250@yahoo.com,2374,Low
user1842872@icloud.com,2725,Low
user1843422@outlook.com,810,Low
user1844291@hotmail.com,2359,Low
user1845232@gmail.com,2924,Low
user1846592@outlook.com,341,Low
user1847709@hotmail.com,483,Low
user1848910@outlook.com,1043,Low
user1849513@gmail.com,2296,Low
user1850319@gmail.com,1062,Low
user1851323@icloud.com,2351,Low
user1852834@yahoo.com,1746,Low
user1853302@gmail.com,1043,Low
user1854337@gmail.com,1643,Low
user1855867@yahoo.com,100,Medium
user1856855@hotmail.com,1680,Low
user1857632@icloud.com,1951,Low
user1858124@hotmail.com,2474,Low
user1859415@hotmail.com,1569,Low
user1860945@icloud.com,1224,Low
user1861490@icloud.com,2544,Low
user1862917@icloud.com,131,Medium
user1863578@gmail.com,2202,Low
user1864516@hotmail.com,1593,Low
user1865400@yahoo.com,2621,Low
user1866708@icloud.com,1636,Low
user1867381@icloud.com,1177,Low
user1868725@icloud.com,2347,Low
user1869694@yahoo.com,1850,Low
user1870930@outlook.com,923,Low
user1871578@outlook.com,1816,Low
user1872390@gmail.com,2557,Low
user1873983@gmail.com,1166,Low
user1874519@gmail.com,951,Medium
user1875263@hotmail.com,690,Low
user1876204@yahoo.com,2953,Low
user1877221@gmail.com,1688,Low
user1878360@hotmail.com,1133,Low
user1879904@icloud.com,2916,Low
user1880134@icloud.com,161,Low
user1881511@icloud.com,2749,Low
user1882220@outlook.com,2629,Low
user1883243@gmail.com,2377,Low
user1884714@icloud.com,2188,Low
user1885547@outlook.com,765,Low
user1886226@hotmail.com,132,Medium
user1887854@gmail.com,1532,Low
user1888979@gmail.com,518,Low
user1889626@icloud.com,56,Medium
user1890660@outlook.com,1364,Low
user1891700@yahoo.com,94,Medium
user1892251@icloud.com,2210,Low
user1893444@hotmail.com,1693,Medium
user1894595@icloud.com,2895,Low
user1895585@gmail.com,525,Low
user1896798@yahoo.com,2723,Low
user1897391@gmail.com,104,Low
user1898164@hotmail.com,2882,Low
user1899856@gmail.com,753,Low
user1900879@icloud.com,881,Low
user1901556@gmail.com,2356,Low
user1902487@hotmail.com,2766,Low
user1903890@yahoo.com,171,Medium
user1904823@hotmail.com,1432,Low
user1905102@gmail.com,2972,Low
user1906918@outlook.com,65,Medium
user1907518@outlook.com,88,Medium
user1908808@gmail.com,2620,Low
user1909457@icloud.com,69,High
user1910941@yahoo.com,2263,Low
user1911701@icloud.com,141,Medium
user1912919@gmail.com,1219,Low
user1913564@outlook.com,1226,Low
user1914866@icloud.com,92,Medium
user1915688@yahoo.com,968,Low
user1916505@outlook.com,46,Medium
user1917133@outlook.com,2266,Low
user1918576@gmail.com,992,Low
user1919449@hotmail.com,48,Medium
user1920555@outlook.com,2678,Low
user1921599@hotmail.com,501,Medium
user1922947@yahoo.com,1653,Low
user1923560@gmail.com,946,Low
user1924720@yahoo.com,308,Low
user1925782@yahoo.com,1863,Low
user1926207@hotmail.com,611,Low
user1927802@gmail.com,2505,Low
user1928145@gmail.com,1640,Low
user1929560@outlook.com,2287,Medium
user1930248@gmail.com,90,Medium
user1931138@yahoo.com,2978,Low
user1932239@hotmail.com,418,Low
user1933240@hotmail.com,722,Medium
user1934606@icloud.com,2904,Low
user1935977@hotmail.com,329,Low
user1936202@icloud.com,148,Medium
user1937169@gmail.com,184,Low
user1938725@hotmail.com,1902,Low
user1939432@icloud.com,23,High
user1940431@outlook.com,1569,Low
user1941352@outlook.com,2021,Low
user1942684@hotmail.com,64,Medium
user1943508@gmail.com,87,Medium
user1944848@gmail.com,1673,Medium
user1945661@yahoo.com,2139,Low
user1946376@hotmail.com,2688,Low
user1947210@icloud.com,325,Low
user1948353@icloud.com,710,Low
user1949163@hotmail.com,49,Medium
user1950502@icloud.com,913,Low
user1951767@hotmail.com,1010,Low
user1952815@gmail.com,1095,Low
user1953547@hotmail.com,465,Low
user1954741@yahoo.com,2946,Low
user1955476@hotmail.com,2666,Low
user1956975@gmail.com,2122,Low
user1957343@hotmail.com,489,Low
user1958860@outlook.com,9,High
user1959851@hotmail.com,1656,Low
user1960905@icloud.com,2257,Low
user1961461@outlook.com,1142,Low
user1962172@gmail.com,1090,Low
user1963197@hotmail.com,2381,Low
user1964558@gmail.com,23,High
user1965314@yahoo.com,244,Medium
user1966963@icloud.com,1405,Low
user1967711@outlook.com,60,Medium
user1968533@icloud.com,2211,Low
user1969618@icloud.com,72,Medium
user1970610@hotmail.com,325,Low
user1971837@yahoo.com,1802,Low
user1972155@icloud.com,774,Low
user1973560@hotmail.com,347,Low
user1974880@gmail.com,633,Low
user1975809@gmail.com,2401,Low
user1976943@icloud.com,1431,Low
user1977809@outlook.com,392,Low
user1978894@gmail.com,2817,Medium
user1979296@gmail.com,2985,Low
user1980158@gmail.com,2144,Low
user1981315@icloud.com,1554,Low
user1982353@icloud.com,27,High
user1983785@yahoo.com,1287,Medium
user1984314@icloud.com,1488,Low
user1985157@yahoo.com,2293,Low
user1986234@outlook.com,1407,Low
user1987149@icloud.com,416,Low
user1988460@outlook.com,2503,Low
user1989544@gmail.com,194,Low
user1990892@gmail.com,101,Medium
user1991683@icloud.com,1283,Low
user1992209@hotmail.com,187,Low
user1993498@outlook.com,187,Low
user1994265@gmail.com,2670,Low
user1995939@icloud.com,1138,Low
user1996551@yahoo.com,2205,Low
user1997587@yahoo.com,1660,Low
user1998207@yahoo.com,1132,Low
user1999949@gmail.com,2816,Low
user2000351@hotmail.com,937,Low
user2001301@gmail.com,43,Medium
user2002554@hotmail.com,392,Low
user2003736@outlook.com,1888,Low
user2004798@outlook.com,388,Low
user2005677@hotmail.com,1918,Low
user2006739@yahoo.com,115,Medium
user2007634@yahoo.com,2647,Medium
user2008542@hotmail.com,930,Low
user2009899@outlook.com,142,Medium
user2010996@outlook.com,203,Low
user2011702@hotmail.com,712,Low
user2012132@gmail.com,2023,Low
user2013547@yahoo.com,2077,Low
user2014274@icloud.com,1322,Low
user2015309@yahoo.com,758,Low
user2016529@icloud.com,1638,Low
user2017511@outlook.com,604,Low
user2018461@yahoo.com,2502,Low
user2019650@hotmail.com,2752,Low
user2020524@hotmail.com,366,Low
user2021307@hotmail.com,1968,Low
user2022784@gmail.com,1276,Low
user2023723@icloud.com,1887,Medium
user2024732@icloud.com,1937,Low
user2025714@hotmail.com,702,Low
user2026390@yahoo.com,2398,Low
user2027721@gmail.com,515,Medium
user2028685@gmail.com,508,Low
user2029317@outlook.com,2664,Low
user2030162@yahoo.com,853,Low
user2031910@icloud.com,2690,Low
user2032232@icloud.com,1189,Medium
user2033395@icloud.com,637,Low
user2034757@gmail.com,16,High
user2035171@yahoo.com,2514,Low
user2036191@icloud.com,190,Low
user2037501@outlook.com,1083,Low
user2038835@hotmail.com,1830,Low
user2039140@gmail.com,1093,Low
user2040769@gmail.com,2094,Low
user2041852@yahoo.com,1882,Low
user2042887@yahoo.com,164,Medium
user2043446@outlook.com,1287,Low
user2044158@yahoo.com,1076,Low
user2045721@outlook.com,880,Low
user2046717@gmail.com,1011,Low
user2047804@hotmail.com,1464,Low
user2048443@hotmail.com,84,Medium
user2049747@outlook.com,63,Medium
user2050996@icloud.com,1229,Low
user2051495@hotmail.com,2448,Low
user2052783@outlook.com,1140,Low
user2053169@yahoo.com,2598,Low
user2054494@yahoo.com,514,Medium
user2055795@gmail.com,1088,Low
user2056200@icloud.com,63,Medium
user2057401@outlook.com,913,Low
user2058159@hotmail.com,161,Medium
user2059389@hotmail.com,1027,Low
user2060493@yahoo.com,2046,Low
user2061495@icloud.com,885,Low
user2062283@outlook.com,228,Low
user2063313@gmail.com,1584,Low
user2064522@icloud.com,75,Medium
user2065622@yahoo.com,1591,Low
user2066660@yahoo.com,177,Medium
user2067422@gmail.com,1843,Low
user2068622@hotmail.com,1984,Low
user2069691@gmail.com,693,Low
user2070855@gmail.com,1834,Low
user2071310@hotmail.com,2925,Low
user2072644@outlook.com,947,Low
user2073361@gmail.com,180,Low
user2074840@icloud.com,1507,Low
user2075972@gmail.com,431,Low
user2076316@icloud.com,1902,Low
user2077413@yahoo.com,2872,Low
user2078487@yahoo.com,1429,Low
user2079700@hotmail.com,929,Low
user2080423@gmail.com,119,High
user2081178@gmail.com,1005,Low
user2082498@gmail.com,2618,Low
user2083179@outlook.com,1939,Low
user2084269@hotmail.com,124,Medium
user2085504@icloud.com,2733,Low
user2086352@hotmail.com,894,Low
user2087819@hotmail.com,2206,Medium
user2088323@hotmail.com,151,Medium
user2089975@hotmail.com,261,Low
user2090392@gmail.com,2884,Low
user2091882@hotmail.com,2056,Low
user2092949@outlook.com,2456,Low
user2093506@icloud.com,160,High
user2094231@outlook.com,536,Low
user2095527@gmail.com,73,Medium
user2096247@hotmail.com,2038,Low
user2097149@yahoo.com,1775,Low
user2098719@yahoo.com,2782,Low
user2099565@yahoo.com,2099,Low
user2100306@outlook.com,1224,Medium
user2101768@gmail.com,972,Low
user2102114@icloud.com,109,Medium
user2103776@yahoo.com,1244,Low
user2104619@hotmail.com,1679,Low
user2105184@icloud.com,1667,Medium
user2106997@hotmail.com,40,Medium
user2107795@yahoo.com,2723,Low
user2108817@icloud.com,1305,Low
user2109763@yahoo.com,1382,Low
user2110467@icloud.com,1623,Low
user2111812@icloud.com,689,Low
user2112561@outlook.com,2524,Low
user2113265@icloud.com,1623,Low
user2114388@icloud.com,124,Medium
user2115331@icloud.com,1616,Low
user2116101@outlook.com,465,Low
user2117311@outlook.com,1760,Low
user2118977@hotmail.com,1958,Low
user2119752@icloud.com,1056,Low
user2120110@yahoo.com,1577,Low
user2121827@outlook.com,836,Low
user2122163@icloud.com,2475,Low
user2123104@gmail.com,893,Low
user2124237@icloud.com,43,Medium
user2125569@icloud.com,1510,Low
user2126971@gmail.com,2586,Low
user2127693@outlook.com,30,High
user2128100@yahoo.com,756,Low
user2129553@yahoo.com,1100,Low
user2130455@icloud.com,210,Low
user2131105@hotmail.com,2645,Low
user2132970@yahoo.com,438,Low
user2133435@hotmail.com,2508,Low
user2134314@hotmail.com,2046,Low
user2135688@hotmail.com,28,High
user2136467@gmail.com,917,Low
user2137137@yahoo.com,2615,Low
user2138306@outlook.com,490,Low
user2139780@yahoo.com,2528,Low
user2140944@gmail.com,58,Medium
user2141643@icloud.com,40,Medium
user2142273@outlook.com,165,Medium
user2143463@icloud.com,927,Low
user2144938@gmail.com,621,Low
user2145776@icloud.com,446,Low
user2146152@yahoo.com,1954,Low
user2147178@outlook.com,1588,Low
user2148212@hotmail.com,1746,Low
user2149747@icloud.com,1083,Low
user2150841@hotmail.com,932,Low
user2151963@hotmail.com,463,Low
user2152254@icloud.com,2268,Low
user2153194@yahoo.com,770,Low
user2154636@hotmail.com,175,Medium
user2155972@hotmail.com,267,Medium
user2156901@icloud.com,1363,Low
user2157636@outlook.com,788,Low
user2158491@icloud.com,349,Low
user2159739@gmail.com,2797,Low
user2160995@yahoo.com,429,Low
user2161874@yahoo.com,119,Medium
user2162772@yahoo.com,1110,Medium
user2163619@hotmail.com,936,Low
user2164270@outlook.com,1961,Low
user2165474@gmail.com,891,Low
user2166315@hotmail.com,1252,Low
user2167949@yahoo.com,1206,Low
user2168207@gmail.com,897,Low
user2169465@icloud.com,1249,Low
user2170553@yahoo.com,220,Low
user2171794@hotmail.com,2385,Low
user2172152@yahoo.com,2489,Low
user2173949@hotmail.com,2697,Low
user2174342@outlook.com,2116,Low
user2175879@hotmail.com,1328,Low
user2176779@yahoo.com,328,Medium
user2177132@icloud.com,1078,Low
user2178221@gmail.com,487,Low
user2179961@hotmail.com,37,High
user2180642@outlook.com,2813,Low
user2181122@icloud.com,2223,Low
user2182252@yahoo.com,384,Low
user2183257@icloud.com,1451,Low
user2184620@icloud.com,1700,Low
user2185809@icloud.com,1961,Low
user2186305@gmail.com,31,Medium
user2187282@icloud.com,1410,Low
user2188419@yahoo.com,90,Medium
user2189546@hotmail.com,53,Medium
user2190195@yahoo.com,1127,Low
user2191742@gmail.com,41,Low
user2192329@yahoo.com,2055,Low
user2193609@gmail.com,1696,Low
user2194696@hotmail.com,2603,Low
user2195474@gmail.com,457,Low
user2196642@gmail.com,1569,Low
user2197888@outlook.com,1967,Low
user2198715@outlook.com,143,Medium
user2199431@hotmail.com,274,Low
user2200958@gmail.com,2464,Low
user2201818@icloud.com,106,High
user2202252@outlook.com,30,Medium
user2203100@yahoo.com,808,Low
user2204969@gmail.com,1614,Low
user2205294@yahoo.com,1522,Low
user2206616@gmail.com,685,Low
user2207481@icloud.com,1769,Low
user2208225@hotmail.com,1241,Low
user2209190@icloud.com,272,Low
user2210388@yahoo.com,2831,Low
user2211829@gmail.com,14,High
user2212904@hotmail.com,2148,Low
user2213447@gmail.com,2962,Low
user2214600@hotmail.com,2388,Low
user2215798@hotmail.com,1201,Low
user2216521@icloud.com,1387,Low
user2217238@gmail.com,2599,Low
user2218488@outlook.com,2589,Low
user2219361@yahoo.com,191,Low
user2220747@gmail.com,602,Low
user2221503@icloud.com,2613,Low
user2222768@yahoo.com,937,Low
user2223918@outlook.com,1789,Low
user2224130@icloud.com,131,Medium
user2225886@yahoo.com,1387,Low
user2226585@hotmail.com,243,Low
user2227796@icloud.com,951,Low
user2228988@gmail.com,2576,Low
user2229795@gmail.com,1669,Low
user2230994@icloud.com,1000,Low
user2231585@gmail.com,351,Low
user2232299@icloud.com,2542,Low
user2233817@outlook.com,907,Low
user2234807@hotmail.com,731,Low
user2235247@hotmail.com,1661,Low
user2236372@icloud.com,2243,Low
user2237868@gmail.com,1636,Low
user2238537@icloud.com,2444,Low
user2239691@yahoo.com,2164,Low
user2240350@outlook.com,2242,Low
user2241537@yahoo.com,2508,Low
user2242498@icloud.com,1149,Low
user2243648@outlook.com,2707,Low
user2244549@yahoo.com,1170,Low
user2245229@yahoo.com,1104,Low
user2246168@hotmail.com,2523,Low
user2247516@outlook.com,196,Low
user2248708@icloud.com,691,Low
user2249353@gmail.com,1940,Low
user2250111@gmail.com,1572,Low
user2251629@yahoo.com,2037,Low
user2252268@outlook.com,2011,Low
user2253859@icloud.com,51,Medium
user2254898@yahoo.com,465,Low
user2255328@icloud.com,22,High
user2256226@icloud.com,2313,Low
user2257785@icloud.com,2816,Low
user2258641@icloud.com,1532,Low
user2259852@outlook.com,2112,Low
user2260391@gmail.com,166,Medium
user2261766@icloud.com,352,Low
user2262598@yahoo.com,1399,Low
user2263751@hotmail.com,2849,Low
user2264962@outlook.com,878,Low
user2265507@icloud.com,673,Low
user2266478@icloud.com,828,Low
user2267910@hotmail.com,2240,Low
user2268196@icloud.com,2231,Low
user2269478@yahoo.com,629,Low
user2270955@yahoo.com,669,Low
user2271786@icloud.com,122,Medium
user2272258@outlook.com,1356,Medium
user2273987@icloud.com,779,Low
user2274808@yahoo.com,333,Low
user2275398@icloud.com,1998,Low
user2276527@icloud.com,1024,Low
user2277226@yahoo.com,102,Low
user2278624@gmail.com,592,Low
user2279759@outlook.com,2717,Low
user2280122@icloud.com,545,Low
user2281665@hotmail.com,2225,Low
user2282525@yahoo.com,376,Low
user2283726@icloud.com,145,Medium
user2284582@yahoo.com,1125,Low
user2285593@gmail.com,11,High
user2286256@hotmail.com,913,Low
user2287340@gmail.com,1394,Low
user2288347@icloud.com,2343,Low
user2289849@yahoo.com,422,Low
user2290118@gmail.com,1283,Low
user2291803@hotmail.com,423,Low
user2292107@gmail.com,27,High
user2293175@hotmail.com,2469,Low
user2294918@icloud.com,2132,Low
user2295695@yahoo.com,76,Medium
user2296739@hotmail.com,2994,Low
user2297588@gmail.com,604,Low
user2298858@icloud.com,504,Low
user2299604@icloud.com,24,High
user2300425@icloud.com,63,Medium
user2301666@yahoo.com,1992,Low
user2302774@icloud.com,1394,Low
user2303928@outlook.com,2647,Low
user2304694@outlook.com,1307,Low
user2305656@hotmail.com,2233,Low
user2306754@outlook.com,1339,Low
user2307956@outlook.com,839,Low
user2308507@hotmail.com,2745,Low
user2309506@yahoo.com,403,Low
user2310126@hotmail.com,2704,Low
user2311347@gmail.com,1058,Low
user2312293@yahoo.com,2225,Low
user2313344@icloud.com,153,Medium
user2314984@hotmail.com,208,Low
user2315456@icloud.com,2596,Low
user2316151@gmail.com,1049,Low
user2317274@yahoo.com,624,Low
user2318354@icloud.com,629,Low
user2319484@gmail.com,775,Low
user2320548@yahoo.com,2862,Low
user2321464@outlook.com,1152,Low
user2322387@icloud.com,2391,Low
user2323321@gmail.com,1161,Low
user2324813@gmail.com,1964,Medium
user2325179@icloud.com,2750,Low
user2326500@yahoo.com,25,High
user2327739@gmail.com,2006,Low
user2328652@outlook.com,1897,Low
user2329529@icloud.com,1534,Low
user2330994@gmail.com,1441,Low
user2331123@outlook.com,353,Low
user2332505@icloud.com,1355,Low
user2333461@yahoo.com,99,Medium
user2334496@yahoo.com,2908,Medium
user2335399@outlook.com,1240,Low
user2336984@icloud.com,62,Medium
user2337954@outlook.com,1290,Low
user2338673@hotmail.com,1384,Low
user2339146@outlook.com,2375,Low
user2340808@hotmail.com,434,Low
user2341912@outlook.com,2374,Low
user2342903@icloud.com,1336,Low
user2343813@gmail.com,274,Low
user2344465@outlook.com,1302,Low
user2345233@hotmail.com,2125,Low
user2346291@icloud.com,163,Medium
user2347921@gmail.com,1830,Low
user2348796@icloud.com,50,Medium
user2349739@hotmail.com,2167,Low
user2350687@yahoo.com,1970,Low
user2351140@yahoo.com,1276,Low
user2352676@gmail.com,60,Medium
user2353612@outlook.com,2370,Low
user2354911@gmail.com,3000,Low
user2355748@outlook.com,2881,Low
user2356181@yahoo.com,2635,Low
user2357913@icloud.com,2741,Low
user2358680@gmail.com,27,High
user2359425@gmail.com,1664,Low
user2360841@gmail.com,389,Low
user2361930@gmail.com,2170,Low
user2362100@icloud.com,263,Low
user2363949@hotmail.com,462,Low
user2364516@gmail.com,2768,Low
user2365253@outlook.com,1740,Low
user2366973@outlook.com,1582,Low
user2367611@outlook.com,2524,Low
user2368864@yahoo.com,1342,Low
user2369520@hotmail.com,924,Low
user2370549@gmail.com,521,Low
user2371799@gmail.com,629,Low
user2372106@gmail.com,2399,Low
user2373917@yahoo.com,852,Low
user2374596@hotmail.com,2748,Low
user2375804@icloud.com,1373,Low
user2376860@gmail.com,593,Low
user2377733@outlook.com,1580,Low
user2378495@gmail.com,989,Low
user2379729@outlook.com,1786,Low
user2380547@icloud.com,2,High
user2381101@hotmail.com,1896,Low
user2382941@yahoo.com,2471,Low
user2383428@gmail.com,395,Low
user2384902@gmail.com,84,Low
user2385585@outlook.com,2289,Low
user2386604@outlook.com,213,Medium
user2387491@hotmail.com,199,Low
user2388303@icloud.com,106,High
user2389394@yahoo.com,2569,Low
user2390427@gmail.com,2590,Low
user2391637@yahoo.com,2322,Low
user2392545@icloud.com,2437,Low
user2393615@gmail.com,1892,Low
user2394655@yahoo.com,2578,Low
user2395959@yahoo.com,1895,Low
user2396598@hotmail.com,853,Low
user2397203@hotmail.com,74,Medium
user2398664@hotmail.com,2067,Medium
user2399496@gmail.com,754,Low
user2400800@outlook.com,2802,Low
user2401394@gmail.com,294,Low
user2402592@hotmail.com,1306,Medium
user2403551@hotmail.com,257,Low
user2404451@yahoo.com,1950,Low
user2405835@icloud.com,754,Low
user2406730@yahoo.com,1169,Low
user2407188@gmail.com,1964,Low
user2408104@icloud.com,1697,Low
user2409208@icloud.com,153,Medium
user2410233@icloud.com,1838,Low
user2411157@icloud.com,1008,Low
user2412933@icloud.com,683,Low
user2413952@hotmail.com,1470,Low
user2414115@yahoo.com,106,Medium
user2415452@outlook.com,2957,Low
user2416758@outlook.com,1407,Low
user2417751@icloud.com,163,Medium
user2418672@outlook.com,2011,Low
user2419581@gmail.com,2675,Low
user2420766@yahoo.com,679,Low
user2421867@outlook.com,2411,Low
user2422886@icloud.com,1275,Low
user2423233@icloud.com,103,Medium
user2424592@hotmail.com,364,Low
user2425987@hotmail.com,640,Low
user2426423@hotmail.com,628,Low
user2427318@outlook.com,171,Medium
user2428610@hotmail.com,902,Low
user2429816@gmail.com,158,Medium
user2430283@icloud.com,967,Low
user2431717@yahoo.com,2027,Medium
user2432280@outlook.com,1774,Low
user2433555@gmail.com,2850,Low
user2434463@hotmail.com,2153,Low
user2435833@outlook.com,423,Low
user2436297@yahoo.com,2075,Low
user2437220@outlook.com,961,Low
user2438656@hotmail.com,875,Low
user2439224@icloud.com,102,Medium
user2440391@icloud.com,148,Medium
user2441625@icloud.com,275,Low
user2442557@outlook.com,924,Low
user2443931@yahoo.com,673,Low
user2444415@hotmail.com,1861,Low
user2445915@yahoo.com,551,Low
user2446161@outlook.com,1272,Low
user2447794@gmail.com,1944,Low
user2448955@hotmail.com,823,Low
user2449819@outlook.com,2614,Low
user2450370@gmail.com,1917,Low
user2451368@hotmail.com,1069,Low
user2452362@hotmail.com,1339,Low
user2453737@hotmail.com,1063,Low
user2454250@outlook.com,1102,Low
user2455889@outlook.com,1534,Low
user2456988@icloud.com,49,Medium
user2457239@icloud.com,2970,Low
user2458320@outlook.com,199,Low
user2459701@hotmail.com,2617,Low
user2460920@outlook.com,1798,Low
user2461256@gmail.com,892,Low
user2462145@icloud.com,1740,Low
user2463115@outlook.com,1747,Low
user2464280@outlook.com,1900,Low
user2465880@gmail.com,1771,Low
user2466617@outlook.com,2912,Low
user2467984@hotmail.com,1070,Low
user2468437@icloud.com,2199,Low
user2469207@gmail.com,1135,Low
user2470415@yahoo.com,269,Low
user2471271@icloud.com,117,Medium
user2472259@yahoo.com,895,Low
user2473986@yahoo.com,537,Low
user2474334@yahoo.com,1637,Low
user2475999@outlook.com,345,Low
user2476589@outlook.com,1,High
user2477592@outlook.com,1682,Low
user2478830@outlook.com,578,Low
user2479980@outlook.com,1791,Low
user2480515@gmail.com,228,Low
user2481196@icloud.com,103,Medium
user2482611@yahoo.com,2817,Low
user2483190@outlook.com,1409,Low
user2484118@icloud.com,159,Medium
user2485679@hotmail.com,301,Low
user2486273@outlook.com,93,Medium
user2487728@gmail.com,2039,Low
user2488267@hotmail.com,2424,Low
user2489485@outlook.com,2164,Low
user2490115@hotmail.com,120,Medium
user2491879@icloud.com,2418,Low
user2492970@outlook.com,374,Low
user2493225@gmail.com,166,Medium
user2494353@hotmail.com,80,Medium
user2495739@yahoo.com,2091,Low
user2496782@gmail.com,2538,Low
user2497898@hotmail.com,2564,Medium
user2498552@outlook.com,1184,Medium
user2499246@icloud.com,2500,Low
user2500991@outlook.com,1910,Low
user2501635@hotmail.com,166,Medium
user2502794@outlook.com,393,Low
user2503809@icloud.com,1274,Low
user2504855@yahoo.com,2614,Low
user2505842@icloud.com,957,Low
user2506312@hotmail.com,89,Medium
user2507877@hotmail.com,2139,Low
user2508176@yahoo.com,2399,Low
user2509198@outlook.com,2317,Low
user2510951@yahoo.com,2952,Medium
user2511100@outlook.com,2499,Low
user2512935@icloud.com,1076,Low
user2513997@outlook.com,2703,Low
user2514514@yahoo.com,1900,Low
user2515383@outlook.com,2696,Low
user2516104@yahoo.com,1528,Low
user2517548@icloud.com,60,Medium
user2518109@hotmail.com,2448,Low
user2519913@outlook.com,121,Medium
user2520801@icloud.com,3,High
user2521517@gmail.com,676,Low
user2522987@hotmail.com,1785,Low
user2523659@yahoo.com,2349,Low
user2524413@hotmail.com,58,Medium
user2525313@gmail.com,2687,Low
user2526289@outlook.com,2147,Low
user2527814@gmail.com,2010,Low
user2528579@gmail.com,1093,Low
user2529405@yahoo.com,1337,Low
user2530961@hotmail.com,1946,Low
user2531392@hotmail.com,2752,Low
user2532716@outlook.com,449,Low
user2533131@yahoo.com,144,Medium
user2534295@hotmail.com,635,Low
user2535285@icloud.com,104,Medium
user2536232@outlook.com,1879,Low
user2537936@outlook.com,1217,Low
user2538124@hotmail.com,3,High
user2539997@yahoo.com,44,Medium
user2540767@yahoo.com,581,Low
user2541362@outlook.com,69,Low
user2542414@gmail.com,2389,Low
user2543919@gmail.com,169,Medium
user2544217@outlook.com,2664,Low
user2545900@hotmail.com,1216,Low
user2546483@hotmail.com,275,Low
user2547739@outlook.com,592,Low
user2548660@gmail.com,723,Low
user2549800@yahoo.com,1601,Low
user2550408@hotmail.com,2268,Low
user2551692@outlook.com,320,Low
user2552674@hotmail.com,19,High
user2553103@yahoo.com,2115,Low
user2554449@yahoo.com,125,Medium
user2555913@outlook.com,162,Medium
user2556797@gmail.com,2700,Low
user2557686@yahoo.com,178,Medium
user2558147@gmail.com,146,Medium
user2559602@yahoo.com,1829,Low
user2560268@gmail.com,2733,Low
user2561377@icloud.com,1800,Low
user2562717@gmail.com,2203,Low
user2563959@yahoo.com,81,Medium
user2564557@outlook.com,1272,Low
user2565307@gmail.com,2799,Low
user2566666@gmail.com,1257,Medium
user2567948@icloud.com,2991,Low
user2568476@yahoo.com,1154,Low
user2569855@outlook.com,1916,Low
user2570755@icloud.com,2533,Low
user2571202@outlook.com,323,Low
user2572766@outlook.com,15,High
user2573193@icloud.com,1392,Low
user2574127@hotmail.com,50,Medium
user2575610@icloud.com,2339,Low
user2576392@icloud.com,105,Medium
user2577486@yahoo.com,832,Low
user2578578@icloud.com,1270,Medium
user2579247@hotmail.com,2891,Low
user2580782@yahoo.com,140,Low
user2581993@gmail.com,1784,Low
user2582133@gmail.com,647,Low
user2583790@gmail.com,233,Low
user2584102@yahoo.com,135,Medium
user2585133@yahoo.com,1410,Low
user2586523@gmail.com,930,Low
user2587853@icloud.com,2345,Low
user2588500@yahoo.com,2852,Low
user2589969@yahoo.com,1462,Low
user2590770@outlook.com,2841,Low
user2591320@hotmail.com,2882,Low
user2592699@hotmail.com,185,Low
user2593381@outlook.com,592,Low
user2594143@gmail.com,1254,Low
user2595123@outlook.com,2911,Low
user2596938@outlook.com,89,Medium
user2597761@outlook.com,159,Medium
user2598805@icloud.com,2137,Low
user2599807@icloud.com,184,Low
user2600588@outlook.com,2508,Low
user2601439@hotmail.com,768,Low
user2602584@gmail.com,2289,Low
user2603741@hotmail.com,2802,Low
user2604208@gmail.com,2857,Low
user2605781@yahoo.com,622,Low
user2606486@icloud.com,178,Medium
user2607358@hotmail.com,2126,Low
user2608924@icloud.com,2168,Low
user2609853@gmail.com,2511,Low
user2610444@hotmail.com,1436,Low
user2611811@yahoo.com,2330,Low
user2612455@outlook.com,1383,Low
user2613232@hotmail.com,336,Low
user2614313@yahoo.com,1737,Low
user2615375@yahoo.com,561,Low
user2616351@outlook.com,185,Low
user2617372@outlook.com,217,Low
user2618330@yahoo.com,2922,Low
user2619995@outlook.com,379,Low
user2620115@outlook.com,81,Medium
user2621986@yahoo.com,2235,Low
user2622856@yahoo.com,612,Low
user2623376@gmail.com,694,Low
user2624127@gmail.com,261,Low
user2625443@yahoo.com,60,Medium
user2626989@icloud.com,2641,Low
user2627231@icloud.com,424,Low
user2628656@yahoo.com,1000,Low
user2629494@yahoo.com,314,Low
user2630357@outlook.com,40,Medium
user2631460@yahoo.com,662,Low
user2632674@icloud.com,1593,Low
user2633531@gmail.com,2491,Low
user2634990@outlook.com,1759,Low
user2635784@outlook.com,2801,Low
user2636619@gmail.com,2841,Low
user2637259@gmail.com,184,Low
user2638589@gmail.com,1050,Low
user2639267@outlook.com,963,Low
user2640742@yahoo.com,106,Medium
user2641404@yahoo.com,2822,Low
user2642815@yahoo.com,44,Medium
user2643801@yahoo.com,71,Medium
user2644218@outlook.com,1294,Low
user2645544@yahoo.com,182,Low
user2646320@gmail.com,1624,Low
user2647857@hotmail.com,341,Low
user2648891@gmail.com,1301,Low
user2649443@hotmail.com,514,Low
user2650740@hotmail.com,1975,Medium
user2651582@icloud.com,2218,Low
user2652833@yahoo.com,540,Low
user2653703@outlook.com,818,Low
user2654667@outlook.com,6,High
user2655334@yahoo.com,1909,Low
user2656137@outlook.com,2856,Low
user2657699@hotmail.com,518,Low
user2658508@gmail.com,2003,Low
user2659221@icloud.com,583,Low
user2660353@hotmail.com,138,Medium
user2661391@yahoo.com,2222,Low
user2662246@gmail.com,163,Medium
user2663510@icloud.com,666,Medium
user2664228@yahoo.com,778,Low
user2665193@hotmail.com,782,Low
user2666401@hotmail.com,139,Medium
user2667548@outlook.com,85,High
user2668269@icloud.com,2631,Low
user2669940@hotmail.com,218,Low
user2670670@outlook.com,1095,Low
user2671222@outlook.com,2342,Low
user2672917@gmail.com,154,Medium
user2673640@yahoo.com,156,Medium
user2674327@hotmail.com,79,Medium
user2675294@outlook.com,83,Medium
user2676186@outlook.com,1350,Low
user2677862@icloud.com,1681,Low
user2678522@hotmail.com,1541,Low
user2679880@gmail.com,2129,Low
user2680285@hotmail.com,1600,Low
user2681719@icloud.com,1210,Low
user2682885@gmail.com,2909,Low
user2683561@gmail.com,2327,Low
user2684162@yahoo.com,1348,Low
user2685772@yahoo.com,1244,Low
user2686316@icloud.com,126,Medium
user2687506@hotmail.com,2907,Low
user2688363@icloud.com,715,Low
user2689479@yahoo.com,2398,Low
user2690589@gmail.com,74,Medium
user2691545@icloud.com,306,Low
user2692348@yahoo.com,1202,Low
user2693582@gmail.com,2039,Low
user2694479@icloud.com,1455,Low
user2695298@yahoo.com,104,Medium
user2696191@hotmail.com,512,Low
user2697118@yahoo.com,36,Medium
user2698736@outlook.com,1705,Low
user2699798@outlook.com,84,Medium
user2700734@hotmail.com,1561,Low
user2701816@hotmail.com,1498,Low
user2702944@hotmail.com,1922,Low
user2703770@outlook.com,1001,Low
user2704913@outlook.com,933,Low
user2705817@outlook.com,2458,Low
user2706202@gmail.com,1384,Low
user2707468@yahoo.com,2977,Low
user2708701@yahoo.com,2375,Low
user2709477@hotmail.com,14,High
user2710457@gmail.com,2626,Low
user2711841@yahoo.com,647,Low
user2712541@gmail.com,1679,Low
user2713210@icloud.com,66,Medium
user2714937@icloud.com,100,High
user2715445@outlook.com,1762,Low
user2716370@hotmail.com,2193,Low
user2717656@yahoo.com,1985,Low
user2718458@icloud.com,525,Low
user2719895@hotmail.com,1283,Low
user2720763@yahoo.com,2877,Low
user2721332@gmail.com,96,Medium
user2722757@icloud.com,2104,Low
user2723154@outlook.com,1950,Low
user2724456@gmail.com,55,Medium
user2725208@hotmail.com,29,High
user2726231@outlook.com,783,Low
user2727582@outlook.com,2921,Low
user2728161@yahoo.com,150,Medium
user2729838@outlook.com,2402,Medium
user2730169@icloud.com,468,Low
user2731515@icloud.com,1039,Low
user2732402@icloud.com,1102,Low
user2733525@icloud.com,1501,Low
user2734715@gmail.com,118,Medium
user2735688@hotmail.com,47,Low
user2736428@yahoo.com,1965,Low
user2737528@outlook.com,214,Low
user2738156@hotmail.com,9,High
user2739216@outlook.com,2773,Low
user2740133@hotmail.com,898,Low
user2741584@hotmail.com,97,Medium
user2742146@icloud.com,176,Medium
user2743133@gmail.com,1828,Low
user2744327@outlook.com,2369,Low
user2745964@gmail.com,1341,Low
user2746786@icloud.com,77,Medium
user2747369@outlook.com,1702,Low
user2748937@yahoo.com,116,Medium
user2749870@icloud.com,1511,Low
user2750515@hotmail.com,516,Low
user2751188@icloud.com,1798,Low
user2752583@hotmail.com,996,Low
user2753478@icloud.com,151,High
user2754563@gmail.com,1109,Medium
user2755737@outlook.com,2261,Low
user2756948@outlook.com,2727,Low
user2757548@yahoo.com,924,Low
user2758343@yahoo.com,1626,Low
user2759277@outlook.com,103,Medium
user2760167@gmail.com,2161,Low
user2761543@hotmail.com,1090,Low
user2762858@yahoo.com,451,Low
user2763403@hotmail.com,835,Low
user2764761@gmail.com,737,Low
user2765653@yahoo.com,1696,Low
user2766330@gmail.com,1407,Low
user2767348@hotmail.com,1064,Low
user2768449@hotmail.com,1243,Low
user2769429@yahoo.com,78,High
user2770379@yahoo.com,1505,Low
user2771923@gmail.com,1180,Low
user2772540@yahoo.com,2471,Low
user2773114@gmail.com,1258,Low
user2774717@icloud.com,1128,Low
user2775461@icloud.com,2725,Low
user2776597@hotmail.com,1951,Low
user2777689@yahoo.com,2893,Low
user2778479@yahoo.com,112,Medium
user2779721@hotmail.com,450,Low
user2780464@outlook.com,491,Low
user2781305@outlook.com,280,Low
user2782736@outlook.com,603,Low
user2783242@gmail.com,39,Medium
user2784280@hotmail.com,2025,Low
user2785657@outlook.com,1743,Low
user2786672@yahoo.com,14,High
user2787595@yahoo.com,2996,Low
user2788781@yahoo.com,1976,Low
user2789346@icloud.com,2481,Low
user2790899@icloud.com,75,Medium
user2791586@outlook.com,19,High
user2792690@gmail.com,1164,Medium
user2793688@yahoo.com,2722,Low
user2794472@outlook.com,2984,Low
user2795293@yahoo.com,257,Low
user2796106@outlook.com,920,Low
user2797759@gmail.com,428,Low
user2798725@yahoo.com,2751,Medium
user2799693@yahoo.com,461,Low
user2800879@hotmail.com,116,Medium
user2801840@gmail.com,2191,Low
user2802105@outlook.com,2826,Low
user2803148@outlook.com,2434,Low
user2804438@gmail.com,2103,Low
user2805604@icloud.com,750,Low
user2806712@yahoo.com,2495,Low
user2807763@hotmail.com,2842,Medium
user2808355@gmail.com,2073,Low
user2809969@gmail.com,2801,Low
user2810191@gmail.com,888,Low
user2811432@outlook.com,912,Low
user2812978@icloud.com,321,Low
user2813702@outlook.com,1674,Medium
user2814357@hotmail.com,2950,Low
user2815825@icloud.com,2601,Low
user2816853@icloud.com,2414,Low
user2817306@gmail.com,1053,Low
user2818863@hotmail.com,1206,Low
user2819982@outlook.com,1179,Medium
user2820737@hotmail.com,1595,Low
user2821972@gmail.com,1114,Low
user2822193@icloud.com,2817,Low
user2823731@icloud.com,2192,Low
user2824110@icloud.com,1297,Low
user2825486@hotmail.com,2681,Low
user2826549@yahoo.com,2632,Low
user2827408@outlook.com,1361,Low
user2828405@icloud.com,1813,Low
user2829448@outlook.com,2244,Low
user2830972@hotmail.com,53,Medium
user2831265@yahoo.com,1167,Low
user2832331@yahoo.com,107,Medium
user2833918@hotmail.com,26,High
user2834447@yahoo.com,1507,Low
user2835893@yahoo.com,1334,Low
user2836609@yahoo.com,2923,Medium
user2837615@yahoo.com,2530,Low
user2838574@icloud.com,2516,Low
user2839781@yahoo.com,679,Low
user2840699@icloud.com,1179,Low
user2841973@icloud.com,50,Medium
user2842401@hotmail.com,2958,Low
user2843542@hotmail.com,514,Low
user2844814@icloud.com,105,High
user2845560@hotmail.com,2675,Low
user2846538@gmail.com,644,Low
user2847792@outlook.com,6,High
user2848537@outlook.com,1119,Low
user2849763@gmail.com,149,Medium
user2850881@outlook.com,942,Low
user2851922@outlook.com,850,Low
user2852910@outlook.com,160,Medium
user2853120@gmail.com,2785,Low
user2854681@yahoo.com,1787,Low
user2855128@hotmail.com,2184,Low
user2856913@yahoo.com,2539,Low
user2857235@outlook.com,56,Medium
user2858106@yahoo.com,610,Low
user2859169@icloud.com,2436,Low
user2860334@yahoo.com,1943,Low
user2861995@icloud.com,17,High
user2862953@outlook.com,84,Medium
user2863283@yahoo.com,1735,Low
user2864233@gmail.com,2811,Low
user2865726@icloud.com,1425,Low
user2866766@outlook.com,1978,Low
user2867850@outlook.com,1284,Medium
user2868969@icloud.com,2334,Low
user2869805@outlook.com,1954,Low
user2870467@yahoo.com,1403,Low
user2871892@hotmail.com,34,Medium
user2872788@icloud.com,1696,Low
user2873215@outlook.com,19,High
user2874223@outlook.com,761,Low
user2875793@icloud.com,257,Low
user2876202@gmail.com,2826,Medium
user2877542@outlook.com,961,Low
user2878843@hotmail.com,2412,Low
user2879441@hotmail.com,79,Medium
user2880725@icloud.com,2622,Low
user2881708@yahoo.com,1965,Low
user2882809@yahoo.com,1839,Low
user2883602@yahoo.com,699,Medium
user2884587@gmail.com,2443,Low
user2885438@icloud.com,913,Low
user2886530@hotmail.com,141,Medium
user2887136@icloud.com,1648,Low
user2888189@outlook.com,22,High
user2889336@outlook.com,895,Low
user2890397@hotmail.com,172,Medium
user2891397@gmail.com,2120,Low
user2892822@icloud.com,1192,Low
user2893145@icloud.com,1947,Low
user2894360@icloud.com,196,Low
user2895906@icloud.com,2588,Low
user2896679@gmail.com,21,High
user2897854@outlook.com,2106,Low
user2898272@hotmail.com,1120,Low
user2899396@hotmail.com,2087,Low
user2900982@hotmail.com,580,Low
user2901276@hotmail.com,1893,Low
user2902617@icloud.com,2799,Low
user2903622@hotmail.com,1535,Low
user2904430@icloud.com,1903,Low
user2905354@outlook.com,2821,Low
user2906721@yahoo.com,61,Medium
user2907290@gmail.com,2328,Low
user2908238@gmail.com,187,Low
user2909624@outlook.com,2449,Low
user2910526@gmail.com,1403,Low
user2911236@icloud.com,1036,Low
user2912161@yahoo.com,1555,Medium
user2913871@hotmail.com,2782,Low
user2914811@hotmail.com,787,Low
user2915741@yahoo.com,2297,Low
user2916561@gmail.com,2974,Low
user2917266@gmail.com,1811,Low
user2918825@outlook.com,531,Low
user2919936@gmail.com,1795,Low
user2920897@hotmail.com,1975,Low
user2921974@hotmail.com,998,Low
user2922553@hotmail.com,949,Low
user2923855@hotmail.com,1459,Low
user2924244@yahoo.com,2581,Low
user2925246@outlook.com,2575,Medium
user2926808@outlook.com,1177,Low
user2927668@yahoo.com,1025,Low
user2928589@hotmail.com,2709,Low
user2929909@hotmail.com,2579,Low
user2930717@hotmail.com,2800,Low
user2931301@yahoo.com,2931,Low
user2932560@icloud.com,15,High
user2933540@hotmail.com,1284,Low
user2934809@icloud.com,143,Medium
user2935370@icloud.com,947,Low
user2936620@outlook.com,1128,Low
user2937434@gmail.com,267,Low
user2938733@hotmail.com,1402,Low
user2939186@outlook.com,2964,Medium
user2940426@gmail.com,358,Low
user2941474@hotmail.com,90,Medium
user2942860@hotmail.com,78,High
user2943424@icloud.com,524,Low
user2944142@hotmail.com,1393,Low
user2945696@hotmail.com,2327,Low
user2946294@gmail.com,2492,Low
user2947115@hotmail.com,1315,Low
user2948642@icloud.com,1453,Low
user2949442@gmail.com,1105,Low
user2950686@yahoo.com,2150,Low
user2951706@gmail.com,274,Low
user2952694@gmail.com,162,Medium
user2953355@icloud.com,865,Low
user2954523@hotmail.com,1808,Low
user2955194@outlook.com,417,Low
user2956455@gmail.com,668,Low
user2957500@icloud.com,102,Medium
user2958733@hotmail.com,1642,Low
user2959728@gmail.com,1468,Low
user2960469@gmail.com,2896,Low
user2961907@yahoo.com,2566,Low
user2962301@gmail.com,2909,Low
user2963206@icloud.com,1919,Low
user2964366@outlook.com,81,Medium
user2965786@icloud.com,556,Low
user2966727@gmail.com,1761,Low
user2967173@icloud.com,69,Medium
user2968492@hotmail.com,1071,Low
user2969642@yahoo.com,1473,Medium
user2970367@outlook.com,210,Low
user2971287@yahoo.com,2071,Low
user2972528@outlook.com,872,Low
user2973928@hotmail.com,1620,Low
user2974815@yahoo.com,168,Medium
user2975814@outlook.com,840,Low
user2976292@hotmail.com,2723,Low
user2977463@icloud.com,2077,Low
user2978271@yahoo.com,520,Low
user2979894@outlook.com,2968,Low
user2980805@yahoo.com,88,Medium
user2981866@outlook.com,821,Low
user2982314@hotmail.com,772,Low
user2983861@yahoo.com,1889,Low
user2984795@gmail.com,521,Low
user2985942@hotmail.com,100,Medium
user2986547@yahoo.com,2122,Low
user2987714@outlook.com,520,Low
user2988571@outlook.com,2993,Low
user2989322@icloud.com,1823,Low
user2990932@hotmail.com,1711,Low
user2991180@gmail.com,1023,Low
user2992881@outlook.com,2568,Low
user2993272@outlook.com,26,High
user2994227@outlook.com,1498,Low
user2995902@icloud.com,1097,Low
user2996841@icloud.com,2656,Low
user2997640@outlook.com,1839,Low
user2998898@hotmail.com,853,Low
user2999341@gmail.com,1073,Low
user3000663@icloud.com,1615,Low
user3001378@icloud.com,1902,Low
user3002261@yahoo.com,1433,Low
user3003542@icloud.com,1753,Low
user3004803@yahoo.com,84,Medium
user3005756@yahoo.com,1182,Low
user3006141@yahoo.com,72,Medium
user3007204@gmail.com,1235,Low
user3008800@outlook.com,1271,Low
user3009826@yahoo.com,1872,Low
user3010782@icloud.com,1908,Low
user3011856@gmail.com,107,Medium
user3012173@outlook.com,1854,Low
user3013616@outlook.com,2441,Low
user3014242@yahoo.com,2862,Low
user3015348@outlook.com,53,Medium
user3016716@yahoo.com,2074,Low
user3017411@outlook.com,626,Low
user3018405@hotmail.com,2804,Low
user3019822@hotmail.com,2572,Low
user3020967@yahoo.com,1179,Low
user3021188@icloud.com,1876,Low
user3022401@gmail.com,2922,Low
user3023422@icloud.com,1159,Low
user3024894@gmail.com,26,High
user3025493@gmail.com,74,Medium
user3026216@yahoo.com,2403,Low
user3027381@icloud.com,2477,Medium
user3028112@outlook.com,23,High
user3029744@gmail.com,1474,Low
user3030878@gmail.com,264,Low
user3031319@gmail.com,12,High
user3032634@icloud.com,2654,Low
user3033610@icloud.com,1466,Low
user3034169@hotmail.com,993,Low
user3035962@outlook.com,1082,Low
user3036493@outlook.com,1619,Low
user3037207@hotmail.com,273,Low
user3038828@yahoo.com,8,High
user3039858@yahoo.com,2315,Low
user3040657@hotmail.com,2587,Low
user3041560@hotmail.com,91,Medium
user3042883@yahoo.com,2314,Low
user3043168@icloud.com,2145,Low
user3044573@hotmail.com,2715,Low
user3045429@icloud.com,367,Low
user3046215@hotmail.com,147,Medium
user3047665@yahoo.com,1067,Low
user3048266@icloud.com,2916,Low
user3049429@outlook.com,2632,Medium
user3050748@hotmail.com,2825,Low
user3051236@gmail.com,1829,Low
user3052796@yahoo.com,1765,Low
user3053570@gmail.com,50,Medium
user3054244@yahoo.com,199,Low
user3055617@outlook.com,1402,Low
user3056283@outlook.com,2582,Low
user3057434@gmail.com,1051,Low
user3058698@icloud.com,1006,Low
user3059783@hotmail.com,1878,Low
user3060942@gmail.com,790,Low
user3061829@hotmail.com,1156,Low
user3062606@gmail.com,619,Low
user3063442@yahoo.com,1732,Low
user3064319@gmail.com,538,Low
user3065352@outlook.com,2190,Low
user3066701@hotmail.com,1667,Low
user3067969@hotmail.com,1807,Low
user3068250@icloud.com,107,Medium
user3069845@hotmail.com,782,Low
user3070771@gmail.com,1597,Low
user3071610@icloud.com,2051,Low
user3072895@gmail.com,517,Low
user3073735@icloud.com,516,Low
user3074613@hotmail.com,1697,Low
user3075936@yahoo.com,2870,Low
user3076953@icloud.com,2356,Low
user3077668@outlook.com,89,Medium
user3078933@yahoo.com,1997,Low
user3079745@gmail.com,2998,Low
user3080582@gmail.com,2283,Low
user3081641@gmail.com,147,Medium
user3082887@gmail.com,608,Low
user3083120@yahoo.com,109,Medium
user3084457@yahoo.com,2953,Medium
user3085775@outlook.com,2802,Low
user3086849@gmail.com,2203,Low
user3087991@yahoo.com,778,Medium
user3088266@outlook.com,1761,Low
user3089188@outlook.com,1122,Low
user3090239@yahoo.com,2459,Low
user3091405@gmail.com,2970,Medium
user3092168@gmail.com,355,Low
user3093592@icloud.com,166,Medium
user3094493@icloud.com,93,Medium
user3095302@gmail.com,97,Medium
user3096356@outlook.com,1092,Low
user3097647@gmail.com,90,Medium
user3098551@yahoo.com,963,Low
user3099602@icloud.com,552,Low
user3100167@hotmail.com,2712,Low
user3101702@gmail.com,2442,Low
user3102559@icloud.com,2842,Low
user3103704@gmail.com,2778,Low
user3104487@hotmail.com,2578,Low
user3105534@icloud.com,2797,Low
user3106619@gmail.com,2766,Low
user3107544@icloud.com,919,Low
user3108570@yahoo.com,533,Low
user3109441@icloud.com,1619,Low
user3110801@gmail.com,971,Low
user3111724@hotmail.com,1400,Low
user3112898@icloud.com,179,Medium
user3113178@hotmail.com,2738,Low
user3114763@icloud.com,2586,Low
user3115980@yahoo.com,1213,Low
user3116621@icloud.com,1460,Low
user3117545@hotmail.com,2867,Medium
user3118660@icloud.com,1328,Low
user3119487@yahoo.com,360,Medium
user3120539@outlook.com,908,Low
user3121774@yahoo.com,820,Low
user3122861@gmail.com,2550,Low
user3123684@gmail.com,127,High
user3124678@gmail.com,1536,Low
user3125688@outlook.com,314,Low
user3126932@gmail.com,859,Low
user3127304@icloud.com,1972,Low
user3128375@gmail.com,1318,Low
user3129778@hotmail.com,1300,Low
user3130861@outlook.com,695,Low
user3131727@outlook.com,1261,Low
user3132975@gmail.com,144,Medium
user3133365@icloud.com,2980,Low
user3134590@hotmail.com,893,Low
user3135406@gmail.com,44,Medium
user3136490@gmail.com,1402,Low
user3137526@icloud.com,2289,Low
user3138354@icloud.com,2200,Low
user3139653@icloud.com,2008,Low
user3140409@icloud.com,2581,Low
user3141217@icloud.com,808,Low
user3142165@outlook.com,29,High
user3143220@icloud.com,1575,Low
user3144680@hotmail.com,24,Medium
user3145182@hotmail.com,1487,Low
user3146318@outlook.com,2827,Low
user3147700@outlook.com,1905,Low
user3148394@gmail.com,1776,Low
user3149207@icloud.com,148,Medium
user3150829@hotmail.com,1663,Low
user3151661@hotmail.com,2318,Low
user3152123@icloud.com,1092,Low
user3153855@icloud.com,877,Medium
user3154162@outlook.com,279,Low
user3155917@outlook.com,2922,Medium
user3156976@hotmail.com,1474,Low
user3157499@icloud.com,1853,Low
user3158204@yahoo.com,469,Low
user3159525@yahoo.com,1913,Low
user3160239@icloud.com,1264,Low
user3161144@outlook.com,1112,Low
user3162325@outlook.com,2277,Low
user3163253@hotmail.com,89,Medium
user3164103@gmail.com,2110,Low
user3165115@gmail.com,1389,Low
user3166306@icloud.com,1608,Low
user3167313@gmail.com,907,Low
user3168562@yahoo.com,2740,Low
user3169148@gmail.com,714,Low
user3170290@gmail.com,85,Medium
user3171335@hotmail.com,2368,Low
user3172710@yahoo.com,1643,Low
user3173134@hotmail.com,1863,Low
user3174648@outlook.com,1437,Low
user3175362@yahoo.com,581,Low
user3176850@hotmail.com,1066,Low
user3177913@icloud.com,106,Medium
user3178676@gmail.com,1068,Low
user3179612@outlook.com,2749,Low
user3180516@yahoo.com,2799,Low
user3181706@hotmail.com,69,Medium
user3182803@hotmail.com,158,Medium
user3183140@yahoo.com,183,Low
user3184800@gmail.com,447,Low
user3185244@gmail.com,672,Low
user3186397@gmail.com,1422,Low
user3187427@yahoo.com,1735,Low
user3188114@outlook.com,1704,Low
user3189848@icloud.com,2489,Medium
user3190278@yahoo.com,81,Medium
user3191938@outlook.com,169,Medium
user3192858@outlook.com,301,Low
user3193934@hotmail.com,2198,Low
user3194164@icloud.com,2774,Low
user3195290@hotmail.com,2561,Low
user3196203@icloud.com,2015,Low
user3197267@outlook.com,2443,Low
user3198903@outlook.com,680,Low
user3199198@hotmail.com,1986,Low
user3200629@outlook.com,2089,Low
user3201399@icloud.com,2909,Low
user3202126@hotmail.com,1992,Low
user3203625@outlook.com,1023,Low
user3204732@outlook.com,1330,Low
user3205118@icloud.com,164,Medium
user3206593@hotmail.com,164,Low
user3207913@outlook.com,1038,Low
user3208628@yahoo.com,437,Low
user3209872@icloud.com,1940,Low
user3210777@outlook.com,1612,Low
user3211980@icloud.com,2997,Low
user3212950@hotmail.com,218,Low
user3213852@outlook.com,188,Low
user3214795@icloud.com,1385,Low
user3215916@hotmail.com,148,Medium
user3216810@icloud.com,1563,Low
user3217742@icloud.com,2199,Low
user3218223@hotmail.com,1439,Low
user3219478@outlook.com,193,Low
user3220654@icloud.com,2724,Low
user3221688@hotmail.com,2914,Low
user3222165@icloud.com,2423,Low
user3223550@yahoo.com,881,Low
user3224849@icloud.com,165,Medium
user3225262@icloud.com,2420,Low
user3226753@icloud.com,1557,Low
user3227228@hotmail.com,2715,Low
user3228951@yahoo.com,133,Medium
user3229264@icloud.com,814,Low
user3230389@icloud.com,1388,Low
user3231989@yahoo.com,2378,Low
user3232515@yahoo.com,860,Low
user3233985@outlook.com,2278,Low
user3234257@outlook.com,682,Low
user3235458@gmail.com,2147,Low
user3236169@hotmail.com,1536,Low
user3237871@outlook.com,1387,Low
user3238823@outlook.com,2897,Low
user3239422@gmail.com,1698,Low
user3240111@icloud.com,2508,Low
user3241611@icloud.com,656,Low
user3242781@outlook.com,279,Medium
user3243183@icloud.com,462,Low
user3244913@outlook.com,2907,Low
user3245206@yahoo.com,1826,Low
user3246959@gmail.com,2295,Low
user3247400@outlook.com,1522,Low
user3248910@outlook.com,139,Medium
user3249265@icloud.com,1768,Low
user3250830@icloud.com,1336,Medium
user3251332@gmail.com,1121,Low
user3252611@hotmail.com,1259,Low
user3253577@hotmail.com,568,Low
user3254462@gmail.com,862,Low
user3255905@yahoo.com,193,Low
user3256660@yahoo.com,2066,Low
user3257326@icloud.com,2810,Low
user3258396@hotmail.com,135,Medium
user3259295@outlook.com,1517,Low
user3260701@hotmail.com,2913,Low
user3261234@gmail.com,74,Medium
user3262421@outlook.com,1967,Low
user3263571@gmail.com,587,Low
user3264832@yahoo.com,780,Low
user3265413@hotmail.com,363,Low
user3266339@yahoo.com,2487,Low
user3267354@hotmail.com,322,Low
user3268136@outlook.com,1092,Low
user3269482@outlook.com,1806,Low
user3270695@yahoo.com,779,Low
user3271534@icloud.com,569,Low
user3272780@outlook.com,1110,Low
user3273446@outlook.com,2208,Low
user3274407@icloud.com,1658,Low
user3275785@outlook.com,1299,Low
user3276890@outlook.com,1621,Low
user3277851@hotmail.com,19,High
user3278149@outlook.com,100,Medium
user3279719@outlook.com,475,Low
user3280345@gmail.com,47,Medium
user3281761@outlook.com,15,High
user3282458@gmail.com,1057,Low
user3283362@gmail.com,990,Low
user3284518@hotmail.com,985,Low
user3285970@outlook.com,2378,Low
user3286533@icloud.com,422,Low
user3287166@gmail.com,788,Medium
user3288571@yahoo.com,1138,Low
user3289286@icloud.com,954,Low
user3290845@outlook.com,2211,Low
user3291236@gmail.com,1351,Low
user3292345@hotmail.com,1884,Low
user3293959@yahoo.com,667,Medium
user3294349@outlook.com,1140,Low
user3295365@hotmail.com,2974,Low
user3296922@outlook.com,2823,Low
user3297966@outlook.com,1928,Low
user3298786@icloud.com,1691,Low
user3299621@hotmail.com,1038,Low
user3300818@icloud.com,528,Low
user3301503@hotmail.com,786,Low
user3302925@hotmail.com,2587,Low
user3303417@gmail.com,114,Medium
user3304329@gmail.com,1330,Low
user3305568@yahoo.com,2820,Low
user3306467@icloud.com,149,Medium
user3307596@icloud.com,2259,Low
user3308875@icloud.com,1036,Low
user3309585@gmail.com,2386,Low
user3310361@icloud.com,111,Medium
user3311639@hotmail.com,2000,Low
user3312849@gmail.com,1748,Low
user3313854@hotmail.com,2040,Low
user3314445@outlook.com,106,Medium
user3315390@yahoo.com,15,High
user3316337@yahoo.com,914,Low
user3317169@yahoo.com,7,High
user3318182@yahoo.com,520,Low
user3319675@yahoo.com,1222,Low
user3320189@outlook.com,1922,Low
user3321830@hotmail.com,1604,Low
user3322631@yahoo.com,2001,Low
user3323926@icloud.com,577,Low
user3324756@yahoo.com,75,Medium
user3325400@outlook.com,2495,Low
user3326912@hotmail.com,1703,Low
user3327427@yahoo.com,686,Low
user3328773@gmail.com,1568,Low
user3329634@outlook.com,192,Low
user3330945@yahoo.com,62,Medium
user3331619@icloud.com,885,Low
user3332402@yahoo.com,2764,Low
user3333341@outlook.com,1632,Low
user3334343@yahoo.com,1002,Low
user3335109@hotmail.com,760,Low
user3336433@gmail.com,1822,Low
user3337381@gmail.com,1124,Low
user3338540@yahoo.com,2513,Low
user3339484@gmail.com,2437,Low
user3340139@gmail.com,1607,Low
user3341454@gmail.com,59,Medium
user3342826@outlook.com,1152,Low
user3343858@icloud.com,94,Medium
user3344807@icloud.com,785,Low
user3345909@gmail.com,28,High
user3346339@gmail.com,1379,Low
user3347568@gmail.com,1154,Low
user3348412@icloud.com,2387,Low
user3349419@hotmail.com,16,High
user3350838@yahoo.com,61,Medium
user3351692@gmail.com,1291,Low
user3352337@yahoo.com,588,Low
user3353217@outlook.com,1286,Low
user3354754@outlook.com,630,Low
user3355480@gmail.com,815,Low
user3356722@outlook.com,15,High
user3357370@outlook.com,2154,Low
user3358316@hotmail.com,2729,Medium
user3359267@gmail.com,1795,Low
user3360522@icloud.com,24,High
user3361553@icloud.com,1116,Low
user3362277@yahoo.com,2373,Low
user3363859@icloud.com,623,Low
user3364401@icloud.com,159,Medium
user3365683@icloud.com,743,Low
user3366118@icloud.com,246,Low
user3367930@icloud.com,218,Medium
user3368367@gmail.com,110,Medium
user3369675@icloud.com,1672,Low
user3370828@gmail.com,148,Medium
user3371126@outlook.com,2071,Low
user3372818@icloud.com,518,Low
user3373805@icloud.com,64,Medium
user3374290@gmail.com,1844,Low
user3375437@outlook.com,852,Low
user3376846@yahoo.com,443,Low
user3377696@gmail.com,169,Medium
user3378328@icloud.com,27,High
user3379444@yahoo.com,352,Low
user3380103@gmail.com,2304,Low
user3381226@gmail.com,1432,Low
user3382597@hotmail.com,2501,Low
user3383186@outlook.com,82,Medium
user3384573@outlook.com,667,Low
user3385286@icloud.com,199,Low
user3386783@outlook.com,1236,Low
user3387687@outlook.com,766,Low
user3388647@icloud.com,1412,Low
user3389207@gmail.com,32,Medium
user3390801@hotmail.com,138,Medium
user3391431@outlook.com,2253,Low
user3392987@outlook.com,2431,Low
user3393732@gmail.com,2550,Low
user3394677@icloud.com,37,Medium
user3395621@outlook.com,2496,Low
user3396378@outlook.com,2868,Low
user3397337@gmail.com,2205,Low
user3398109@outlook.com,1422,Low
user3399641@icloud.com,853,Low
user3400516@hotmail.com,587,Low
user3401736@yahoo.com,1135,Low
user3402892@outlook.com,37,Medium
user3403269@gmail.com,2675,Low
user3404358@outlook.com,115,Medium
user3405148@yahoo.com,2495,Low
user3406422@icloud.com,1905,Low
user3407465@yahoo.com,241,Low
user3408363@yahoo.com,921,Low
user3409559@hotmail.com,2090,Low
user3410583@yahoo.com,109,Medium
user3411298@hotmail.com,2721,Low
user3412107@gmail.com,2180,Low
user3413313@icloud.com,495,Medium
user3414241@outlook.com,1690,Medium
user3415692@outlook.com,381,Low
user3416512@gmail.com,1799,Low
user3417665@gmail.com,2175,Low
user3418968@outlook.com,2818,Low
user3419508@hotmail.com,1634,Low
user3420582@hotmail.com,511,Low
user3421728@icloud.com,151,Medium
user3422922@hotmail.com,1000,Low
user3423854@icloud.com,1622,Low
user3424228@yahoo.com,6,High
user3425502@hotmail.com,2046,Low
user3426688@hotmail.com,2795,Low
user3427203@icloud.com,151,Medium
user3428678@icloud.com,466,Low
user3429408@icloud.com,2814,Low
user3430143@gmail.com,1638,Low
user3431983@outlook.com,2387,Low
user3432619@gmail.com,539,Low
user3433223@icloud.com,2485,Low
user3434652@gmail.com,2695,Low
user3435984@gmail.com,97,Medium
user3436660@gmail.com,2369,Low
user3437539@icloud.com,1742,Low
user3438594@icloud.com,2605,Low
user3439648@yahoo.com,2346,Low
user3440474@hotmail.com,144,Medium
user3441845@gmail.com,1573,Low
user3442128@icloud.com,1279,Low
user3443805@hotmail.com,1582,Medium
user3444665@icloud.com,356,Low
user3445864@yahoo.com,442,Low
user3446951@gmail.com,494,Low
user3447154@yahoo.com,128,Low
user3448957@hotmail.com,700,Low
user3449246@hotmail.com,2095,Low
user3450123@hotmail.com,2265,Low
user3451292@hotmail.com,468,Low
user3452361@gmail.com,1265,Medium
user3453349@gmail.com,1531,Low
user3454611@icloud.com,1227,Low
user3455214@gmail.com,184,Low
user3456497@outlook.com,500,Low
user3457535@gmail.com,178,Medium
user3458920@outlook.com,2865,Low
user3459216@yahoo.com,1679,Low
user3460608@hotmail.com,158,Medium
user3461795@outlook.com,2447,Low
user3462118@yahoo.com,67,Medium
user3463627@yahoo.com,861,Low
user3464811@gmail.com,346,Medium
user3465972@yahoo.com,28,Medium
user3466341@gmail.com,346,Low
user3467532@icloud.com,1142,Low
user3468725@gmail.com,22,High
user3469690@icloud.com,2078,Low
user3470312@yahoo.com,2153,Low
user3471923@gmail.com,2776,Medium
user3472526@icloud.com,1625,Low
user3473459@outlook.com,1515,Low
user3474689@gmail.com,205,Low
user3475477@outlook.com,2506,Low
user3476744@gmail.com,303,Low
user3477125@hotmail.com,967,Low
user3478312@gmail.com,810,Low
user3479266@outlook.com,1688,Low
user3480604@yahoo.com,2442,Low
user3481490@hotmail.com,2974,Low
user3482823@yahoo.com,83,Medium
user3483415@gmail.com,1332,Low
user3484997@gmail.com,833,Low
user3485520@icloud.com,109,Medium
user3486297@gmail.com,57,Medium
user3487126@gmail.com,2445,Low
user3488304@yahoo.com,1422,Low
user3489335@outlook.com,153,Medium
user3490782@outlook.com,1150,Low
user3491161@gmail.com,1832,Low
user3492991@gmail.com,1743,Low
user3493382@hotmail.com,101,Medium
user3494872@hotmail.com,126,Medium
user3495732@gmail.com,503,Low
user3496696@outlook.com,172,Medium
user3497252@gmail.com,2785,Low
user3498401@hotmail.com,2350,Low
user3499704@icloud.com,213,Low
user3500729@icloud.com,1396,Low
user3501185@gmail.com,26,High
user3502133@hotmail.com,1773,Low
user3503580@icloud.com,21,High
user3504284@yahoo.com,1336,Low
user3505814@outlook.com,87,Medium
user3506178@yahoo.com,831,Low
user3507515@outlook.com,2511,Low
user3508996@icloud.com,200,Low
user3509611@gmail.com,143,Medium
user3510638@icloud.com,148,Medium
user3511782@outlook.com,541,Low
user3512156@hotmail.com,131,Medium
user3513673@yahoo.com,99,Medium
user3514249@yahoo.com,2762,Low
user3515855@icloud.com,953,Low
user3516574@outlook.com,102,Medium
user3517618@hotmail.com,448,Low
user3518539@yahoo.com,487,Low
user3519692@icloud.com,1074,Low
user3520122@yahoo.com,587,Low
user3521974@gmail.com,2305,Low
user3522752@outlook.com,2223,Low
user3523508@outlook.com,138,Medium
user3524517@icloud.com,418,Low
user3525123@hotmail.com,614,Low
user3526387@outlook.com,735,Low
user3527885@outlook.com,908,Low
user3528388@outlook.com,114,Medium
user3529547@icloud.com,1146,Low
user3530601@gmail.com,1419,Low
user3531468@yahoo.com,2540,Low
user3532605@outlook.com,1649,Low
user3533831@gmail.com,2555,Low
user3534390@outlook.com,174,Medium
user3535509@hotmail.com,75,Medium
user3536609@outlook.com,13,High
user3537405@yahoo.com,2688,Low
user3538688@hotmail.com,1661,Medium
user3539810@outlook.com,819,Low
user3540223@gmail.com,2434,Low
user3541952@outlook.com,2432,Low
user3542839@yahoo.com,505,Low
user3543529@gmail.com,1393,Low
user3544211@yahoo.com,2312,Medium
user3545648@yahoo.com,1705,Low
user3546142@hotmail.com,53,Medium
user3547858@icloud.com,2665,Low
user3548332@hotmail.com,2731,Low
user3549493@outlook.com,276,Low
user3550782@hotmail.com,1113,Low
user3551923@outlook.com,1250,Low
user3552998@outlook.com,2645,Low
user3553738@hotmail.com,698,Low
user3554281@yahoo.com,2479,Low
user3555966@gmail.com,2276,Low
user3556869@outlook.com,1452,Low
user3557804@yahoo.com,2886,Low
user3558542@yahoo.com,175,Medium
user3559922@hotmail.com,2300,Low
user3560421@outlook.com,1509,Low
user3561767@outlook.com,1217,Medium
user3562996@icloud.com,1658,Low
user3563856@icloud.com,2483,Low
user3564614@outlook.com,1566,Low
user3565351@outlook.com,242,Low
user3566555@outlook.com,2517,Low
user3567428@yahoo.com,2987,Low
user3568334@gmail.com,669,Low
user3569873@yahoo.com,801,Low
user3570492@icloud.com,1770,Low
user3571282@hotmail.com,59,Medium
user3572330@gmail.com,1515,Low
user3573999@hotmail.com,1402,Low
user3574659@outlook.com,2250,Low
user3575703@icloud.com,2927,Low
user3576368@outlook.com,2257,Low
user3577178@hotmail.com,20,High
user3578570@gmail.com,73,Medium
user3579107@hotmail.com,554,Low
user3580796@gmail.com,907,Low
user3581283@hotmail.com,855,Low
user3582305@yahoo.com,2216,Low
user3583937@outlook.com,44,Medium
user3584780@gmail.com,361,Low
user3585549@icloud.com,392,Low
user3586516@hotmail.com,2118,Low
user3587259@gmail.com,678,Low
user3588274@icloud.com,1287,Low
user3589723@yahoo.com,2679,Low
user3590897@outlook.com,2379,Low
user3591886@outlook.com,1783,Low
user3592504@gmail.com,173,Medium
user3593619@hotmail.com,2251,Medium
user3594555@yahoo.com,1803,Low
user3595828@outlook.com,476,Low
user3596617@yahoo.com,1962,Low
user3597821@icloud.com,2596,Low
user3598784@outlook.com,671,Low
user3599819@gmail.com,176,Medium
user3600178@hotmail.com,2944,Low
user3601638@hotmail.com,599,Low
user3602263@hotmail.com,2861,Low
user3603205@gmail.com,2835,Low
user3604123@hotmail.com,61,Medium
user3605987@gmail.com,88,Medium
user3606111@outlook.com,1074,Low
user3607155@hotmail.com,2741,Low
user3608593@hotmail.com,2278,Low
user3609942@hotmail.com,195,Low
user3610531@yahoo.com,2327,Low
user3611517@hotmail.com,2073,Low
user3612129@yahoo.com,2132,Low
user3613294@hotmail.com,1845,Low
user3614448@outlook.com,1232,Low
user3615585@outlook.com,493,Low
user3616581@gmail.com,1635,Low
user3617974@outlook.com,1571,Low
user3618773@icloud.com,2386,Low
user3619763@gmail.com,1158,Low
user3620941@yahoo.com,173,Medium
user3621500@gmail.com,795,Low
user3622444@icloud.com,2768,Low
user3623147@gmail.com,1442,Low
user3624868@gmail.com,50,Medium
user3625752@hotmail.com,1846,Low
user3626938@hotmail.com,2864,Low
user3627549@yahoo.com,57,Medium
user3628508@yahoo.com,333,Low
user3629812@hotmail.com,2619,Low
user3630497@gmail.com,997,Low
user3631632@gmail.com,1196,Low
user3632429@icloud.com,1233,Low
user3633962@gmail.com,2476,Low
user3634403@yahoo.com,585,Low
user3635901@hotmail.com,330,Low
user3636105@yahoo.com,99,Medium
user3637110@hotmail.com,1464,Low
user3638138@hotmail.com,230,Low
user3639224@hotmail.com,1344,Low
user3640126@yahoo.com,519,Low
user3641186@icloud.com,2729,Low
user3642932@hotmail.com,933,Low
user3643597@icloud.com,555,Low
user3644790@hotmail.com,1435,Low
user3645806@hotmail.com,2854,Low
user3646535@icloud.com,196,Low
user3647354@yahoo.com,1027,Low
user3648938@yahoo.com,758,Low
user3649269@outlook.com,732,Low
user3650408@hotmail.com,1979,Low
user3651937@yahoo.com,77,Medium
user3652361@gmail.com,1257,Low
user3653996@outlook.com,1228,Low
user3654925@icloud.com,600,Low
user3655945@icloud.com,2656,Low
user3656544@yahoo.com,475,Low
user3657490@yahoo.com,1356,Low
user3658402@yahoo.com,175,Low
user3659499@icloud.com,1283,Low
user3660938@outlook.com,1934,Medium
user3661684@icloud.com,109,Medium
user3662423@gmail.com,2261,Low
user3663218@gmail.com,428,Low
user3664538@outlook.com,608,Low
user3665976@icloud.com,1719,Low
user3666329@icloud.com,117,Medium
user3667523@outlook.com,999,Low
user3668937@yahoo.com,720,Medium
user3669760@icloud.com,1593,Low
user3670109@outlook.com,2179,Low
user3671414@hotmail.com,948,Low
user3672156@outlook.com,1259,Low
user3673190@gmail.com,108,Medium
user3674704@yahoo.com,196,Low
user3675450@icloud.com,295,Low
user3676544@yahoo.com,1135,Low
user3677993@hotmail.com,1013,Low
user3678429@icloud.com,187,Low
user3679755@hotmail.com,1097,Low
user3680222@gmail.com,1155,Low
user3681886@yahoo.com,2600,Low
user3682517@gmail.com,277,Low
user3683129@yahoo.com,88,Medium
user3684775@icloud.com,20,High
user3685797@outlook.com,191,Low
user3686969@outlook.com,1971,Low
user3687372@yahoo.com,149,Medium
user3688890@icloud.com,317,Low
user3689129@outlook.com,236,Low
user3690336@outlook.com,1883,Low
user3691356@outlook.com,1469,Low
user3692200@gmail.com,1029,Low
user3693791@icloud.com,2459,Low
user3694284@outlook.com,330,Low
user3695381@icloud.com,1666,Medium
user3696908@hotmail.com,778,Low
user3697255@icloud.com,1205,Low
user3698959@icloud.com,2716,Low
user3699245@icloud.com,103,Medium
user3700625@yahoo.com,2936,Low
user3701879@outlook.com,157,Medium
user3702788@outlook.com,732,Low
user3703124@hotmail.com,797,Low
user3704828@hotmail.com,1330,Low
user3705870@outlook.com,1947,Low
user3706534@icloud.com,355,Low
user3707833@outlook.com,96,Medium
user3708458@icloud.com,2478,Low
user3709158@hotmail.com,1294,Low
user3710543@hotmail.com,1545,Low
user3711298@icloud.com,2273,Low
user3712739@yahoo.com,842,Low
user3713131@yahoo.com,1138,Low
user3714538@yahoo.com,2958,Low
user3715252@yahoo.com,126,Medium
user3716392@outlook.com,1506,Low
user3717207@gmail.com,173,Medium
user3718868@outlook.com,1483,Low
user3719486@hotmail.com,41,Medium
user3720482@yahoo.com,2292,Low
user3721953@icloud.com,1805,Low
user3722658@gmail.com,657,Low
user3723162@yahoo.com,195,Low
user3724743@outlook.com,2739,Low
user3725836@gmail.com,175,Medium
user3726707@icloud.com,366,Low
user3727153@icloud.com,992,Low
user3728511@yahoo.com,75,Medium
user3729814@yahoo.com,2932,Low
user3730757@hotmail.com,1491,Low
user3731325@yahoo.com,177,Medium
user3732773@gmail.com,2499,Low
user3733984@gmail.com,931,Low
user3734164@outlook.com,178,Medium
user3735549@hotmail.com,233,Low
user3736906@icloud.com,695,Low
user3737527@yahoo.com,1133,Low
user3738848@icloud.com,1658,Low
user3739536@icloud.com,2134,Low
user3740247@hotmail.com,2366,Low
user3741404@hotmail.com,113,Medium
user3742699@hotmail.com,592,Low
user3743572@icloud.com,2092,Low
user3744740@icloud.com,2957,Low
user3745244@outlook.com,2133,Low
user3746629@hotmail.com,1905,Low
user3747127@yahoo.com,2581,Low
user3748436@yahoo.com,260,Low
user3749274@yahoo.com,387,Low
user3750622@yahoo.com,1107,Low
user3751206@hotmail.com,2094,Low
user3752825@hotmail.com,2835,Low
user3753805@yahoo.com,2620,Low
user3754463@outlook.com,741,Low
user3755376@outlook.com,1007,Low
user3756352@outlook.com,2993,Low
user3757436@outlook.com,1808,Low
user3758935@hotmail.com,1470,Medium
user3759208@hotmail.com,2217,Low
user3760390@yahoo.com,333,Low
user3761665@icloud.com,156,Medium
user3762263@hotmail.com,129,Medium
user3763394@hotmail.com,2617,Low
user3764587@yahoo.com,1236,Low
user3765289@hotmail.com,1469,Low
user3766269@gmail.com,672,Low
user3767810@icloud.com,1804,Low
user3768527@outlook.com,1329,Low
user3769623@gmail.com,1177,Low
user3770434@hotmail.com,2278,Low
user3771217@outlook.com,2445,Low
user3772227@yahoo.com,2633,Low
user3773317@yahoo.com,1234,Low
user3774252@hotmail.com,2161,Low
user3775640@yahoo.com,1649,Medium
user3776386@gmail.com,782,Low
user3777941@hotmail.com,308,Medium
user3778327@icloud.com,2097,Low
user3779604@hotmail.com,1096,Low
user3780811@hotmail.com,1761,Low
user3781337@outlook.com,1127,Low
user3782338@icloud.com,519,Low
user3783918@icloud.com,361,Medium
user3784517@yahoo.com,2411,Low
user3785981@yahoo.com,2354,Low
user3786156@gmail.com,714,Medium
user3787494@outlook.com,192,Low
user3788860@gmail.com,11,High
user3789203@yahoo.com,1107,Low
user3790864@hotmail.com,807,Low
user3791792@gmail.com,2174,Low
user3792178@hotmail.com,1023,Low
user3793930@yahoo.com,97,Medium
user3794864@hotmail.com,1373,Medium
user3795423@icloud.com,169,Medium
user3796429@icloud.com,146,Medium
user3797919@yahoo.com,1325,Low
user3798343@outlook.com,67,Medium
user3799367@icloud.com,1887,Low
user3800217@yahoo.com,1949,Low
user3801712@gmail.com,1705,Low
user3802141@gmail.com,901,Low
user3803394@icloud.com,389,Low
user3804248@gmail.com,13,High
user3805726@outlook.com,2534,Medium
user3806542@icloud.com,420,Low
user3807587@yahoo.com,1224,Low
user3808642@outlook.com,146,Medium
user3809760@yahoo.com,1416,Low
user3810347@gmail.com,377,Low
user3811697@hotmail.com,465,Low
user3812255@icloud.com,2499,Low
user3813727@gmail.com,163,Medium
user3814646@gmail.com,906,Low
user3815616@icloud.com,2803,Low
user3816533@gmail.com,319,Low
user3817599@outlook.com,1878,Low
user3818767@outlook.com,228,Low
user3819911@yahoo.com,1928,Low
user3820894@hotmail.com,71,Medium
user3821211@yahoo.com,35,Medium
user3822699@outlook.com,1434,Low
user3823270@hotmail.com,748,Low
user3824363@hotmail.com,234,Low
user3825961@gmail.com,1620,Low
user3826561@icloud.com,136,Medium
user3827868@hotmail.com,805,Low
user3828740@gmail.com,1702,Low
user3829799@icloud.com,1983,Low
user3830895@yahoo.com,1342,Low
user3831894@gmail.com,1883,Low
user3832218@hotmail.com,2138,Low
user3833983@yahoo.com,2978,Low
user3834718@gmail.com,154,Medium
user3835158@hotmail.com,550,Low
user3836216@hotmail.com,2439,Low
user3837630@gmail.com,346,Low
user3838506@outlook.com,1440,Low
user3839280@outlook.com,457,Low
user3840762@icloud.com,2458,Low
user3841292@gmail.com,36,Medium
user3842209@gmail.com,348,Low
user3843738@gmail.com,1265,Low
user3844838@icloud.com,1422,Low
user3845852@icloud.com,197,Low
user3846281@hotmail.com,1390,Low
user3847491@icloud.com,144,Medium
user3848290@yahoo.com,2248,Low
user3849626@icloud.com,645,Low
user3850875@icloud.com,1037,Low
user3851197@hotmail.com,130,Medium
user3852703@icloud.com,113,Medium
user3853929@yahoo.com,654,Low
user3854951@outlook.com,1032,Low
user3855229@icloud.com,28,High
user3856877@icloud.com,714,Low
user3857262@gmail.com,1289,Low
user3858916@hotmail.com,146,Medium
user3859939@yahoo.com,35,Medium
user3860510@icloud.com,2187,Low
user3861730@outlook.com,787,Low
user3862741@outlook.com,110,Medium
user3863289@icloud.com,830,Low
user3864916@yahoo.com,422,Low
user3865789@yahoo.com,1503,Medium
user3866287@gmail.com,2544,Low
user3867151@gmail.com,1945,Low
user3868574@hotmail.com,598,Low
user3869808@gmail.com,677,Low
user3870415@icloud.com,1293,Low
user3871749@icloud.com,1541,Low
user3872319@yahoo.com,1572,Low
user3873627@hotmail.com,39,Medium
user3874837@yahoo.com,1241,Low
user3875358@hotmail.com,2995,Low
user3876313@gmail.com,43,Medium
user3877710@icloud.com,2792,Low
user3878736@gmail.com,38,High
user3879107@yahoo.com,197,Low
user3880833@icloud.com,178,High
user3881567@hotmail.com,1581,Low
user3882882@yahoo.com,1862,Low
user3883739@icloud.com,2921,Low
user3884676@hotmail.com,839,Low
user3885549@gmail.com,579,Low
user3886539@yahoo.com,441,Medium
user3887508@outlook.com,2861,Low
user3888280@icloud.com,143,Medium
user3889539@icloud.com,986,Low
user3890607@gmail.com,151,Medium
user3891244@yahoo.com,611,Low
user3892313@hotmail.com,106,Medium
user3893158@yahoo.com,1329,Medium
user3894109@icloud.com,162,Medium
user3895297@hotmail.com,1523,Low
user3896142@gmail.com,2039,Low
user3897829@icloud.com,42,Medium
user3898698@outlook.com,2747,Low
user3899347@outlook.com,1246,Low
user3900642@hotmail.com,2805,Low
user3901924@hotmail.com,423,Low
user3902202@gmail.com,2980,Low
user3903769@hotmail.com,2907,Low
user3904968@yahoo.com,1488,Low
user3905468@hotmail.com,1965,Low
user3906989@icloud.com,433,Low
user3907598@gmail.com,337,Low
user3908606@hotmail.com,459,Low
user3909937@yahoo.com,2778,Low
user3910249@yahoo.com,2355,Low
user3911416@gmail.com,1479,Low
user3912694@hotmail.com,2418,Low
user3913232@outlook.com,1653,Low
user3914850@icloud.com,1020,Low
user3915744@icloud.com,1057,Low
user3916216@icloud.com,2857,Low
user3917186@hotmail.com,1152,Low
user3918863@icloud.com,449,Low
user3919391@gmail.com,612,Low
user3920856@hotmail.com,441,Low
user3921755@gmail.com,892,Low
user3922608@hotmail.com,421,Low
user3923999@hotmail.com,2698,Low
user3924398@gmail.com,557,Low
user3925355@yahoo.com,2614,Low
user3926918@gmail.com,927,Low
user3927156@yahoo.com,1482,Low
user3928809@yahoo.com,463,Low
user3929740@yahoo.com,949,Low
user3930424@hotmail.com,182,Low
user3931127@outlook.com,2341,Low
user3932582@outlook.com,1796,Low
user3933656@yahoo.com,1444,Low
user3934358@yahoo.com,1741,Low
user3935820@yahoo.com,1006,Low
user3936312@hotmail.com,197,Low
user3937730@hotmail.com,2597,Medium
user3938568@yahoo.com,352,Low
user3939935@hotmail.com,2452,Low
user3940135@gmail.com,841,Medium
user3941204@hotmail.com,330,Low
user3942924@icloud.com,430,Low
user3943581@outlook.com,1956,Low
user3944213@yahoo.com,702,Low
user3945308@hotmail.com,2639,Low
user3946406@outlook.com,143,Medium
user3947658@icloud.com,700,Low
user3948156@yahoo.com,1366,Low
user3949434@gmail.com,986,Low
user3950348@yahoo.com,1160,Low
user3951865@hotmail.com,2528,Low
user3952153@gmail.com,51,Medium
user3953300@icloud.com,1078,Low
user3954706@gmail.com,1307,Low
user3955333@icloud.com,485,Low
user3956620@icloud.com,2276,Low
user3957752@outlook.com,2907,Low
user3958961@outlook.com,2235,Low
user3959515@outlook.com,1650,Low
user3960769@yahoo.com,320,Low
user3961206@icloud.com,135,Low
user3962898@outlook.com,2869,Low
user3963186@gmail.com,2747,Low
user3964767@yahoo.com,1621,Medium
user3965402@outlook.com,764,Low
user3966484@outlook.com,2908,Low
user3967581@hotmail.com,180,Low
user3968558@outlook.com,688,Low
user3969218@yahoo.com,227,Low
user3970672@hotmail.com,354,Low
user3971235@hotmail.com,2483,Low
user3972303@hotmail.com,1414,Low
user3973433@icloud.com,1659,Low
user3974755@outlook.com,2131,Low
user3975773@yahoo.com,233,Low
user3976131@hotmail.com,669,Low
user3977755@icloud.com,2922,Low
user3978859@outlook.com,1998,Low
user3979303@icloud.com,2813,Low
user3980708@yahoo.com,142,Medium
user3981251@hotmail.com,2204,Low
user3982199@icloud.com,128,Medium
user3983877@icloud.com,85,Medium
user3984633@icloud.com,614,Low
user3985952@yahoo.com,2616,Low
user3986415@outlook.com,95,Low
user3987124@icloud.com,2400,Low
user3988237@yahoo.com,2151,Low
user3989634@gmail.com,1629,Low
user3990662@icloud.com,2028,Low
user3991712@yahoo.com,2832,Low
user3992543@icloud.com,1290,Low
user3993989@gmail.com,2969,Low
user3994335@icloud.com,2192,Low
user3995886@yahoo.com,2156,Low
user3996487@gmail.com,2341,Low
user3997297@gmail.com,302,Medium
user3998728@hotmail.com,433,Low
user3999586@outlook.com,74,Medium
user4000528@gmail.com,2407,Low
