User_ID,Trusted_Device_IDs,Home_Location,Typical_Transaction_Amount,Account_Open_Days_Ago,Lifetime_Transactions_Before_Window
1,DEV-000001;DEV-000002,New York,13.32,1801,121
2,DEV-000003,Seattle,28.04,1169,25
3,DEV-000004;DEV-000005,Los Angeles,100.86,1681,107
4,DEV-000006,Chicago,60.49,866,64
5,DEV-000007;DEV-000008,Los Angeles,87.04,1072,56
6,DEV-000009;DEV-000010,San Francisco,19.27,424,28
7,DEV-000011;DEV-000012,Boston,19.58,1980,118
8,DEV-000013;DEV-000014;DEV-000015,San Francisco,197.81,620,16
9,DEV-000016,Austin,19.99,1993,86
10,DEV-000017,San Francisco,33.59,1809,95
11,DEV-000018,Austin,18.12,1691,45
12,DEV-000019,New York,40.77,1256,45
13,DEV-000020,Austin,149.62,928,34
14,DEV-000021,Austin,88.73,1300,28
15,DEV-000022,San Francisco,156.65,766,38
16,DEV-000023;DEV-000024,Los Angeles,27.03,370,13
17,DEV-000025,San Francisco,170.34,1387,89
18,DEV-000026;DEV-000027,Chicago,27.58,1608,84
19,DEV-000028;DEV-000029;DEV-000030,Austin,12.54,1200,47
20,DEV-000031,Los Angeles,90.09,880,55
21,DEV-000032;DEV-000033;DEV-000034,Boston,166.75,1849,136
22,DEV-000035,Boston,93.56,432,22
23,DEV-000036;DEV-000037;DEV-000038,Boston,12.24,505,16
24,DEV-000039,Seattle,40.74,798,22
25,DEV-000040;DEV-000041,Miami,92.47,577,15
26,DEV-000042;DEV-000043,Miami,42.24,740,18
27,DEV-000044,Austin,25.73,1880,124
28,DEV-000045;DEV-000046;DEV-000047,Austin,52.13,852,29
29,DEV-000048,Seattle,62.04,1143,67
30,DEV-000049,Austin,114.73,1919,59
31,DEV-000050,Austin,13.21,1091,47
32,DEV-000051,Houston,149.12,1601,86
33,DEV-000052,Miami,90.77,779,35
34,DEV-000053;DEV-000054,San Francisco,71.97,990,63
35,DEV-000055;DEV-000056,Seattle,82.0,1194,51
36,DEV-000057;DEV-000058,Los Angeles,115.75,1450,69
37,DEV-000059,Austin,209.39,444,21
38,DEV-000060;DEV-000061,Seattle,43.66,1251,80
39,DEV-000062,Houston,107.1,1285,54
40,DEV-000063,Chicago,82.57,1124,58
41,DEV-000064;DEV-000065;DEV-000066,San Francisco,64.99,96,6
42,DEV-000067,Los Angeles,79.56,1090,43
43,DEV-000068;DEV-000069,Los Angeles,43.62,1439,80
44,DEV-000070;DEV-000071,San Francisco,73.27,865,40
45,DEV-000072;DEV-000073,Austin,86.02,322,9
46,DEV-000074,Houston,88.92,810,58
47,DEV-000075;DEV-000076;DEV-000077,Austin,18.05,477,38
48,DEV-000078,Miami,208.76,1340,78
49,DEV-000079;DEV-000080;DEV-000081,Houston,142.83,1106,54
50,DEV-000082,Los Angeles,67.72,1704,73
51,DEV-000083,Seattle,165.52,580,46
52,DEV-000084;DEV-000085,Boston,213.24,1917,139
53,DEV-000086;DEV-000087,New York,13.98,78,2
54,DEV-000088;DEV-000089,Miami,82.58,705,53
55,DEV-000090;DEV-000091;DEV-000092,Houston,239.38,1360,35
56,DEV-000093;DEV-000094,Houston,93.06,612,42
57,DEV-000095,Chicago,22.25,314,19
58,DEV-000096,Chicago,117.03,1677,71
59,DEV-000097,San Francisco,92.25,653,18
60,DEV-000098;DEV-000099,Los Angeles,174.47,39,1
61,DEV-000100,Los Angeles,46.07,1691,124
62,DEV-000101,New York,14.18,778,41
63,DEV-000102;DEV-000103,Chicago,16.94,689,38
64,DEV-000104,Austin,72.31,691,40
65,DEV-000105;DEV-000106,San Francisco,180.87,1610,86
66,DEV-000107,Austin,105.9,73,5
67,DEV-000108;DEV-000109,San Francisco,44.51,487,20
68,DEV-000110,Houston,73.79,800,57
69,DEV-000111,Austin,13.18,1517,119
70,DEV-000112;DEV-000113;DEV-000114,Miami,33.88,530,41
71,DEV-000115;DEV-000116,San Francisco,34.31,1390,104
72,DEV-000117,Houston,32.6,399,19
73,DEV-000118;DEV-000119,Boston,102.36,1722,36
74,DEV-000120;DEV-000121,Los Angeles,33.09,1484,92
75,DEV-000122,Chicago,119.18,103,5
76,DEV-000123,Miami,14.95,779,62
77,DEV-000124,Austin,38.61,1934,110
78,DEV-000125,Austin,84.64,1821,110
79,DEV-000126;DEV-000127;DEV-000128,Chicago,33.12,1524,90
80,DEV-000129;DEV-000130,Austin,36.07,373,27
81,DEV-000131;DEV-000132;DEV-000133,Boston,19.35,231,6
82,DEV-000134;DEV-000135,Seattle,93.22,1980,124
83,DEV-000136;DEV-000137,Houston,15.67,1481,114
84,DEV-000138,Los Angeles,38.8,1277,87
85,DEV-000139,Miami,77.17,1896,88
86,DEV-000140,Miami,14.71,153,10
87,DEV-000141,Austin,226.78,1357,74
88,DEV-000142,San Francisco,123.29,516,33
89,DEV-000143;DEV-000144,Los Angeles,13.89,531,15
90,DEV-000145,San Francisco,134.02,427,20
91,DEV-000146,Austin,29.41,1449,109
92,DEV-000147;DEV-000148,Seattle,56.78,848,52
93,DEV-000149,Chicago,93.43,1436,51
94,DEV-000150;DEV-000151,Los Angeles,242.04,1979,154
95,DEV-000152,San Francisco,63.43,197,13
96,DEV-000153,Seattle,49.51,1529,74
97,DEV-000154,Miami,49.28,274,7
98,DEV-000155,Seattle,209.02,1606,49
99,DEV-000156,Chicago,87.9,1759,112
100,DEV-000157;DEV-000158;DEV-000159,Boston,29.73,1814,87
101,DEV-000160,Austin,65.69,394,11
102,DEV-000161;DEV-000162;DEV-000163,Houston,54.17,525,41
103,DEV-000164,Boston,18.21,1030,39
104,DEV-000165,San Francisco,17.92,1416,82
105,DEV-000166;DEV-000167,Chicago,32.59,1296,72
106,DEV-000168;DEV-000169,Miami,27.02,486,39
107,DEV-000170,San Francisco,21.59,1194,33
108,DEV-000171,Austin,37.73,952,33
109,DEV-000172;DEV-000173,Los Angeles,96.61,601,45
110,DEV-000174,San Francisco,34.44,62,3
111,DEV-000175;DEV-000176,New York,16.45,717,38
112,DEV-000177,San Francisco,86.22,530,21
113,DEV-000178;DEV-000179;DEV-000180,Austin,58.73,924,51
114,DEV-000181;DEV-000182,Boston,145.61,541,36
115,DEV-000183,New York,26.7,815,54
116,DEV-000184;DEV-000185;DEV-000186,Boston,100.06,1819,83
117,DEV-000187,Austin,22.34,557,16
118,DEV-000188,New York,65.13,1519,84
119,DEV-000189;DEV-000190,Boston,20.9,1816,117
120,DEV-000191;DEV-000192;DEV-000193,New York,117.75,1854,145
121,DEV-000194,New York,25.08,1708,57
122,DEV-000195;DEV-000196,Seattle,68.88,65,5
123,DEV-000197,Austin,53.89,948,35
124,DEV-000198,Miami,189.47,1385,60
125,DEV-000199,New York,27.26,447,15
126,DEV-000200;DEV-000201,Los Angeles,98.19,1927,111
127,DEV-000202;DEV-000203,Los Angeles,37.04,202,6
128,DEV-000204;DEV-000205,Houston,120.31,1110,81
129,DEV-000206,New York,150.99,85,2
130,DEV-000207,Miami,88.05,1717,57
131,DEV-000208;DEV-000209;DEV-000210,Houston,132.26,997,23
132,DEV-000211;DEV-000212,Chicago,15.61,1617,113
133,DEV-000213;DEV-000214,Austin,66.06,1419,90
134,DEV-000215;DEV-000216,Chicago,130.52,869,18
135,DEV-000217,Miami,53.08,1679,132
136,DEV-000218;DEV-000219,San Francisco,16.03,1844,123
137,DEV-000220;DEV-000221,Boston,38.99,430,10
138,DEV-000222,Miami,127.48,165,8
139,DEV-000223,Boston,140.67,532,33
140,DEV-000224,Los Angeles,32.38,539,23
141,DEV-000225,San Francisco,142.15,357,12
142,DEV-000226,Austin,55.69,475,15
143,DEV-000227;DEV-000228,Boston,221.5,216,11
144,DEV-000229;DEV-000230,New York,51.85,556,23
145,DEV-000231,Seattle,14.9,1323,49
146,DEV-000232;DEV-000233;DEV-000234,Boston,13.3,1368,101
147,DEV-000235,Seattle,22.0,1934,90
148,DEV-000236;DEV-000237,San Francisco,91.5,1709,43
149,DEV-000238,Austin,20.1,1632,99
150,DEV-000239,Boston,102.56,719,21
151,DEV-000240,San Francisco,67.91,1612,84
152,DEV-000241,Miami,26.8,729,39
153,DEV-000242;DEV-000243,Seattle,60.15,929,27
154,DEV-000244;DEV-000245;DEV-000246,Los Angeles,119.63,73,6
155,DEV-000247,Seattle,69.82,1613,118
156,DEV-000248,Houston,33.56,965,60
157,DEV-000249,Los Angeles,241.55,490,14
158,DEV-000250;DEV-000251,San Francisco,12.22,1805,110
159,DEV-000252,San Francisco,31.19,480,23
160,DEV-000253;DEV-000254,Los Angeles,15.8,1928,120
161,DEV-000255,Houston,22.56,1998,42
162,DEV-000256;DEV-000257;DEV-000258,Boston,36.46,63,5
163,DEV-000259,Boston,100.03,244,8
164,DEV-000260;DEV-000261;DEV-000262,San Francisco,195.17,1932,84
165,DEV-000263,Houston,20.1,627,47
166,DEV-000264,Austin,35.89,1266,26
167,DEV-000265;DEV-000266,Chicago,199.03,201,8
168,DEV-000267;DEV-000268,San Francisco,169.18,1771,60
169,DEV-000269,Los Angeles,109.66,1213,89
170,DEV-000270,San Francisco,22.55,1177,39
171,DEV-000271,Austin,18.18,1945,61
172,DEV-000272,Houston,24.55,303,21
173,DEV-000273,San Francisco,15.98,897,37
174,DEV-000274,New York,211.94,1716,97
175,DEV-000275,Seattle,95.47,271,8
176,DEV-000276;DEV-000277,Boston,53.97,1110,27
177,DEV-000278;DEV-000279;DEV-000280,Los Angeles,80.82,661,39
178,DEV-000281;DEV-000282;DEV-000283,Los Angeles,226.32,1122,64
179,DEV-000284;DEV-000285,Seattle,136.81,1333,58
180,DEV-000286;DEV-000287;DEV-000288,Seattle,104.67,713,40
181,DEV-000289,San Francisco,33.44,1684,40
182,DEV-000290;DEV-000291,Chicago,20.76,1819,129
183,DEV-000292,Miami,18.58,136,9
184,DEV-000293;DEV-000294,New York,14.08,823,39
185,DEV-000295,San Francisco,133.97,1900,145
186,DEV-000296,New York,44.43,1208,67
187,DEV-000297,San Francisco,14.14,1366,99
188,DEV-000298;DEV-000299,Houston,128.33,445,16
189,DEV-000300;DEV-000301;DEV-000302,Austin,42.18,1174,75
190,DEV-000303;DEV-000304,Chicago,17.48,811,47
191,DEV-000305,San Francisco,15.82,86,4
192,DEV-000306;DEV-000307,San Francisco,128.67,840,20
193,DEV-000308,Seattle,96.69,259,16
194,DEV-000309,Miami,124.22,1039,73
195,DEV-000310;DEV-000311,Boston,18.3,996,28
196,DEV-000312,Austin,40.08,875,43
197,DEV-000313,Boston,14.14,463,18
198,DEV-000314;DEV-000315,Los Angeles,25.98,109,9
199,DEV-000316,New York,56.52,1134,60
200,DEV-000317;DEV-000318,Chicago,57.51,1498,69
201,DEV-000319;DEV-000320,Seattle,107.73,335,16
202,DEV-000321;DEV-000322,San Francisco,23.73,1824,74
203,DEV-000323;DEV-000324;DEV-000325,Chicago,18.4,1341,43
204,DEV-000326;DEV-000327,Miami,128.46,885,38
205,DEV-000328,Los Angeles,12.86,1248,77
206,DEV-000329;DEV-000330,Seattle,241.87,1478,34
207,DEV-000331,Boston,168.95,940,31
208,DEV-000332;DEV-000333,Houston,43.06,1522,58
209,DEV-000334,Los Angeles,125.7,286,7
210,DEV-000335;DEV-000336;DEV-000337,Houston,84.18,1877,150
211,DEV-000338,New York,156.96,1519,99
212,DEV-000339,Miami,134.25,1286,78
213,DEV-000340;DEV-000341,Chicago,51.9,448,12
214,DEV-000342;DEV-000343,San Francisco,44.64,1916,144
215,DEV-000344;DEV-000345;DEV-000346,Austin,23.76,1064,30
216,DEV-000347,Boston,41.97,1826,130
217,DEV-000348;DEV-000349,Miami,104.58,438,28
218,DEV-000350;DEV-000351,San Francisco,26.12,1210,93
219,DEV-000352,Miami,87.83,1243,80
220,DEV-000353;DEV-000354,Seattle,55.28,530,41
221,DEV-000355,Seattle,103.09,647,18
222,DEV-000356;DEV-000357;DEV-000358,Austin,28.73,1330,100
223,DEV-000359,Houston,22.47,704,31
224,DEV-000360;DEV-000361;DEV-000362,Austin,14.32,1059,23
225,DEV-000363,Chicago,232.84,964,32
226,DEV-000364,Seattle,73.01,764,52
227,DEV-000365,Chicago,42.43,381,17
228,DEV-000366,Seattle,46.39,679,53
229,DEV-000367,Austin,135.43,752,55
230,DEV-000368,Boston,149.45,1302,96
231,DEV-000369,Austin,15.05,1768,116
232,DEV-000370,New York,99.75,1470,77
233,DEV-000371,Chicago,114.46,45,2
234,DEV-000372;DEV-000373;DEV-000374,Los Angeles,114.99,1361,107
235,DEV-000375,Miami,84.27,108,7
236,DEV-000376,Miami,47.08,843,23
237,DEV-000377;DEV-000378;DEV-000379,Seattle,124.5,1695,36
238,DEV-000380;DEV-000381;DEV-000382,Los Angeles,184.73,580,33
239,DEV-000383,Seattle,54.95,1953,113
240,DEV-000384,Los Angeles,119.63,71,5
241,DEV-000385,Austin,81.51,710,19
242,DEV-000386,Seattle,141.42,1956,42
243,DEV-000387,Los Angeles,42.26,1870,101
244,DEV-000388,Chicago,14.41,1304,53
245,DEV-000389;DEV-000390,Chicago,132.14,125,7
246,DEV-000391;DEV-000392;DEV-000393,Chicago,50.79,1661,89
247,DEV-000394,Austin,43.04,991,30
248,DEV-000395,Chicago,26.14,585,42
249,DEV-000396,Los Angeles,95.9,323,15
250,DEV-000397;DEV-000398,Seattle,65.19,885,66
251,DEV-000399;DEV-000400;DEV-000401,Chicago,39.15,748,51
252,DEV-000402,Houston,103.01,1766,36
253,DEV-000403;DEV-000404,Los Angeles,86.93,1204,42
254,DEV-000405,Seattle,34.55,1592,127
255,DEV-000406,Houston,168.74,1746,126
256,DEV-000407,San Francisco,38.4,1742,62
257,DEV-000408,Chicago,50.89,786,55
258,DEV-000409,Los Angeles,149.76,1527,45
259,DEV-000410,Houston,53.11,1216,61
260,DEV-000411;DEV-000412,Miami,31.4,409,14
261,DEV-000413,Miami,43.46,978,78
262,DEV-000414;DEV-000415;DEV-000416,Chicago,43.14,335,20
263,DEV-000417,Houston,50.89,1137,63
264,DEV-000418;DEV-000419,Chicago,230.01,1308,93
265,DEV-000420,Boston,80.95,1479,58
266,DEV-000421;DEV-000422,Boston,20.12,1853,135
267,DEV-000423,Boston,58.67,1574,61
268,DEV-000424,Seattle,160.95,697,18
269,DEV-000425;DEV-000426,Seattle,51.67,1120,42
270,DEV-000427;DEV-000428,Houston,73.04,1425,99
271,DEV-000429,Austin,120.74,805,26
272,DEV-000430,Miami,21.4,1553,41
273,DEV-000431;DEV-000432,New York,32.81,840,18
274,DEV-000433,Boston,123.18,447,14
275,DEV-000434;DEV-000435,Houston,51.61,1178,70
276,DEV-000436,Miami,96.08,1077,60
277,DEV-000437;DEV-000438;DEV-000439,Miami,109.9,558,34
278,DEV-000440;DEV-000441,Chicago,14.98,1994,108
279,DEV-000442;DEV-000443,Boston,21.53,1172,82
280,DEV-000444,Los Angeles,16.8,1282,49
281,DEV-000445;DEV-000446,Seattle,64.98,1451,105
282,DEV-000447;DEV-000448,Los Angeles,67.36,1041,29
283,DEV-000449,Austin,33.53,1596,54
284,DEV-000450;DEV-000451,Seattle,218.1,1474,61
285,DEV-000452,Austin,67.49,1093,58
286,DEV-000453,Seattle,131.46,1824,136
287,DEV-000454;DEV-000455,New York,81.59,51,3
288,DEV-000456;DEV-000457,Houston,128.91,1114,33
289,DEV-000458,Miami,39.88,469,12
290,DEV-000459,Seattle,72.36,424,34
291,DEV-000460,San Francisco,112.03,1816,114
292,DEV-000461,Houston,63.21,1387,108
293,DEV-000462,San Francisco,39.09,745,22
294,DEV-000463;DEV-000464;DEV-000465,New York,25.59,53,3
295,DEV-000466;DEV-000467,Los Angeles,19.2,1618,125
296,DEV-000468;DEV-000469,Chicago,69.62,1574,97
297,DEV-000470,San Francisco,21.17,1088,62
298,DEV-000471,San Francisco,18.08,623,19
299,DEV-000472,Miami,103.14,878,48
300,DEV-000473,San Francisco,20.72,1150,26
301,DEV-000474,Austin,58.89,1009,53
302,DEV-000475;DEV-000476;DEV-000477,Miami,20.07,1842,72
303,DEV-000478;DEV-000479,Miami,71.59,565,24
304,DEV-000480;DEV-000481,Chicago,37.94,1375,28
305,DEV-000482;DEV-000483;DEV-000484,Houston,12.64,1229,95
306,DEV-000485;DEV-000486,New York,21.21,1834,109
307,DEV-000487,Austin,20.74,1563,62
308,DEV-000488,Houston,32.71,105,7
309,DEV-000489;DEV-000490,Seattle,196.63,174,7
310,DEV-000491,Los Angeles,134.11,540,15
311,DEV-000492;DEV-000493,Seattle,39.97,339,26
312,DEV-000494,Seattle,48.78,970,73
313,DEV-000495;DEV-000496,Seattle,232.96,1123,67
314,DEV-000497;DEV-000498,Los Angeles,58.87,1713,89
315,DEV-000499;DEV-000500,Austin,92.77,1095,66
316,DEV-000501,Austin,121.33,1313,33
317,DEV-000502,San Francisco,12.75,1352,42
318,DEV-000503;DEV-000504;DEV-000505,New York,15.77,895,68
319,DEV-000506,Chicago,16.1,1282,65
320,DEV-000507,Chicago,99.37,579,38
321,DEV-000508,San Francisco,41.14,316,9
322,DEV-000509;DEV-000510,Seattle,62.4,514,37
323,DEV-000511,San Francisco,95.25,1782,60
324,DEV-000512;DEV-000513,Los Angeles,22.58,1115,84
325,DEV-000514;DEV-000515,Seattle,16.93,618,24
326,DEV-000516,Seattle,151.39,668,29
327,DEV-000517;DEV-000518,Boston,79.02,216,10
328,DEV-000519,Seattle,13.47,1524,100
329,DEV-000520,San Francisco,58.56,679,26
330,DEV-000521;DEV-000522,Boston,35.12,1518,64
331,DEV-000523;DEV-000524,Miami,15.6,1555,74
332,DEV-000525,Seattle,137.49,167,10
333,DEV-000526;DEV-000527;DEV-000528,New York,83.66,1716,43
334,DEV-000529;DEV-000530,Boston,93.27,1626,34
335,DEV-000531,Boston,48.59,1291,99
336,DEV-000532,Miami,34.97,1348,84
337,DEV-000533;DEV-000534,Chicago,179.11,1361,79
338,DEV-000535;DEV-000536;DEV-000537,Chicago,45.68,774,59
339,DEV-000538;DEV-000539,Miami,12.89,820,65
340,DEV-000540,Boston,153.26,557,22
341,DEV-000541;DEV-000542,Austin,157.59,177,11
342,DEV-000543;DEV-000544,Chicago,13.56,1344,99
343,DEV-000545,New York,33.55,1810,95
344,DEV-000546;DEV-000547;DEV-000548,New York,20.42,1570,52
345,DEV-000549;DEV-000550,San Francisco,227.59,1902,133
346,DEV-000551,Los Angeles,195.79,339,9
347,DEV-000552,Miami,97.23,1432,74
348,DEV-000553;DEV-000554,Los Angeles,21.67,1462,62
349,DEV-000555,Miami,20.68,999,68
350,DEV-000556;DEV-000557,Los Angeles,106.08,647,45
351,DEV-000558,Miami,14.34,242,18
352,DEV-000559;DEV-000560,Miami,42.72,835,59
353,DEV-000561;DEV-000562,Miami,28.15,52,4
354,DEV-000563;DEV-000564;DEV-000565,Los Angeles,15.63,1923,95
355,DEV-000566;DEV-000567;DEV-000568,Miami,100.66,914,22
356,DEV-000569,New York,57.07,1954,84
357,DEV-000570,Los Angeles,61.49,1427,104
358,DEV-000571,Miami,54.84,174,8
359,DEV-000572;DEV-000573,Houston,17.05,1961,73
360,DEV-000574;DEV-000575;DEV-000576,Boston,69.14,1553,114
361,DEV-000577,Seattle,224.12,146,9
362,DEV-000578;DEV-000579,Seattle,68.28,900,34
363,DEV-000580,Chicago,209.22,1828,42
364,DEV-000581;DEV-000582;DEV-000583,Houston,13.12,1158,76
365,DEV-000584;DEV-000585,Miami,31.6,1553,122
366,DEV-000586,Miami,112.68,619,48
367,DEV-000587;DEV-000588,San Francisco,12.43,740,19
368,DEV-000589,Houston,53.64,1673,47
369,DEV-000590;DEV-000591,Miami,240.57,1825,55
370,DEV-000592;DEV-000593,Chicago,35.59,1017,68
371,DEV-000594;DEV-000595;DEV-000596,San Francisco,60.54,316,18
372,DEV-000597;DEV-000598;DEV-000599,San Francisco,42.61,1654,49
373,DEV-000600,New York,113.68,1126,64
374,DEV-000601,New York,131.52,184,5
375,DEV-000602;DEV-000603,Seattle,35.04,895,68
376,DEV-000604;DEV-000605,Miami,36.58,915,63
377,DEV-000606,Chicago,53.92,611,42
378,DEV-000607,Boston,21.46,1253,61
379,DEV-000608;DEV-000609,San Francisco,36.27,1403,51
380,DEV-000610,Miami,90.02,1559,54
381,DEV-000611,Miami,93.16,347,14
382,DEV-000612,Austin,26.71,1260,50
383,DEV-000613;DEV-000614;DEV-000615,Chicago,31.11,644,40
384,DEV-000616,Seattle,121.44,779,45
385,DEV-000617;DEV-000618,Houston,72.07,1572,122
386,DEV-000619,Seattle,37.83,478,15
387,DEV-000620;DEV-000621,Los Angeles,28.85,1052,43
388,DEV-000622;DEV-000623,Austin,135.96,1214,81
389,DEV-000624;DEV-000625,Houston,202.65,487,17
390,DEV-000626,San Francisco,81.6,1642,87
391,DEV-000627,Austin,238.38,1626,127
392,DEV-000628;DEV-000629,Houston,164.27,1152,60
393,DEV-000630;DEV-000631,San Francisco,24.88,1058,52
394,DEV-000632,Houston,162.18,843,47
395,DEV-000633;DEV-000634;DEV-000635,Houston,63.96,814,53
396,DEV-000636,Chicago,190.12,1598,65
397,DEV-000637;DEV-000638,Houston,55.65,1180,86
398,DEV-000639;DEV-000640,Chicago,25.76,1285,77
399,DEV-000641;DEV-000642;DEV-000643,Los Angeles,12.96,308,20
400,DEV-000644,San Francisco,215.74,1316,91
401,DEV-000645;DEV-000646,Boston,159.02,664,39
402,DEV-000647,San Francisco,12.57,964,43
403,DEV-000648;DEV-000649,New York,12.38,95,5
404,DEV-000650;DEV-000651,Houston,17.3,705,34
405,DEV-000652;DEV-000653;DEV-000654,New York,21.47,1198,56
406,DEV-000655;DEV-000656;DEV-000657,Chicago,149.14,1754,102
407,DEV-000658;DEV-000659,Boston,37.36,418,11
408,DEV-000660,Miami,32.29,1557,57
409,DEV-000661,Chicago,25.03,414,19
410,DEV-000662;DEV-000663,San Francisco,147.84,1372,62
411,DEV-000664;DEV-000665,Miami,59.25,339,9
412,DEV-000666;DEV-000667;DEV-000668,Houston,35.39,1434,66
413,DEV-000669,Miami,79.16,55,3
414,DEV-000670,Miami,48.45,1291,48
415,DEV-000671,New York,21.59,1478,82
416,DEV-000672,Miami,43.19,1944,70
417,DEV-000673,Boston,155.38,1315,101
418,DEV-000674;DEV-000675,San Francisco,27.21,1643,82
419,DEV-000676;DEV-000677,Chicago,172.35,667,28
420,DEV-000678;DEV-000679;DEV-000680,Los Angeles,22.84,1395,69
421,DEV-000681;DEV-000682;DEV-000683,Houston,179.28,1257,69
422,DEV-000684;DEV-000685,San Francisco,166.1,1124,75
423,DEV-000686,New York,25.43,1052,41
424,DEV-000687,Chicago,135.0,244,14
425,DEV-000688,Chicago,44.8,1112,62
426,DEV-000689;DEV-000690;DEV-000691,Chicago,99.57,541,33
427,DEV-000692,Boston,107.26,1499,50
428,DEV-000693;DEV-000694,Austin,16.97,1570,115
429,DEV-000695;DEV-000696;DEV-000697,Los Angeles,34.85,459,26
430,DEV-000698,Boston,15.58,1702,122
431,DEV-000699,Miami,96.26,91,7
432,DEV-000700,Chicago,206.89,668,51
433,DEV-000701,Chicago,18.66,1038,28
434,DEV-000702,Miami,181.43,1982,121
435,DEV-000703;DEV-000704,Seattle,61.74,1213,66
436,DEV-000705;DEV-000706,Austin,21.5,968,48
437,DEV-000707,Seattle,40.67,1723,42
438,DEV-000708;DEV-000709,Houston,211.98,559,42
439,DEV-000710,Los Angeles,116.33,589,23
440,DEV-000711,San Francisco,25.51,775,62
441,DEV-000712;DEV-000713,New York,139.48,1293,56
442,DEV-000714,Austin,28.33,569,13
443,DEV-000715,Seattle,81.9,1286,95
444,DEV-000716,New York,182.06,960,45
445,DEV-000717;DEV-000718,Seattle,38.87,662,17
446,DEV-000719,Houston,137.72,1070,39
447,DEV-000720;DEV-000721,Chicago,14.82,1728,127
448,DEV-000722;DEV-000723,New York,157.84,1911,82
449,DEV-000724,Seattle,12.37,1714,37
450,DEV-000725,New York,51.41,1769,130
451,DEV-000726,Miami,120.58,771,22
452,DEV-000727;DEV-000728,Austin,14.25,1254,42
453,DEV-000729;DEV-000730,Miami,57.49,386,11
454,DEV-000731;DEV-000732,Houston,70.36,977,43
455,DEV-000733,New York,24.83,1463,72
456,DEV-000734;DEV-000735;DEV-000736,Seattle,19.82,1454,86
457,DEV-000737;DEV-000738,Chicago,145.22,696,47
458,DEV-000739;DEV-000740,Los Angeles,20.81,399,11
459,DEV-000741;DEV-000742,Boston,169.89,912,34
460,DEV-000743,Austin,29.45,1699,131
461,DEV-000744;DEV-000745;DEV-000746,Miami,20.84,1420,47
462,DEV-000747;DEV-000748;DEV-000749,Houston,63.54,1376,63
463,DEV-000750;DEV-000751,Houston,84.44,1723,76
464,DEV-000752;DEV-000753;DEV-000754,Chicago,243.52,186,9
465,DEV-000755;DEV-000756,Los Angeles,24.07,1691,60
466,DEV-000757;DEV-000758,New York,37.49,1186,40
467,DEV-000759,New York,66.87,1481,84
468,DEV-000760;DEV-000761,San Francisco,20.37,736,43
469,DEV-000762;DEV-000763;DEV-000764,Chicago,60.91,370,17
470,DEV-000765;DEV-000766,New York,238.23,1976,110
471,DEV-000767,Boston,76.64,234,12
472,DEV-000768,Houston,172.03,52,2
473,DEV-000769;DEV-000770,Miami,13.2,1639,59
474,DEV-000771,Miami,48.62,1036,24
475,DEV-000772,San Francisco,91.3,1479,106
476,DEV-000773;DEV-000774,Miami,14.26,1927,152
477,DEV-000775,San Francisco,133.06,1577,84
478,DEV-000776,Los Angeles,16.74,1022,79
479,DEV-000777;DEV-000778,Chicago,25.94,1673,106
480,DEV-000779,Seattle,12.84,1310,37
481,DEV-000780;DEV-000781;DEV-000782,Chicago,37.61,1182,53
482,DEV-000783,Los Angeles,154.59,294,6
483,DEV-000784;DEV-000785,San Francisco,212.93,737,47
484,DEV-000786;DEV-000787,Los Angeles,30.24,1356,47
485,DEV-000788;DEV-000789;DEV-000790,Houston,72.64,1913,83
486,DEV-000791;DEV-000792,Miami,41.0,560,13
487,DEV-000793,Houston,123.2,1215,57
488,DEV-000794,Chicago,26.68,330,21
489,DEV-000795,San Francisco,57.72,1811,54
490,DEV-000796;DEV-000797,Chicago,27.3,204,15
491,DEV-000798,Seattle,21.31,356,23
492,DEV-000799,San Francisco,164.86,1172,62
493,DEV-000800,New York,16.29,1925,126
494,DEV-000801;DEV-000802,New York,227.22,1622,72
495,DEV-000803;DEV-000804;DEV-000805,Los Angeles,12.3,281,6
496,DEV-000806;DEV-000807,Boston,29.42,1193,53
497,DEV-000808,San Francisco,51.75,1148,54
498,DEV-000809,San Francisco,89.7,383,16
499,DEV-000810;DEV-000811;DEV-000812,Los Angeles,26.5,643,15
500,DEV-000813;DEV-000814,Seattle,133.29,1039,69
501,DEV-000815;DEV-000816;DEV-000817,Houston,54.99,546,29
502,DEV-000818;DEV-000819,Chicago,159.23,1768,140
503,DEV-000820,Houston,98.41,1509,98
504,DEV-000821;DEV-000822;DEV-000823,Seattle,107.54,180,14
505,DEV-000824,Seattle,72.25,1855,136
506,DEV-000825,Miami,163.15,1799,91
507,DEV-000826,Houston,97.63,1937,40
508,DEV-000827;DEV-000828,Austin,127.79,472,14
509,DEV-000829;DEV-000830,Chicago,68.39,1092,28
510,DEV-000831,Austin,183.8,975,48
511,DEV-000832;DEV-000833;DEV-000834,Austin,23.29,261,17
512,DEV-000835;DEV-000836;DEV-000837,Seattle,66.08,1577,75
513,DEV-000838,Boston,14.85,1420,103
514,DEV-000839,Houston,71.27,1685,121
515,DEV-000840,Austin,72.52,1418,69
516,DEV-000841;DEV-000842,Boston,101.53,1267,100
517,DEV-000843;DEV-000844;DEV-000845,New York,15.7,1599,57
518,DEV-000846,Los Angeles,187.29,1009,53
519,DEV-000847;DEV-000848;DEV-000849,Austin,35.16,1173,57
520,DEV-000850,Los Angeles,12.26,582,16
521,DEV-000851,Seattle,16.8,745,37
522,DEV-000852,Los Angeles,50.0,195,7
523,DEV-000853;DEV-000854,New York,18.19,1450,62
524,DEV-000855;DEV-000856;DEV-000857,San Francisco,131.39,1735,41
525,DEV-000858;DEV-000859;DEV-000860,Houston,240.51,708,37
526,DEV-000861;DEV-000862,Los Angeles,197.81,1725,109
527,DEV-000863;DEV-000864,Seattle,103.0,1200,70
528,DEV-000865,Seattle,30.36,469,12
529,DEV-000866;DEV-000867,San Francisco,13.78,1842,70
530,DEV-000868;DEV-000869;DEV-000870,Seattle,178.53,127,5
531,DEV-000871;DEV-000872,Miami,95.02,1867,108
532,DEV-000873,Austin,47.77,1156,78
533,DEV-000874,New York,83.7,1794,134
534,DEV-000875;DEV-000876;DEV-000877,Los Angeles,109.01,722,23
535,DEV-000878;DEV-000879,Los Angeles,32.23,583,13
536,DEV-000880,Miami,206.45,1351,78
537,DEV-000881;DEV-000882,San Francisco,37.85,1952,64
538,DEV-000883,San Francisco,22.35,1130,66
539,DEV-000884,Houston,16.57,736,31
540,DEV-000885,San Francisco,23.89,1142,58
541,DEV-000886;DEV-000887;DEV-000888,Houston,190.32,1205,41
542,DEV-000889;DEV-000890,Chicago,15.98,313,22
543,DEV-000891;DEV-000892;DEV-000893,Boston,15.66,1104,26
544,DEV-000894,Houston,48.48,1891,92
545,DEV-000895,San Francisco,88.96,1744,139
546,DEV-000896,Austin,99.06,102,5
547,DEV-000897,Boston,148.12,322,25
548,DEV-000898,Boston,78.03,1738,92
549,DEV-000899,Los Angeles,27.38,1188,43
550,DEV-000900,Los Angeles,27.32,469,15
551,DEV-000901,Seattle,226.23,1194,74
552,DEV-000902,San Francisco,173.4,966,40
553,DEV-000903;DEV-000904,New York,176.27,1336,77
554,DEV-000905;DEV-000906,Miami,31.22,1653,120
555,DEV-000907;DEV-000908,New York,36.25,462,20
556,DEV-000909;DEV-000910;DEV-000911,New York,19.37,1624,85
557,DEV-000912,Chicago,109.44,761,39
558,DEV-000913;DEV-000914;DEV-000915,Boston,14.69,1770,65
559,DEV-000916;DEV-000917,Austin,23.16,590,32
560,DEV-000918,Seattle,188.25,1407,74
561,DEV-000919;DEV-000920,Miami,162.86,1029,60
562,DEV-000921;DEV-000922;DEV-000923,Seattle,22.86,1105,28
563,DEV-000924,Austin,43.71,1061,64
564,DEV-000925,San Francisco,241.31,1856,53
565,DEV-000926;DEV-000927,Austin,38.22,505,31
566,DEV-000928;DEV-000929;DEV-000930,New York,181.37,244,18
567,DEV-000931;DEV-000932,Boston,17.93,1520,39
568,DEV-000933,Austin,19.63,864,59
569,DEV-000934;DEV-000935,Los Angeles,29.69,1053,70
570,DEV-000936,San Francisco,18.64,843,51
571,DEV-000937,Boston,37.55,955,37
572,DEV-000938;DEV-000939,Houston,196.32,1097,71
573,DEV-000940,Houston,51.66,540,40
574,DEV-000941,San Francisco,70.17,759,32
575,DEV-000942;DEV-000943,New York,215.79,534,27
576,DEV-000944,Seattle,37.18,1404,104
577,DEV-000945;DEV-000946,Boston,94.29,1596,48
578,DEV-000947;DEV-000948;DEV-000949,Houston,18.05,1074,32
579,DEV-000950,Seattle,53.59,944,19
580,DEV-000951;DEV-000952,San Francisco,21.62,847,64
581,DEV-000953;DEV-000954;DEV-000955,San Francisco,17.79,1841,107
582,DEV-000956,Houston,121.34,1885,91
583,DEV-000957,San Francisco,33.83,963,47
584,DEV-000958;DEV-000959,Los Angeles,14.97,97,5
585,DEV-000960;DEV-000961,San Francisco,35.28,669,53
586,DEV-000962,Houston,59.66,1215,82
587,DEV-000963,Boston,39.48,671,50
588,DEV-000964;DEV-000965,Chicago,31.35,952,66
589,DEV-000966,Seattle,223.32,109,6
590,DEV-000967;DEV-000968,Seattle,237.31,464,21
591,DEV-000969,Houston,95.33,212,13
592,DEV-000970,San Francisco,220.6,1504,90
593,DEV-000971;DEV-000972;DEV-000973,Houston,16.96,1811,82
594,DEV-000974;DEV-000975,San Francisco,14.29,503,22
595,DEV-000976,Chicago,241.71,530,15
596,DEV-000977,Houston,20.49,69,2
597,DEV-000978,Chicago,37.63,1945,79
598,DEV-000979;DEV-000980,San Francisco,117.63,642,27
599,DEV-000981;DEV-000982;DEV-000983,Seattle,72.46,297,7
600,DEV-000984;DEV-000985,Houston,80.22,1527,84
601,DEV-000986,Miami,39.34,1788,128
602,DEV-000987,Chicago,18.64,1532,47
603,DEV-000988;DEV-000989,Houston,48.0,402,21
604,DEV-000990,Seattle,54.7,1367,79
605,DEV-000991,Boston,14.95,1416,66
606,DEV-000992;DEV-000993,New York,156.98,242,14
607,DEV-000994;DEV-000995,Houston,17.17,562,36
608,DEV-000996,Houston,53.16,1742,102
609,DEV-000997,Boston,67.01,1211,88
610,DEV-000998;DEV-000999,San Francisco,17.84,1698,92
611,DEV-001000;DEV-001001,Austin,199.42,335,20
612,DEV-001002;DEV-001003;DEV-001004,Los Angeles,53.55,1916,122
613,DEV-001005;DEV-001006,Seattle,44.46,683,41
614,DEV-001007;DEV-001008,Boston,99.88,271,14
615,DEV-001009,New York,238.13,1462,112
616,DEV-001010,Miami,87.6,1062,25
617,DEV-001011;DEV-001012;DEV-001013,New York,34.46,392,8
618,DEV-001014;DEV-001015;DEV-001016,Miami,149.75,1359,45
619,DEV-001017,Austin,14.25,693,40
620,DEV-001018;DEV-001019;DEV-001020,Austin,39.03,1353,41
621,DEV-001021;DEV-001022,Los Angeles,123.23,1396,87
622,DEV-001023;DEV-001024,New York,49.37,1349,71
623,DEV-001025,Houston,165.2,1196,91
624,DEV-001026,New York,211.69,173,5
625,DEV-001027,Seattle,146.56,1923,109
626,DEV-001028,Chicago,36.78,156,12
627,DEV-001029;DEV-001030,Boston,120.04,1155,73
628,DEV-001031;DEV-001032,Houston,21.87,1863,71
629,DEV-001033,Seattle,65.46,503,20
630,DEV-001034;DEV-001035,San Francisco,15.56,1504,84
631,DEV-001036,San Francisco,17.8,1635,55
632,DEV-001037,Seattle,71.84,1611,92
633,DEV-001038;DEV-001039;DEV-001040,New York,72.29,140,6
634,DEV-001041,Austin,153.27,994,29
635,DEV-001042;DEV-001043,Houston,52.45,1834,57
636,DEV-001044,Austin,61.18,127,3
637,DEV-001045,Miami,175.32,1458,59
638,DEV-001046;DEV-001047,Seattle,177.12,658,47
639,DEV-001048;DEV-001049,Houston,49.92,887,28
640,DEV-001050;DEV-001051;DEV-001052,Los Angeles,82.53,1428,50
641,DEV-001053,Houston,42.9,738,28
642,DEV-001054,Los Angeles,13.29,44,3
643,DEV-001055,Los Angeles,33.77,493,23
644,DEV-001056;DEV-001057,Seattle,121.57,848,34
645,DEV-001058;DEV-001059,New York,117.37,1067,28
646,DEV-001060;DEV-001061,San Francisco,15.21,687,24
647,DEV-001062;DEV-001063;DEV-001064,San Francisco,26.92,47,3
648,DEV-001065,Seattle,120.07,1096,86
649,DEV-001066,Chicago,22.72,776,47
650,DEV-001067;DEV-001068,Boston,166.38,227,11
651,DEV-001069,San Francisco,37.6,997,31
652,DEV-001070,Boston,40.38,1764,95
653,DEV-001071;DEV-001072,Miami,22.92,296,22
654,DEV-001073,Los Angeles,97.72,1214,38
655,DEV-001074;DEV-001075,Seattle,79.32,1509,91
656,DEV-001076,Seattle,68.51,1559,105
657,DEV-001077;DEV-001078,Austin,137.24,1014,27
658,DEV-001079,Los Angeles,214.02,646,23
659,DEV-001080,Miami,123.01,182,11
660,DEV-001081,New York,70.71,418,12
661,DEV-001082;DEV-001083,Miami,242.67,639,22
662,DEV-001084,San Francisco,14.41,1379,64
663,DEV-001085;DEV-001086,Austin,12.71,1516,91
664,DEV-001087;DEV-001088,Houston,27.7,1383,86
665,DEV-001089;DEV-001090;DEV-001091,Houston,150.19,943,67
666,DEV-001092,Houston,26.52,546,32
667,DEV-001093;DEV-001094,Los Angeles,34.01,1955,41
668,DEV-001095,Seattle,37.22,1329,68
669,DEV-001096;DEV-001097;DEV-001098,Miami,72.29,1947,122
670,DEV-001099,Boston,124.24,980,67
671,DEV-001100;DEV-001101,Chicago,134.89,1816,107
672,DEV-001102,Seattle,12.36,1895,82
673,DEV-001103,Boston,123.94,1255,87
674,DEV-001104;DEV-001105,Boston,189.38,778,24
675,DEV-001106;DEV-001107,Boston,94.35,1201,51
676,DEV-001108,Boston,43.27,938,73
677,DEV-001109;DEV-001110,San Francisco,19.13,328,12
678,DEV-001111;DEV-001112;DEV-001113,New York,62.07,1944,145
679,DEV-001114,Chicago,107.81,139,7
680,DEV-001115;DEV-001116;DEV-001117,Seattle,196.83,544,33
681,DEV-001118;DEV-001119,New York,37.44,813,34
682,DEV-001120;DEV-001121,Houston,27.14,346,25
683,DEV-001122,Seattle,61.83,1600,97
684,DEV-001123,New York,88.42,811,25
685,DEV-001124,Chicago,79.26,1435,54
686,DEV-001125,Los Angeles,238.98,959,26
687,DEV-001126,Austin,60.76,151,5
688,DEV-001127;DEV-001128;DEV-001129,Los Angeles,82.21,1335,106
689,DEV-001130,Boston,63.83,1086,56
690,DEV-001131,Miami,48.31,174,12
691,DEV-001132;DEV-001133,Miami,161.82,1750,66
692,DEV-001134;DEV-001135;DEV-001136,Boston,129.32,1753,60
693,DEV-001137,Miami,180.83,241,6
694,DEV-001138,New York,23.64,616,39
695,DEV-001139,Houston,160.36,679,40
696,DEV-001140,Chicago,70.91,413,18
697,DEV-001141,Chicago,28.08,1241,55
698,DEV-001142;DEV-001143,San Francisco,211.89,103,7
699,DEV-001144,Los Angeles,96.44,83,5
700,DEV-001145;DEV-001146,New York,31.71,675,16
701,DEV-001147;DEV-001148,Miami,239.06,1446,96
702,DEV-001149;DEV-001150,Chicago,52.6,959,39
703,DEV-001151;DEV-001152,Austin,30.45,1811,139
704,DEV-001153,Miami,86.53,359,25
705,DEV-001154;DEV-001155,New York,119.9,963,49
706,DEV-001156,Boston,130.68,875,39
707,DEV-001157,Boston,95.91,939,65
708,DEV-001158;DEV-001159,Chicago,167.64,1772,89
709,DEV-001160;DEV-001161,Seattle,184.07,1077,59
710,DEV-001162,Boston,40.0,439,9
711,DEV-001163;DEV-001164;DEV-001165,San Francisco,68.15,1312,32
712,DEV-001166,Austin,126.89,445,27
713,DEV-001167,Austin,48.1,1638,112
714,DEV-001168,Chicago,61.57,912,46
715,DEV-001169,San Francisco,148.78,1980,72
716,DEV-001170,San Francisco,19.86,1811,128
717,DEV-001171,New York,38.1,899,65
718,DEV-001172,Miami,12.78,524,40
719,DEV-001173,Houston,37.16,925,23
720,DEV-001174;DEV-001175,Houston,78.71,1783,98
721,DEV-001176,Seattle,179.75,517,20
722,DEV-001177;DEV-001178,Seattle,215.02,1866,104
723,DEV-001179;DEV-001180,Chicago,108.86,1575,100
724,DEV-001181,Boston,81.1,775,37
725,DEV-001182,Boston,47.29,983,28
726,DEV-001183;DEV-001184,Seattle,120.28,1038,72
727,DEV-001185,Houston,47.36,260,15
728,DEV-001186,Chicago,65.93,1062,72
729,DEV-001187,Austin,205.73,553,33
730,DEV-001188,New York,15.25,1512,58
731,DEV-001189,Boston,39.37,980,42
732,DEV-001190,Seattle,12.58,1683,113
733,DEV-001191,Houston,210.28,515,26
734,DEV-001192;DEV-001193;DEV-001194,Boston,14.44,353,15
735,DEV-001195;DEV-001196,San Francisco,242.72,1591,78
736,DEV-001197;DEV-001198,Boston,140.59,1634,116
737,DEV-001199,Chicago,13.1,622,28
738,DEV-001200,Seattle,48.16,1171,53
739,DEV-001201,Seattle,35.0,1419,70
740,DEV-001202,Miami,34.88,1829,118
741,DEV-001203,San Francisco,22.11,1834,121
742,DEV-001204,San Francisco,32.19,178,9
743,DEV-001205,Chicago,12.64,568,43
744,DEV-001206,Seattle,135.68,136,5
745,DEV-001207,Austin,31.2,1385,84
746,DEV-001208,Chicago,13.02,1215,31
747,DEV-001209,Miami,44.37,1230,73
748,DEV-001210,Seattle,162.1,485,22
749,DEV-001211,Chicago,13.31,439,29
750,DEV-001212;DEV-001213;DEV-001214,Houston,40.62,331,17
751,DEV-001215,Austin,12.65,1869,120
752,DEV-001216,Seattle,68.17,372,21
753,DEV-001217;DEV-001218,Miami,21.75,1260,86
754,DEV-001219;DEV-001220,New York,35.69,39,3
755,DEV-001221;DEV-001222,Los Angeles,29.34,1734,42
756,DEV-001223;DEV-001224,Los Angeles,208.58,1591,60
757,DEV-001225;DEV-001226,Austin,155.66,339,22
758,DEV-001227,New York,193.69,116,9
759,DEV-001228;DEV-001229,Boston,93.8,918,45
760,DEV-001230,Houston,73.73,530,28
761,DEV-001231,Boston,28.63,1921,87
762,DEV-001232;DEV-001233;DEV-001234,Los Angeles,45.05,1018,41
763,DEV-001235;DEV-001236,Miami,22.24,1307,60
764,DEV-001237,Houston,64.75,459,21
765,DEV-001238,New York,38.23,824,65
766,DEV-001239;DEV-001240,Los Angeles,94.5,81,3
767,DEV-001241;DEV-001242,Boston,136.5,1308,94
768,DEV-001243,Seattle,33.56,1916,58
769,DEV-001244;DEV-001245;DEV-001246,Miami,29.99,647,37
770,DEV-001247;DEV-001248;DEV-001249,Boston,68.39,1249,31
771,DEV-001250;DEV-001251;DEV-001252,Seattle,199.27,504,38
772,DEV-001253,Chicago,181.72,515,29
773,DEV-001254,San Francisco,117.57,936,57
774,DEV-001255;DEV-001256;DEV-001257,Chicago,18.26,1706,34
775,DEV-001258,Miami,12.78,1852,61
776,DEV-001259;DEV-001260;DEV-001261,San Francisco,33.07,1157,87
777,DEV-001262,Austin,157.73,423,14
778,DEV-001263,Austin,179.01,799,52
779,DEV-001264;DEV-001265,Miami,80.88,1819,142
780,DEV-001266;DEV-001267,Boston,31.86,1883,49
781,DEV-001268;DEV-001269,San Francisco,100.34,909,72
782,DEV-001270,Austin,12.44,1737,86
783,DEV-001271;DEV-001272;DEV-001273,San Francisco,67.2,259,11
784,DEV-001274,Miami,32.24,199,15
785,DEV-001275,Boston,36.49,1135,69
786,DEV-001276,Austin,28.02,1087,58
787,DEV-001277;DEV-001278;DEV-001279,Houston,81.01,1481,46
788,DEV-001280,New York,46.58,1029,24
789,DEV-001281;DEV-001282;DEV-001283,Los Angeles,139.76,356,23
790,DEV-001284,Boston,125.5,377,14
791,DEV-001285,Seattle,52.15,1065,60
792,DEV-001286,Boston,43.34,514,22
793,DEV-001287;DEV-001288,San Francisco,202.49,656,48
794,DEV-001289;DEV-001290;DEV-001291,New York,84.0,949,34
795,DEV-001292,Seattle,225.19,786,37
796,DEV-001293;DEV-001294,New York,84.29,839,39
797,DEV-001295,New York,56.3,1916,122
798,DEV-001296,Chicago,40.11,1196,86
799,DEV-001297,Houston,47.23,66,3
800,DEV-001298;DEV-001299,Seattle,48.98,1199,93
801,DEV-001300;DEV-001301,Austin,72.98,1047,42
802,DEV-001302,Chicago,16.31,1068,72
803,DEV-001303,Miami,20.57,591,37
804,DEV-001304;DEV-001305,Boston,20.6,1905,56
805,DEV-001306,New York,241.65,932,39
806,DEV-001307;DEV-001308,Austin,61.7,651,48
807,DEV-001309;DEV-001310,Seattle,195.23,955,54
808,DEV-001311;DEV-001312;DEV-001313,San Francisco,237.82,1769,54
809,DEV-001314,Austin,202.51,1402,102
810,DEV-001315;DEV-001316;DEV-001317,San Francisco,97.98,136,3
811,DEV-001318,San Francisco,26.06,1240,36
812,DEV-001319,New York,93.44,1367,58
813,DEV-001320,New York,38.09,757,43
814,DEV-001321;DEV-001322,Austin,125.4,1021,72
815,DEV-001323;DEV-001324,Houston,70.6,1321,57
816,DEV-001325,New York,38.94,533,26
817,DEV-001326;DEV-001327;DEV-001328,Miami,53.97,1932,148
818,DEV-001329,Miami,40.61,176,10
819,DEV-001330;DEV-001331,San Francisco,65.3,683,19
820,DEV-001332,Miami,134.78,979,21
821,DEV-001333;DEV-001334,Los Angeles,79.9,1161,55
822,DEV-001335;DEV-001336;DEV-001337,Boston,84.62,256,12
823,DEV-001338;DEV-001339,Miami,85.67,138,7
824,DEV-001340,Chicago,49.8,254,12
825,DEV-001341;DEV-001342,Los Angeles,145.07,447,30
826,DEV-001343;DEV-001344,Chicago,17.32,929,41
827,DEV-001345,Austin,33.93,474,19
828,DEV-001346,Austin,66.84,619,18
829,DEV-001347,Houston,16.82,240,11
830,DEV-001348,Los Angeles,77.86,1841,67
831,DEV-001349;DEV-001350,Houston,138.19,522,36
832,DEV-001351,Boston,46.46,1483,78
833,DEV-001352;DEV-001353;DEV-001354,Miami,75.16,674,27
834,DEV-001355,New York,95.53,362,21
835,DEV-001356,Houston,34.63,1691,99
836,DEV-001357;DEV-001358,San Francisco,77.2,303,11
837,DEV-001359,New York,67.89,1339,96
838,DEV-001360,Houston,141.44,738,48
839,DEV-001361,New York,39.7,1651,94
840,DEV-001362;DEV-001363,Chicago,12.2,1315,70
841,DEV-001364,Austin,202.47,1320,78
842,DEV-001365;DEV-001366,Chicago,46.98,1440,93
843,DEV-001367,Miami,18.02,1383,30
844,DEV-001368,Austin,50.97,608,45
845,DEV-001369;DEV-001370,Miami,40.86,1090,31
846,DEV-001371;DEV-001372,Boston,32.8,1866,106
847,DEV-001373,Boston,67.21,437,34
848,DEV-001374,Chicago,195.29,1280,102
849,DEV-001375,Austin,19.43,1659,51
850,DEV-001376,New York,211.94,1417,77
851,DEV-001377;DEV-001378;DEV-001379,Miami,209.66,1823,110
852,DEV-001380,Los Angeles,41.1,810,42
853,DEV-001381,Miami,179.42,1395,55
854,DEV-001382,San Francisco,13.75,807,36
855,DEV-001383;DEV-001384,Houston,18.46,277,20
856,DEV-001385;DEV-001386,Houston,86.53,205,9
857,DEV-001387,Chicago,19.07,719,37
858,DEV-001388,Miami,87.23,1957,86
859,DEV-001389,Seattle,113.96,223,6
860,DEV-001390,Miami,215.12,1901,41
861,DEV-001391,Chicago,33.03,693,29
862,DEV-001392;DEV-001393,Miami,13.92,1161,30
863,DEV-001394,Houston,176.71,1771,93
864,DEV-001395,Austin,140.23,144,9
865,DEV-001396,Boston,65.51,1433,87
866,DEV-001397,Houston,42.38,134,6
867,DEV-001398;DEV-001399;DEV-001400,Miami,33.53,1370,30
868,DEV-001401,New York,187.31,897,64
869,DEV-001402;DEV-001403,Boston,23.04,1589,78
870,DEV-001404;DEV-001405,Seattle,12.82,1378,93
871,DEV-001406;DEV-001407;DEV-001408,New York,128.82,1339,35
872,DEV-001409;DEV-001410;DEV-001411,Houston,41.29,923,19
873,DEV-001412;DEV-001413,San Francisco,24.4,1130,76
874,DEV-001414;DEV-001415,San Francisco,87.68,1531,97
875,DEV-001416,San Francisco,33.19,467,24
876,DEV-001417;DEV-001418,Los Angeles,53.41,1908,41
877,DEV-001419,San Francisco,101.57,1531,70
878,DEV-001420;DEV-001421,San Francisco,94.84,533,34
879,DEV-001422;DEV-001423,Boston,88.11,1264,93
880,DEV-001424;DEV-001425;DEV-001426,Austin,29.0,1041,54
881,DEV-001427,Houston,151.17,1624,125
882,DEV-001428,Houston,106.03,529,24
883,DEV-001429,Austin,158.78,1467,113
884,DEV-001430;DEV-001431;DEV-001432,Boston,90.88,57,3
885,DEV-001433,Los Angeles,44.37,1300,83
886,DEV-001434,Chicago,23.62,1052,63
887,DEV-001435;DEV-001436;DEV-001437,New York,50.81,957,29
888,DEV-001438;DEV-001439;DEV-001440,New York,90.19,1823,44
889,DEV-001441,Los Angeles,36.6,233,16
890,DEV-001442,Chicago,23.0,435,26
891,DEV-001443;DEV-001444;DEV-001445,Miami,28.15,1439,86
892,DEV-001446,San Francisco,65.38,1286,94
893,DEV-001447;DEV-001448,San Francisco,26.55,914,36
894,DEV-001449;DEV-001450,Miami,19.96,888,47
895,DEV-001451;DEV-001452,Miami,212.57,93,3
896,DEV-001453;DEV-001454;DEV-001455,Chicago,73.78,1016,32
897,DEV-001456;DEV-001457,New York,12.29,698,22
898,DEV-001458,Austin,24.13,996,73
899,DEV-001459;DEV-001460,Seattle,128.97,95,2
900,DEV-001461;DEV-001462,Chicago,62.96,455,18
901,DEV-001463;DEV-001464,Austin,67.64,951,69
902,DEV-001465;DEV-001466,New York,143.47,1022,76
903,DEV-001467,Chicago,29.41,1872,58
904,DEV-001468;DEV-001469,Austin,98.71,137,8
905,DEV-001470;DEV-001471,Los Angeles,223.45,749,57
906,DEV-001472,Austin,49.37,1957,117
907,DEV-001473,San Francisco,214.57,59,3
908,DEV-001474,Chicago,22.79,252,16
909,DEV-001475,Houston,108.61,953,73
910,DEV-001476,Austin,82.92,1215,25
911,DEV-001477,Austin,18.98,146,9
912,DEV-001478;DEV-001479,Los Angeles,53.36,1935,60
913,DEV-001480,Seattle,39.32,1270,84
914,DEV-001481,New York,141.48,325,11
915,DEV-001482;DEV-001483,Austin,12.37,757,31
916,DEV-001484;DEV-001485;DEV-001486,Austin,36.77,572,42
917,DEV-001487;DEV-001488;DEV-001489,Miami,15.94,443,26
918,DEV-001490,Los Angeles,212.7,557,31
919,DEV-001491,Chicago,40.2,1435,95
920,DEV-001492;DEV-001493,Austin,118.04,386,23
921,DEV-001494;DEV-001495;DEV-001496,San Francisco,127.84,201,15
922,DEV-001497;DEV-001498,Houston,152.92,1416,54
923,DEV-001499;DEV-001500,Boston,73.79,1658,34
924,DEV-001501,Boston,59.35,707,36
925,DEV-001502,Chicago,14.17,1332,100
926,DEV-001503,Chicago,72.89,534,33
927,DEV-001504,New York,40.12,476,21
928,DEV-001505;DEV-001506;DEV-001507,San Francisco,15.42,179,6
929,DEV-001508,Miami,15.23,316,25
930,DEV-001509;DEV-001510,Miami,22.53,1860,84
931,DEV-001511;DEV-001512,Austin,145.76,1217,25
932,DEV-001513;DEV-001514,Austin,20.73,552,38
933,DEV-001515,Miami,99.52,1409,87
934,DEV-001516;DEV-001517,San Francisco,239.0,1971,117
935,DEV-001518;DEV-001519,Boston,222.91,640,32
936,DEV-001520,Seattle,133.64,1370,99
937,DEV-001521;DEV-001522,San Francisco,84.93,54,3
938,DEV-001523,Boston,51.05,1506,77
939,DEV-001524;DEV-001525,Boston,55.56,277,19
940,DEV-001526,Seattle,14.23,1749,113
941,DEV-001527;DEV-001528,Houston,25.88,1892,111
942,DEV-001529;DEV-001530,Los Angeles,62.71,1169,24
943,DEV-001531;DEV-001532,Chicago,40.89,1521,107
944,DEV-001533,Austin,26.8,1029,46
945,DEV-001534;DEV-001535,Miami,73.48,809,40
946,DEV-001536;DEV-001537,Seattle,78.11,654,26
947,DEV-001538,Houston,210.85,1929,62
948,DEV-001539;DEV-001540,Austin,59.17,1336,79
949,DEV-001541;DEV-001542,Houston,29.84,1523,53
950,DEV-001543,Houston,20.77,1418,94
951,DEV-001544,Los Angeles,15.15,1079,41
952,DEV-001545,San Francisco,28.55,963,22
953,DEV-001546,Houston,83.88,172,10
954,DEV-001547,San Francisco,111.18,1069,70
955,DEV-001548,Houston,52.91,1429,33
956,DEV-001549;DEV-001550,Miami,18.3,435,28
957,DEV-001551;DEV-001552,Miami,217.25,846,61
958,DEV-001553,Chicago,19.41,449,20
959,DEV-001554,Chicago,24.76,1014,63
960,DEV-001555;DEV-001556,Houston,25.57,698,15
961,DEV-001557;DEV-001558,San Francisco,19.81,74,3
962,DEV-001559,Chicago,19.06,481,17
963,DEV-001560;DEV-001561,Austin,162.53,1507,114
964,DEV-001562;DEV-001563,Seattle,16.92,229,17
965,DEV-001564;DEV-001565;DEV-001566,Los Angeles,14.44,1641,111
966,DEV-001567;DEV-001568,Miami,41.69,839,29
967,DEV-001569,Austin,119.09,1519,91
968,DEV-001570,Austin,16.62,1010,54
969,DEV-001571,Chicago,72.89,1869,132
970,DEV-001572;DEV-001573,Miami,144.1,1806,74
971,DEV-001574,Houston,205.31,1913,90
972,DEV-001575,New York,46.03,1985,68
973,DEV-001576;DEV-001577;DEV-001578,New York,17.71,1693,122
974,DEV-001579,Boston,153.01,749,55
975,DEV-001580,Los Angeles,13.2,523,11
976,DEV-001581;DEV-001582;DEV-001583,Seattle,100.78,577,34
977,DEV-001584;DEV-001585,Boston,20.59,287,20
978,DEV-001586,New York,33.16,1636,118
979,DEV-001587;DEV-001588;DEV-001589,Houston,40.81,375,17
980,DEV-001590,Houston,70.58,513,16
981,DEV-001591;DEV-001592,Austin,13.65,292,13
982,DEV-001593;DEV-001594,Austin,115.55,1293,73
983,DEV-001595,Los Angeles,111.15,1961,142
984,DEV-001596,New York,23.17,306,18
985,DEV-001597,San Francisco,24.67,980,21
986,DEV-001598;DEV-001599,New York,140.6,407,23
987,DEV-001600,Miami,199.84,1555,32
988,DEV-001601;DEV-001602,Miami,92.11,1233,78
989,DEV-001603;DEV-001604,Los Angeles,103.56,706,18
990,DEV-001605;DEV-001606;DEV-001607,Chicago,29.33,1863,45
991,DEV-001608;DEV-001609,Austin,33.58,1625,51
992,DEV-001610,Boston,60.23,515,29
993,DEV-001611;DEV-001612;DEV-001613,Seattle,88.55,1767,110
994,DEV-001614,Austin,56.44,53,3
995,DEV-001615,Houston,27.68,1649,90
996,DEV-001616;DEV-001617;DEV-001618,Miami,148.41,750,34
997,DEV-001619;DEV-001620,Los Angeles,99.15,1778,125
998,DEV-001621,San Francisco,76.79,1193,90
999,DEV-001622,Los Angeles,148.05,1323,57
1000,DEV-001623;DEV-001624,Houston,137.14,1868,120
1001,DEV-001625;DEV-001626,New York,142.68,1271,100
1002,DEV-001627,New York,43.62,1963,101
1003,DEV-001628;DEV-001629,Boston,19.7,217,14
1004,DEV-001630;DEV-001631;DEV-001632,Seattle,187.2,934,22
1005,DEV-001633,Austin,17.88,1824,134
1006,DEV-001634;DEV-001635;DEV-001636,Austin,25.89,485,14
1007,DEV-001637,Houston,209.34,1244,36
1008,DEV-001638;DEV-001639,Los Angeles,153.93,1178,44
1009,DEV-001640;DEV-001641,Los Angeles,89.43,385,24
1010,DEV-001642;DEV-001643,Boston,218.53,249,8
1011,DEV-001644;DEV-001645;DEV-001646,Austin,14.99,628,40
1012,DEV-001647,Boston,14.3,475,13
1013,DEV-001648;DEV-001649,San Francisco,18.94,1608,56
1014,DEV-001650;DEV-001651,Seattle,51.61,1726,58
1015,DEV-001652,Houston,20.6,106,8
1016,DEV-001653,Miami,13.33,1354,31
1017,DEV-001654;DEV-001655;DEV-001656,Boston,48.61,1529,115
1018,DEV-001657;DEV-001658,Los Angeles,180.05,1302,52
1019,DEV-001659,Los Angeles,31.33,32,1
1020,DEV-001660;DEV-001661;DEV-001662,Boston,44.64,1570,44
1021,DEV-001663;DEV-001664;DEV-001665,Houston,123.63,437,27
1022,DEV-001666,Boston,19.65,1220,49
1023,DEV-001667;DEV-001668;DEV-001669,Miami,153.19,1061,52
1024,DEV-001670,Austin,147.39,404,9
1025,DEV-001671;DEV-001672,San Francisco,91.18,78,5
1026,DEV-001673;DEV-001674,Chicago,74.4,758,22
1027,DEV-001675;DEV-001676;DEV-001677,Chicago,12.29,70,5
1028,DEV-001678;DEV-001679;DEV-001680,Chicago,55.11,382,15
1029,DEV-001681;DEV-001682;DEV-001683,San Francisco,14.54,834,46
1030,DEV-001684;DEV-001685,Los Angeles,208.72,201,10
1031,DEV-001686;DEV-001687,Houston,65.71,915,19
1032,DEV-001688;DEV-001689,Austin,195.8,1476,44
1033,DEV-001690;DEV-001691,Houston,23.1,1701,99
1034,DEV-001692,Boston,46.68,269,10
1035,DEV-001693,Boston,189.62,1108,54
1036,DEV-001694,Chicago,108.59,647,22
1037,DEV-001695,Miami,126.06,1773,62
1038,DEV-001696;DEV-001697;DEV-001698,Chicago,243.38,747,25
1039,DEV-001699;DEV-001700,Chicago,184.84,751,43
1040,DEV-001701,Chicago,48.96,300,23
1041,DEV-001702;DEV-001703,San Francisco,12.29,877,30
1042,DEV-001704,Chicago,216.92,101,6
1043,DEV-001705,Boston,67.6,1994,99
1044,DEV-001706,Los Angeles,88.82,1595,54
1045,DEV-001707,Seattle,146.25,1612,94
1046,DEV-001708,Chicago,23.49,696,20
1047,DEV-001709,Austin,188.78,1375,48
1048,DEV-001710;DEV-001711,Miami,32.13,930,69
1049,DEV-001712,Chicago,48.07,1024,80
1050,DEV-001713;DEV-001714,Boston,99.61,559,30
1051,DEV-001715;DEV-001716,Austin,45.13,211,7
1052,DEV-001717;DEV-001718,Austin,121.12,1214,31
1053,DEV-001719;DEV-001720,Austin,18.44,329,24
1054,DEV-001721;DEV-001722,Chicago,195.13,503,39
1055,DEV-001723;DEV-001724,Chicago,23.5,772,51
1056,DEV-001725,Boston,33.33,1291,99
1057,DEV-001726;DEV-001727,Chicago,121.96,158,11
1058,DEV-001728;DEV-001729;DEV-001730,Austin,143.1,538,13
1059,DEV-001731;DEV-001732;DEV-001733,Boston,24.57,638,14
1060,DEV-001734,Boston,230.23,510,28
1061,DEV-001735;DEV-001736,Chicago,26.24,1178,57
1062,DEV-001737,San Francisco,112.14,1178,45
1063,DEV-001738;DEV-001739,Seattle,90.03,1283,54
1064,DEV-001740;DEV-001741,Seattle,162.5,1484,99
1065,DEV-001742;DEV-001743,Miami,238.26,1505,113
1066,DEV-001744,Seattle,195.56,241,12
1067,DEV-001745,Chicago,17.09,1230,43
1068,DEV-001746;DEV-001747,Los Angeles,25.62,1998,130
1069,DEV-001748;DEV-001749,Austin,84.51,1127,82
1070,DEV-001750,Los Angeles,36.17,54,4
1071,DEV-001751,New York,96.98,1459,84
1072,DEV-001752;DEV-001753,Seattle,140.59,1593,106
1073,DEV-001754;DEV-001755,Miami,88.92,1838,93
1074,DEV-001756,New York,22.1,872,53
1075,DEV-001757;DEV-001758,Los Angeles,186.54,1057,22
1076,DEV-001759;DEV-001760,Los Angeles,17.95,1379,73
1077,DEV-001761;DEV-001762,Boston,13.68,717,21
1078,DEV-001763,Boston,194.25,341,22
1079,DEV-001764,Austin,12.82,130,9
1080,DEV-001765;DEV-001766,Boston,21.1,1344,34
1081,DEV-001767,Austin,14.39,576,44
1082,DEV-001768,San Francisco,23.55,1851,131
1083,DEV-001769;DEV-001770,San Francisco,134.0,766,48
1084,DEV-001771,Boston,72.04,1793,133
1085,DEV-001772;DEV-001773,Chicago,108.52,750,41
1086,DEV-001774;DEV-001775;DEV-001776,Chicago,18.09,860,31
1087,DEV-001777;DEV-001778,Los Angeles,17.22,1910,93
1088,DEV-001779;DEV-001780,Seattle,52.4,94,3
1089,DEV-001781,Austin,89.67,1741,49
1090,DEV-001782;DEV-001783;DEV-001784,Miami,22.14,277,14
1091,DEV-001785,Los Angeles,31.92,60,2
1092,DEV-001786;DEV-001787,Austin,151.64,781,50
1093,DEV-001788;DEV-001789;DEV-001790,Los Angeles,148.61,1517,91
1094,DEV-001791;DEV-001792;DEV-001793,Los Angeles,236.27,1630,117
1095,DEV-001794,San Francisco,160.98,1151,59
1096,DEV-001795;DEV-001796,Boston,155.21,367,25
1097,DEV-001797;DEV-001798;DEV-001799,Seattle,80.16,1396,99
1098,DEV-001800;DEV-001801,Los Angeles,201.07,1295,46
1099,DEV-001802;DEV-001803,Houston,24.43,306,20
1100,DEV-001804,Boston,116.72,171,8
1101,DEV-001805;DEV-001806;DEV-001807,Chicago,140.5,1137,70
1102,DEV-001808;DEV-001809;DEV-001810,New York,24.27,1884,86
1103,DEV-001811;DEV-001812;DEV-001813,Seattle,22.92,172,6
1104,DEV-001814,Austin,29.61,1315,57
1105,DEV-001815;DEV-001816,Miami,108.74,1432,90
1106,DEV-001817,Boston,35.85,816,58
1107,DEV-001818,Boston,39.75,322,12
1108,DEV-001819,New York,17.42,618,28
1109,DEV-001820;DEV-001821;DEV-001822,Chicago,35.08,406,31
1110,DEV-001823;DEV-001824;DEV-001825,Houston,19.09,713,30
1111,DEV-001826;DEV-001827;DEV-001828,Austin,54.45,279,12
1112,DEV-001829;DEV-001830;DEV-001831,Boston,43.88,1035,61
1113,DEV-001832;DEV-001833;DEV-001834,Seattle,67.91,292,20
1114,DEV-001835;DEV-001836,Chicago,84.54,1858,63
1115,DEV-001837,San Francisco,21.84,1380,56
1116,DEV-001838;DEV-001839;DEV-001840,Seattle,61.25,202,16
1117,DEV-001841,Houston,115.61,300,14
1118,DEV-001842;DEV-001843;DEV-001844,San Francisco,72.78,1977,121
1119,DEV-001845,Houston,19.87,637,30
1120,DEV-001846;DEV-001847;DEV-001848,San Francisco,86.06,1248,76
1121,DEV-001849,Chicago,61.42,986,22
1122,DEV-001850,Chicago,195.33,753,41
1123,DEV-001851,Chicago,153.16,573,43
1124,DEV-001852;DEV-001853;DEV-001854,Miami,16.68,1913,70
1125,DEV-001855;DEV-001856,Miami,111.22,231,11
1126,DEV-001857,Austin,58.44,675,23
1127,DEV-001858;DEV-001859;DEV-001860,Chicago,110.31,144,6
1128,DEV-001861,Miami,22.48,1054,39
1129,DEV-001862,New York,46.3,625,31
1130,DEV-001863;DEV-001864,Austin,35.02,1424,29
1131,DEV-001865;DEV-001866,Austin,137.73,1511,93
1132,DEV-001867;DEV-001868,Chicago,217.79,659,13
1133,DEV-001869,Austin,67.99,1546,37
1134,DEV-001870;DEV-001871,New York,19.07,351,15
1135,DEV-001872;DEV-001873,San Francisco,64.97,344,20
1136,DEV-001874,Austin,50.21,962,72
1137,DEV-001875,New York,39.65,141,3
1138,DEV-001876,Seattle,76.24,1898,89
1139,DEV-001877,Miami,131.55,163,4
1140,DEV-001878,Seattle,12.41,908,70
1141,DEV-001879;DEV-001880,Los Angeles,194.3,1071,25
1142,DEV-001881;DEV-001882,Chicago,94.05,1594,46
1143,DEV-001883,Seattle,30.74,428,12
1144,DEV-001884,San Francisco,35.49,760,46
1145,DEV-001885;DEV-001886,Los Angeles,25.0,1071,47
1146,DEV-001887;DEV-001888,Seattle,94.9,1302,89
1147,DEV-001889,San Francisco,35.47,1879,95
1148,DEV-001890;DEV-001891,Houston,175.21,62,1
1149,DEV-001892,New York,59.97,1140,59
1150,DEV-001893,Austin,29.74,1758,137
1151,DEV-001894;DEV-001895;DEV-001896,Miami,113.93,612,32
1152,DEV-001897,New York,196.11,1138,66
1153,DEV-001898;DEV-001899;DEV-001900,Austin,17.15,666,29
1154,DEV-001901;DEV-001902,Miami,49.6,1952,136
1155,DEV-001903;DEV-001904,Seattle,21.88,566,14
1156,DEV-001905,Seattle,17.53,169,5
1157,DEV-001906;DEV-001907;DEV-001908,Boston,118.22,1497,46
1158,DEV-001909,Seattle,227.3,325,18
1159,DEV-001910;DEV-001911,San Francisco,38.07,1982,47
1160,DEV-001912,Boston,12.35,1598,91
1161,DEV-001913;DEV-001914,Seattle,60.72,541,36
1162,DEV-001915,Chicago,52.45,401,27
1163,DEV-001916,Boston,68.4,275,13
1164,DEV-001917;DEV-001918;DEV-001919,Seattle,61.12,354,23
1165,DEV-001920;DEV-001921;DEV-001922,Austin,119.11,1308,51
1166,DEV-001923;DEV-001924;DEV-001925,Seattle,21.74,325,20
1167,DEV-001926,San Francisco,76.22,1173,52
1168,DEV-001927,Los Angeles,19.66,938,48
1169,DEV-001928;DEV-001929,Miami,19.16,323,11
1170,DEV-001930;DEV-001931;DEV-001932,Los Angeles,30.46,1858,111
1171,DEV-001933,Seattle,126.25,862,42
1172,DEV-001934;DEV-001935;DEV-001936,Miami,23.3,910,57
1173,DEV-001937,Miami,18.68,873,55
1174,DEV-001938;DEV-001939,Houston,25.4,1227,46
1175,DEV-001940,Houston,117.45,1850,99
1176,DEV-001941;DEV-001942,Chicago,49.95,489,23
1177,DEV-001943,Chicago,16.73,997,69
1178,DEV-001944;DEV-001945,Boston,130.78,1382,72
1179,DEV-001946;DEV-001947;DEV-001948,New York,53.1,714,40
1180,DEV-001949;DEV-001950,Houston,56.24,940,71
1181,DEV-001951,Los Angeles,113.35,1857,128
1182,DEV-001952,Boston,47.48,194,13
1183,DEV-001953;DEV-001954;DEV-001955,Chicago,95.25,1300,97
1184,DEV-001956;DEV-001957,Boston,51.42,1453,40
1185,DEV-001958;DEV-001959,San Francisco,31.66,1496,76
1186,DEV-001960;DEV-001961;DEV-001962,Miami,31.97,262,14
1187,DEV-001963,Chicago,101.39,938,20
1188,DEV-001964;DEV-001965;DEV-001966,Seattle,82.39,917,29
1189,DEV-001967,San Francisco,63.23,1009,58
1190,DEV-001968;DEV-001969,Boston,41.48,1747,83
1191,DEV-001970;DEV-001971;DEV-001972,New York,54.23,1977,92
1192,DEV-001973,Boston,144.84,1481,66
1193,DEV-001974;DEV-001975,Austin,20.23,1616,75
1194,DEV-001976;DEV-001977;DEV-001978,Boston,157.1,463,14
1195,DEV-001979;DEV-001980,Miami,239.91,819,53
1196,DEV-001981;DEV-001982,Chicago,35.54,254,9
1197,DEV-001983;DEV-001984,New York,159.42,164,7
1198,DEV-001985;DEV-001986,New York,34.53,1376,88
1199,DEV-001987,New York,30.97,485,21
1200,DEV-001988;DEV-001989,New York,15.5,127,6
1201,DEV-001990,New York,126.73,832,23
1202,DEV-001991;DEV-001992,New York,80.32,1461,115
1203,DEV-001993,Miami,18.41,1719,53
1204,DEV-001994,Boston,25.89,1407,74
1205,DEV-001995,Seattle,128.14,1974,137
1206,DEV-001996,New York,130.06,89,4
1207,DEV-001997;DEV-001998,Chicago,15.93,1318,105
1208,DEV-001999,Chicago,28.39,1849,73
1209,DEV-002000,San Francisco,140.07,1293,58
1210,DEV-002001;DEV-002002,Los Angeles,30.86,1547,109
1211,DEV-002003,Seattle,50.27,212,12
1212,DEV-002004;DEV-002005;DEV-002006,Miami,19.73,1917,128
1213,DEV-002007;DEV-002008,Miami,17.59,602,24
1214,DEV-002009,Chicago,175.21,1915,123
1215,DEV-002010,Miami,21.28,1515,42
1216,DEV-002011,Austin,221.56,1417,98
1217,DEV-002012,Houston,57.46,614,37
1218,DEV-002013,Chicago,50.54,201,7
1219,DEV-002014;DEV-002015,Seattle,34.22,197,14
1220,DEV-002016,Chicago,14.57,1096,32
1221,DEV-002017,Chicago,14.46,1771,126
1222,DEV-002018,Los Angeles,70.35,1991,133
1223,DEV-002019;DEV-002020,Miami,49.09,1537,103
1224,DEV-002021;DEV-002022,Houston,37.72,1675,45
1225,DEV-002023;DEV-002024;DEV-002025,Austin,32.3,478,18
1226,DEV-002026,New York,29.83,1139,87
1227,DEV-002027,Los Angeles,71.12,737,17
1228,DEV-002028;DEV-002029;DEV-002030,Chicago,72.61,1109,84
1229,DEV-002031,Los Angeles,22.62,812,62
1230,DEV-002032;DEV-002033,Los Angeles,158.53,1267,94
1231,DEV-002034;DEV-002035,New York,34.48,1234,34
1232,DEV-002036,Boston,31.16,103,4
1233,DEV-002037,Boston,21.05,152,5
1234,DEV-002038;DEV-002039;DEV-002040,Miami,31.67,1449,96
1235,DEV-002041;DEV-002042,Houston,31.38,766,43
1236,DEV-002043,San Francisco,29.92,1569,126
1237,DEV-002044,Austin,62.54,1629,110
1238,DEV-002045;DEV-002046;DEV-002047,Austin,44.26,1590,45
1239,DEV-002048,Austin,59.81,1142,36
1240,DEV-002049;DEV-002050,Seattle,15.49,1217,45
1241,DEV-002051,Miami,20.42,1089,38
1242,DEV-002052,New York,129.56,1733,124
1243,DEV-002053,Boston,21.82,1841,145
1244,DEV-002054,Chicago,19.71,936,22
1245,DEV-002055,Houston,40.48,52,2
1246,DEV-002056,Miami,20.5,1355,86
1247,DEV-002057,San Francisco,220.3,182,7
1248,DEV-002058,Miami,211.25,1734,84
1249,DEV-002059;DEV-002060,San Francisco,149.56,626,18
1250,DEV-002061,Chicago,23.5,840,67
1251,DEV-002062;DEV-002063,New York,28.29,248,12
1252,DEV-002064;DEV-002065,Los Angeles,31.94,1742,102
1253,DEV-002066,Houston,23.72,510,34
1254,DEV-002067,Houston,179.16,299,12
1255,DEV-002068;DEV-002069;DEV-002070,Chicago,68.76,403,14
1256,DEV-002071;DEV-002072,Miami,27.14,172,14
1257,DEV-002073,Chicago,43.03,1979,117
1258,DEV-002074;DEV-002075,Los Angeles,67.89,1232,96
1259,DEV-002076;DEV-002077,Chicago,18.49,1608,47
1260,DEV-002078;DEV-002079,New York,50.59,1442,94
1261,DEV-002080;DEV-002081,Miami,111.34,1992,121
1262,DEV-002082,Los Angeles,215.49,967,23
1263,DEV-002083;DEV-002084,Seattle,26.45,777,23
1264,DEV-002085,Miami,107.13,673,48
1265,DEV-002086;DEV-002087,Houston,171.99,835,17
1266,DEV-002088;DEV-002089;DEV-002090,New York,57.56,79,2
1267,DEV-002091;DEV-002092,Miami,18.95,1571,76
1268,DEV-002093,Boston,160.09,277,14
1269,DEV-002094;DEV-002095,Houston,27.33,1751,39
1270,DEV-002096;DEV-002097,Seattle,23.22,1406,74
1271,DEV-002098;DEV-002099,New York,18.09,1887,40
1272,DEV-002100,Miami,130.23,940,63
1273,DEV-002101;DEV-002102,Boston,41.82,1346,100
1274,DEV-002103;DEV-002104,Chicago,115.06,585,19
1275,DEV-002105;DEV-002106,Boston,76.01,216,9
1276,DEV-002107;DEV-002108,Miami,47.13,269,7
1277,DEV-002109,Los Angeles,74.39,1655,93
1278,DEV-002110,San Francisco,214.81,1575,90
1279,DEV-002111,Austin,49.91,1033,28
1280,DEV-002112,New York,57.73,1100,76
1281,DEV-002113;DEV-002114,Seattle,40.73,1506,47
1282,DEV-002115;DEV-002116,New York,30.84,1860,110
1283,DEV-002117;DEV-002118,San Francisco,54.0,853,53
1284,DEV-002119,Austin,52.08,215,9
1285,DEV-002120,Miami,115.51,523,24
1286,DEV-002121,New York,228.69,1141,88
1287,DEV-002122,San Francisco,65.04,588,47
1288,DEV-002123;DEV-002124;DEV-002125,New York,14.18,820,48
1289,DEV-002126,San Francisco,136.02,722,42
1290,DEV-002127;DEV-002128,Austin,61.65,612,40
1291,DEV-002129;DEV-002130,Miami,29.96,799,44
1292,DEV-002131,New York,229.78,40,3
1293,DEV-002132;DEV-002133,Austin,27.86,879,67
1294,DEV-002134;DEV-002135,Miami,93.16,357,18
1295,DEV-002136,Miami,115.83,496,21
1296,DEV-002137,Seattle,100.42,1705,112
1297,DEV-002138,Los Angeles,185.04,1381,87
1298,DEV-002139,Houston,150.24,1709,66
1299,DEV-002140,Seattle,19.57,378,20
1300,DEV-002141;DEV-002142;DEV-002143,Houston,138.93,1675,40
1301,DEV-002144,San Francisco,105.12,1993,155
1302,DEV-002145,Chicago,17.64,186,13
1303,DEV-002146,Miami,162.56,180,12
1304,DEV-002147,Los Angeles,93.52,443,33
1305,DEV-002148,Seattle,30.65,871,30
1306,DEV-002149;DEV-002150,Austin,82.41,1607,60
1307,DEV-002151;DEV-002152;DEV-002153,New York,123.47,270,9
1308,DEV-002154,Boston,52.8,1974,53
1309,DEV-002155,Chicago,32.02,1452,41
1310,DEV-002156,Seattle,86.07,1937,96
1311,DEV-002157,Los Angeles,218.02,136,6
1312,DEV-002158,New York,189.52,1648,61
1313,DEV-002159,Chicago,124.01,664,32
1314,DEV-002160,Houston,108.89,1831,95
1315,DEV-002161;DEV-002162,Houston,108.18,1929,62
1316,DEV-002163,Chicago,12.7,1671,91
1317,DEV-002164;DEV-002165,Los Angeles,16.67,1372,74
1318,DEV-002166,Seattle,139.99,70,3
1319,DEV-002167,Chicago,16.49,1215,59
1320,DEV-002168,Chicago,95.12,1491,38
1321,DEV-002169;DEV-002170,Miami,14.77,519,12
1322,DEV-002171;DEV-002172,Houston,68.48,459,15
1323,DEV-002173,Los Angeles,172.57,1002,55
1324,DEV-002174,New York,16.39,266,12
1325,DEV-002175;DEV-002176,Boston,27.77,1081,43
1326,DEV-002177;DEV-002178,Houston,26.58,33,1
1327,DEV-002179,Seattle,142.84,977,43
1328,DEV-002180;DEV-002181;DEV-002182,Los Angeles,13.35,137,9
1329,DEV-002183;DEV-002184,Chicago,151.73,557,21
1330,DEV-002185;DEV-002186,New York,67.97,42,2
1331,DEV-002187;DEV-002188,Los Angeles,223.26,1585,35
1332,DEV-002189,Miami,50.07,1574,62
1333,DEV-002190,Austin,58.32,931,42
1334,DEV-002191;DEV-002192,Austin,37.72,1495,88
1335,DEV-002193,Seattle,16.07,625,49
1336,DEV-002194,New York,200.47,814,45
1337,DEV-002195;DEV-002196,Seattle,144.28,344,15
1338,DEV-002197,Boston,54.01,119,5
1339,DEV-002198,New York,64.94,346,19
1340,DEV-002199,New York,95.18,470,19
1341,DEV-002200;DEV-002201,Austin,58.5,1030,38
1342,DEV-002202;DEV-002203,Chicago,23.53,1702,91
1343,DEV-002204,New York,25.22,1793,107
1344,DEV-002205;DEV-002206,Los Angeles,16.45,248,12
1345,DEV-002207;DEV-002208,Houston,36.71,573,22
1346,DEV-002209,New York,22.1,1998,49
1347,DEV-002210;DEV-002211,Los Angeles,82.8,1590,82
1348,DEV-002212;DEV-002213;DEV-002214,Chicago,76.67,1147,81
1349,DEV-002215;DEV-002216;DEV-002217,New York,18.36,677,36
1350,DEV-002218,Seattle,79.88,400,25
1351,DEV-002219,Seattle,62.45,1618,97
1352,DEV-002220,San Francisco,41.0,733,21
1353,DEV-002221,Los Angeles,97.71,497,24
1354,DEV-002222,Boston,218.16,532,28
1355,DEV-002223;DEV-002224,San Francisco,12.24,150,12
1356,DEV-002225,New York,15.14,815,54
1357,DEV-002226;DEV-002227,Houston,13.21,1044,51
1358,DEV-002228,Los Angeles,52.92,1260,64
1359,DEV-002229;DEV-002230,San Francisco,29.84,121,4
1360,DEV-002231,Houston,168.18,1587,52
1361,DEV-002232;DEV-002233,Los Angeles,19.04,1450,37
1362,DEV-002234,Los Angeles,45.72,138,3
1363,DEV-002235;DEV-002236,San Francisco,25.8,471,12
1364,DEV-002237;DEV-002238,Miami,150.93,675,52
1365,DEV-002239,Boston,13.46,1324,85
1366,DEV-002240;DEV-002241;DEV-002242,San Francisco,31.35,1600,66
1367,DEV-002243,Houston,13.63,975,65
1368,DEV-002244,San Francisco,118.45,284,10
1369,DEV-002245,Houston,33.33,1404,50
1370,DEV-002246,Boston,44.18,908,46
1371,DEV-002247;DEV-002248,San Francisco,33.24,261,19
1372,DEV-002249,Boston,42.5,918,51
1373,DEV-002250,Los Angeles,33.59,1015,78
1374,DEV-002251;DEV-002252,Houston,16.61,524,42
1375,DEV-002253;DEV-002254,New York,42.05,491,26
1376,DEV-002255;DEV-002256,Los Angeles,97.9,1668,44
1377,DEV-002257;DEV-002258,Boston,109.48,1259,39
1378,DEV-002259,Chicago,39.09,124,7
1379,DEV-002260,Boston,142.88,268,10
1380,DEV-002261;DEV-002262;DEV-002263,San Francisco,13.44,1506,78
1381,DEV-002264,Los Angeles,27.56,312,8
1382,DEV-002265,San Francisco,163.19,812,43
1383,DEV-002266,New York,155.28,1832,39
1384,DEV-002267;DEV-002268;DEV-002269,Austin,178.74,1880,146
1385,DEV-002270,San Francisco,22.56,1077,76
1386,DEV-002271;DEV-002272,Miami,90.65,602,29
1387,DEV-002273,Los Angeles,223.47,425,24
1388,DEV-002274,San Francisco,87.61,1744,102
1389,DEV-002275,Boston,73.0,1405,61
1390,DEV-002276,Seattle,28.47,556,41
1391,DEV-002277;DEV-002278,San Francisco,71.7,1262,26
1392,DEV-002279,Miami,19.46,893,52
1393,DEV-002280,Los Angeles,12.37,58,3
1394,DEV-002281,New York,91.56,102,3
1395,DEV-002282,Los Angeles,18.7,509,26
1396,DEV-002283;DEV-002284;DEV-002285,Los Angeles,37.3,347,26
1397,DEV-002286;DEV-002287,Boston,29.01,1590,46
1398,DEV-002288,San Francisco,78.74,1765,57
1399,DEV-002289;DEV-002290,New York,20.61,1322,83
1400,DEV-002291,San Francisco,90.28,404,14
1401,DEV-002292;DEV-002293,Houston,98.85,463,22
1402,DEV-002294;DEV-002295,Boston,14.88,697,42
1403,DEV-002296,Austin,14.99,308,15
1404,DEV-002297,Houston,48.4,106,4
1405,DEV-002298,New York,121.56,300,20
1406,DEV-002299;DEV-002300;DEV-002301,New York,19.82,679,15
1407,DEV-002302,Chicago,58.91,162,12
1408,DEV-002303;DEV-002304,San Francisco,41.34,1777,133
1409,DEV-002305,Seattle,116.11,1746,91
1410,DEV-002306;DEV-002307;DEV-002308,Miami,15.71,340,8
1411,DEV-002309,Seattle,35.22,1293,57
1412,DEV-002310,Miami,49.23,1802,119
1413,DEV-002311;DEV-002312,San Francisco,90.94,1650,77
1414,DEV-002313,Miami,62.95,861,42
1415,DEV-002314,Boston,22.5,1520,101
1416,DEV-002315;DEV-002316;DEV-002317,New York,13.74,982,52
1417,DEV-002318;DEV-002319,Boston,76.54,1630,82
1418,DEV-002320;DEV-002321,San Francisco,126.07,281,9
1419,DEV-002322,Miami,21.1,50,3
1420,DEV-002323,Boston,19.67,550,38
1421,DEV-002324;DEV-002325,Chicago,141.92,1059,35
1422,DEV-002326;DEV-002327,San Francisco,18.05,1046,29
1423,DEV-002328,Houston,187.19,1906,43
1424,DEV-002329;DEV-002330,Los Angeles,21.74,1470,67
1425,DEV-002331;DEV-002332,Boston,22.23,296,17
1426,DEV-002333;DEV-002334;DEV-002335,Boston,13.05,905,46
1427,DEV-002336,Boston,169.04,1137,91
1428,DEV-002337,Seattle,14.15,754,35
1429,DEV-002338,New York,23.34,1056,81
1430,DEV-002339,Los Angeles,148.55,1230,81
1431,DEV-002340,Austin,199.18,526,23
1432,DEV-002341;DEV-002342,Miami,100.0,1780,123
1433,DEV-002343,Los Angeles,89.3,67,3
1434,DEV-002344,Miami,101.17,164,9
1435,DEV-002345;DEV-002346,San Francisco,94.06,1768,115
1436,DEV-002347,Chicago,51.26,1909,79
1437,DEV-002348;DEV-002349,Miami,141.82,34,1
1438,DEV-002350;DEV-002351,Houston,18.55,187,13
1439,DEV-002352;DEV-002353,Houston,52.8,1835,70
1440,DEV-002354,Miami,16.86,144,5
1441,DEV-002355,New York,12.84,1822,97
1442,DEV-002356,Houston,25.32,35,1
1443,DEV-002357;DEV-002358,San Francisco,40.08,1771,57
1444,DEV-002359;DEV-002360,Houston,55.86,753,59
1445,DEV-002361,Houston,93.35,42,1
1446,DEV-002362,Austin,33.09,768,47
1447,DEV-002363;DEV-002364,New York,31.78,460,19
1448,DEV-002365,Boston,153.71,419,16
1449,DEV-002366,San Francisco,107.92,1139,45
1450,DEV-002367,New York,78.64,1856,99
1451,DEV-002368;DEV-002369,Austin,14.88,1639,51
1452,DEV-002370;DEV-002371,Los Angeles,92.11,702,31
1453,DEV-002372;DEV-002373,Seattle,85.02,594,45
1454,DEV-002374,Boston,62.44,1898,45
1455,DEV-002375;DEV-002376,New York,67.33,1534,71
1456,DEV-002377,Miami,29.2,1096,42
1457,DEV-002378,New York,63.25,1838,143
1458,DEV-002379;DEV-002380,San Francisco,212.77,1666,78
1459,DEV-002381,New York,12.34,87,2
1460,DEV-002382;DEV-002383,San Francisco,16.53,1098,71
1461,DEV-002384,Seattle,19.06,435,14
1462,DEV-002385;DEV-002386,Chicago,183.84,765,37
1463,DEV-002387;DEV-002388,Houston,39.37,1198,61
1464,DEV-002389;DEV-002390;DEV-002391,Seattle,196.85,270,21
1465,DEV-002392;DEV-002393;DEV-002394,Los Angeles,19.35,817,46
1466,DEV-002395;DEV-002396;DEV-002397,Seattle,163.95,1455,87
1467,DEV-002398,Los Angeles,28.25,503,30
1468,DEV-002399;DEV-002400;DEV-002401,Chicago,33.29,779,23
1469,DEV-002402;DEV-002403;DEV-002404,Los Angeles,115.79,1410,90
1470,DEV-002405,Chicago,173.25,1587,110
1471,DEV-002406,Seattle,29.3,419,27
1472,DEV-002407,Seattle,117.61,905,21
1473,DEV-002408,Seattle,147.14,1586,100
1474,DEV-002409,Chicago,12.71,701,38
1475,DEV-002410;DEV-002411,Austin,18.7,1221,26
1476,DEV-002412,Houston,54.94,1547,105
1477,DEV-002413,San Francisco,25.51,1412,88
1478,DEV-002414,San Francisco,58.21,171,10
1479,DEV-002415;DEV-002416,New York,41.43,525,40
1480,DEV-002417;DEV-002418;DEV-002419,Chicago,19.5,1658,64
1481,DEV-002420,Miami,12.22,1681,90
1482,DEV-002421,Boston,112.98,1073,27
1483,DEV-002422,New York,24.86,1557,79
1484,DEV-002423;DEV-002424,Los Angeles,146.98,625,21
1485,DEV-002425,Austin,87.58,411,15
1486,DEV-002426;DEV-002427,San Francisco,85.25,659,48
1487,DEV-002428;DEV-002429,New York,221.31,771,38
1488,DEV-002430,New York,59.58,666,46
1489,DEV-002431,San Francisco,73.71,668,39
1490,DEV-002432;DEV-002433,Boston,194.61,675,37
1491,DEV-002434,Los Angeles,95.79,1320,32
1492,DEV-002435;DEV-002436,Boston,126.14,1956,57
1493,DEV-002437;DEV-002438,Austin,228.35,855,56
1494,DEV-002439;DEV-002440;DEV-002441,Chicago,126.27,713,20
1495,DEV-002442,San Francisco,15.58,1594,100
1496,DEV-002443;DEV-002444,Austin,76.59,1821,117
1497,DEV-002445;DEV-002446,Boston,130.53,1866,135
1498,DEV-002447;DEV-002448;DEV-002449,Chicago,72.9,1056,31
1499,DEV-002450,San Francisco,68.16,130,6
1500,DEV-002451;DEV-002452,Chicago,17.2,1133,49
1501,DEV-002453,New York,25.23,1652,67
1502,DEV-002454,San Francisco,19.29,231,14
1503,DEV-002455;DEV-002456,Houston,147.85,111,7
1504,DEV-002457,Austin,25.92,488,20
1505,DEV-002458;DEV-002459,Seattle,171.71,96,2
1506,DEV-002460;DEV-002461,Austin,14.78,405,26
1507,DEV-002462,Houston,18.13,1339,55
1508,DEV-002463;DEV-002464,San Francisco,85.32,1866,89
1509,DEV-002465;DEV-002466;DEV-002467,Boston,87.54,1353,89
1510,DEV-002468,Seattle,30.97,617,42
1511,DEV-002469;DEV-002470;DEV-002471,New York,81.66,203,14
1512,DEV-002472;DEV-002473,Los Angeles,75.68,1073,31
1513,DEV-002474,Los Angeles,22.3,601,39
1514,DEV-002475,Seattle,139.18,1658,131
1515,DEV-002476;DEV-002477,Austin,137.12,405,29
1516,DEV-002478;DEV-002479,Miami,17.7,1288,51
1517,DEV-002480;DEV-002481,Boston,46.99,1099,59
1518,DEV-002482;DEV-002483;DEV-002484,San Francisco,33.45,1832,137
1519,DEV-002485;DEV-002486,Houston,97.8,697,52
1520,DEV-002487;DEV-002488;DEV-002489,Chicago,132.45,457,25
1521,DEV-002490,Austin,32.17,480,27
1522,DEV-002491,Austin,164.76,577,17
1523,DEV-002492,San Francisco,221.52,846,17
1524,DEV-002493;DEV-002494;DEV-002495,Los Angeles,26.08,765,32
1525,DEV-002496;DEV-002497,San Francisco,50.92,307,24
1526,DEV-002498,Los Angeles,206.36,835,25
1527,DEV-002499;DEV-002500;DEV-002501,Chicago,70.97,1734,74
1528,DEV-002502;DEV-002503,Seattle,15.51,1768,98
1529,DEV-002504,Houston,111.66,254,9
1530,DEV-002505,Los Angeles,33.98,1415,110
1531,DEV-002506;DEV-002507;DEV-002508,Boston,15.38,1730,59
1532,DEV-002509;DEV-002510;DEV-002511,Miami,46.81,1613,63
1533,DEV-002512;DEV-002513,New York,112.29,1647,89
1534,DEV-002514;DEV-002515,Houston,158.55,768,59
1535,DEV-002516,Houston,52.13,1674,65
1536,DEV-002517;DEV-002518,San Francisco,12.81,1263,89
1537,DEV-002519;DEV-002520,San Francisco,22.45,982,77
1538,DEV-002521;DEV-002522,Austin,36.38,1971,41
1539,DEV-002523,Boston,32.81,156,5
1540,DEV-002524,San Francisco,63.0,1468,72
1541,DEV-002525;DEV-002526;DEV-002527,New York,151.6,1171,81
1542,DEV-002528,Seattle,21.92,1061,59
1543,DEV-002529,Seattle,76.84,446,22
1544,DEV-002530,San Francisco,18.62,826,27
1545,DEV-002531;DEV-002532,San Francisco,12.83,1704,39
1546,DEV-002533;DEV-002534,Seattle,197.08,736,54
1547,DEV-002535,New York,34.32,405,20
1548,DEV-002536,New York,217.13,1019,80
1549,DEV-002537,Seattle,21.3,988,37
1550,DEV-002538;DEV-002539,Houston,12.66,1140,77
1551,DEV-002540;DEV-002541;DEV-002542,San Francisco,181.59,220,6
1552,DEV-002543;DEV-002544,San Francisco,22.6,646,24
1553,DEV-002545;DEV-002546;DEV-002547,Los Angeles,56.08,1042,54
1554,DEV-002548;DEV-002549;DEV-002550,Seattle,24.53,1774,37
1555,DEV-002551,Miami,12.47,337,18
1556,DEV-002552,Chicago,166.99,1141,81
1557,DEV-002553,Houston,94.12,622,14
1558,DEV-002554,Miami,33.25,76,2
1559,DEV-002555;DEV-002556,San Francisco,101.22,373,15
1560,DEV-002557;DEV-002558,Boston,30.94,688,52
1561,DEV-002559;DEV-002560;DEV-002561,Miami,86.2,965,49
1562,DEV-002562;DEV-002563,San Francisco,136.1,693,50
1563,DEV-002564;DEV-002565,San Francisco,197.48,437,34
1564,DEV-002566,Miami,18.32,463,10
1565,DEV-002567;DEV-002568,Chicago,231.21,350,25
1566,DEV-002569;DEV-002570;DEV-002571,Miami,83.43,93,7
1567,DEV-002572;DEV-002573,Seattle,37.0,957,63
1568,DEV-002574,Los Angeles,57.51,533,40
1569,DEV-002575;DEV-002576,Los Angeles,233.22,738,28
1570,DEV-002577,Miami,41.05,1785,119
1571,DEV-002578,Miami,160.2,1340,46
1572,DEV-002579,Boston,26.15,1435,87
1573,DEV-002580;DEV-002581;DEV-002582,Seattle,52.35,1622,110
1574,DEV-002583,Los Angeles,23.11,1673,131
1575,DEV-002584,Miami,105.75,885,32
1576,DEV-002585,New York,17.6,1659,117
1577,DEV-002586;DEV-002587,New York,52.81,1432,68
1578,DEV-002588;DEV-002589,Boston,92.81,1533,64
1579,DEV-002590;DEV-002591,Los Angeles,24.32,154,11
1580,DEV-002592,Los Angeles,31.22,882,67
1581,DEV-002593;DEV-002594,Seattle,124.28,1308,96
1582,DEV-002595,Chicago,174.0,498,16
1583,DEV-002596,Chicago,136.36,171,10
1584,DEV-002597;DEV-002598,Los Angeles,20.96,809,33
1585,DEV-002599;DEV-002600,Los Angeles,63.93,1915,75
1586,DEV-002601;DEV-002602,San Francisco,26.66,73,2
1587,DEV-002603,Boston,192.56,1839,114
1588,DEV-002604,Miami,43.09,1981,128
1589,DEV-002605,Austin,39.24,1695,108
1590,DEV-002606;DEV-002607,New York,38.89,850,33
1591,DEV-002608,Miami,94.45,1131,83
1592,DEV-002609,San Francisco,73.34,1184,81
1593,DEV-002610,Miami,36.62,1396,45
1594,DEV-002611;DEV-002612,San Francisco,51.42,1688,51
1595,DEV-002613,Los Angeles,21.5,1904,41
1596,DEV-002614;DEV-002615;DEV-002616,Houston,15.2,1672,73
1597,DEV-002617;DEV-002618,Miami,120.53,1984,48
1598,DEV-002619,San Francisco,82.86,379,23
1599,DEV-002620;DEV-002621,Houston,62.09,1790,39
1600,DEV-002622;DEV-002623,Seattle,141.58,1258,86
1601,DEV-002624,Boston,33.93,926,45
1602,DEV-002625,Austin,26.4,1923,97
1603,DEV-002626;DEV-002627,Miami,13.48,935,50
1604,DEV-002628;DEV-002629,San Francisco,90.94,72,5
1605,DEV-002630,Los Angeles,19.92,642,31
1606,DEV-002631;DEV-002632;DEV-002633,New York,40.31,1465,32
1607,DEV-002634;DEV-002635,Austin,33.41,1793,143
1608,DEV-002636;DEV-002637,Miami,41.7,405,12
1609,DEV-002638;DEV-002639;DEV-002640,San Francisco,190.79,1697,119
1610,DEV-002641,Miami,19.66,120,3
1611,DEV-002642,Houston,30.0,954,66
1612,DEV-002643,Chicago,203.77,712,40
1613,DEV-002644,New York,164.9,982,60
1614,DEV-002645,Los Angeles,164.54,1674,88
1615,DEV-002646,Los Angeles,40.19,1245,28
1616,DEV-002647,San Francisco,78.48,1259,95
1617,DEV-002648;DEV-002649;DEV-002650,Los Angeles,101.0,437,31
1618,DEV-002651,Seattle,138.61,1639,113
1619,DEV-002652;DEV-002653;DEV-002654,Chicago,38.72,867,63
1620,DEV-002655;DEV-002656,Houston,21.62,1464,56
1621,DEV-002657,New York,149.12,604,30
1622,DEV-002658,Houston,12.53,980,77
1623,DEV-002659,Chicago,194.13,1571,91
1624,DEV-002660;DEV-002661;DEV-002662,Houston,53.2,889,41
1625,DEV-002663;DEV-002664;DEV-002665,Boston,94.93,1519,63
1626,DEV-002666,Boston,32.24,1293,55
1627,DEV-002667,Chicago,47.22,687,19
1628,DEV-002668;DEV-002669;DEV-002670,Los Angeles,78.72,451,25
1629,DEV-002671,Miami,64.96,1645,111
1630,DEV-002672;DEV-002673;DEV-002674,Miami,200.38,1799,96
1631,DEV-002675,Seattle,16.24,174,11
1632,DEV-002676;DEV-002677,Boston,30.47,356,23
1633,DEV-002678;DEV-002679,Los Angeles,108.6,696,39
1634,DEV-002680;DEV-002681,Houston,41.63,1796,53
1635,DEV-002682;DEV-002683,Boston,204.11,1904,131
1636,DEV-002684;DEV-002685,New York,113.92,1085,68
1637,DEV-002686;DEV-002687,Houston,133.99,1127,53
1638,DEV-002688,New York,239.61,47,1
1639,DEV-002689;DEV-002690,San Francisco,91.81,1981,58
1640,DEV-002691,New York,122.23,626,38
1641,DEV-002692,Houston,38.96,580,24
1642,DEV-002693,Boston,13.96,840,47
1643,DEV-002694,Chicago,34.76,872,22
1644,DEV-002695,Chicago,151.25,1030,21
1645,DEV-002696;DEV-002697,Austin,239.99,565,12
1646,DEV-002698,Los Angeles,12.67,1138,68
1647,DEV-002699,Miami,97.02,1270,62
1648,DEV-002700,Boston,19.5,691,23
1649,DEV-002701,Miami,157.49,680,43
1650,DEV-002702;DEV-002703,Boston,13.88,1669,121
1651,DEV-002704;DEV-002705,Seattle,146.55,1310,62
1652,DEV-002706;DEV-002707,Los Angeles,48.72,626,22
1653,DEV-002708,Boston,12.42,529,40
1654,DEV-002709,Chicago,175.07,1492,108
1655,DEV-002710,San Francisco,31.07,1785,96
1656,DEV-002711;DEV-002712;DEV-002713,Houston,88.39,1430,92
1657,DEV-002714,Miami,73.62,751,28
1658,DEV-002715,Los Angeles,25.55,1241,46
1659,DEV-002716;DEV-002717;DEV-002718,Boston,25.14,1135,24
1660,DEV-002719,Houston,45.72,305,7
1661,DEV-002720;DEV-002721,New York,236.2,1405,55
1662,DEV-002722;DEV-002723;DEV-002724,Miami,16.77,298,19
1663,DEV-002725,Boston,46.68,1043,59
1664,DEV-002726;DEV-002727;DEV-002728,Houston,77.6,1054,80
1665,DEV-002729,Miami,23.32,1707,75
1666,DEV-002730,Los Angeles,149.42,949,28
1667,DEV-002731,Boston,45.65,154,11
1668,DEV-002732,Boston,98.74,1862,104
1669,DEV-002733;DEV-002734,Los Angeles,73.54,419,24
1670,DEV-002735;DEV-002736;DEV-002737,San Francisco,127.91,1393,87
1671,DEV-002738,San Francisco,18.5,1644,127
1672,DEV-002739;DEV-002740,Miami,17.88,333,8
1673,DEV-002741;DEV-002742,Chicago,17.8,885,59
1674,DEV-002743;DEV-002744,New York,19.43,410,28
1675,DEV-002745,Los Angeles,18.95,57,2
1676,DEV-002746;DEV-002747,Miami,70.07,1639,112
1677,DEV-002748;DEV-002749,Boston,55.81,1074,40
1678,DEV-002750,Seattle,31.56,1646,49
1679,DEV-002751;DEV-002752,Boston,212.97,258,8
1680,DEV-002753,Miami,49.66,1203,58
1681,DEV-002754;DEV-002755;DEV-002756,Miami,12.62,678,47
1682,DEV-002757,New York,132.88,945,72
1683,DEV-002758;DEV-002759,New York,174.85,1803,52
1684,DEV-002760,Chicago,12.43,1764,131
1685,DEV-002761;DEV-002762,Chicago,79.37,326,14
1686,DEV-002763,Chicago,22.74,205,16
1687,DEV-002764,Houston,22.03,459,24
1688,DEV-002765;DEV-002766,Austin,50.09,261,7
1689,DEV-002767,Austin,28.85,875,27
1690,DEV-002768,Chicago,29.58,1595,62
1691,DEV-002769;DEV-002770,Los Angeles,98.39,1579,36
1692,DEV-002771;DEV-002772;DEV-002773,Los Angeles,72.78,292,12
1693,DEV-002774;DEV-002775,Austin,71.0,1783,70
1694,DEV-002776;DEV-002777,Chicago,75.75,526,12
1695,DEV-002778,San Francisco,16.79,1184,77
1696,DEV-002779,Boston,12.2,1231,70
1697,DEV-002780;DEV-002781,New York,12.47,1711,52
1698,DEV-002782;DEV-002783;DEV-002784,Chicago,49.38,638,20
1699,DEV-002785,Austin,36.47,1645,99
1700,DEV-002786;DEV-002787,Miami,24.82,864,32
1701,DEV-002788,Miami,40.81,1284,64
1702,DEV-002789,New York,202.36,1036,22
1703,DEV-002790;DEV-002791,Austin,158.41,71,2
1704,DEV-002792,Miami,151.87,721,31
1705,DEV-002793;DEV-002794;DEV-002795,Los Angeles,104.22,177,7
1706,DEV-002796,Boston,31.35,706,20
1707,DEV-002797;DEV-002798,Los Angeles,102.62,1866,66
1708,DEV-002799,Houston,134.02,1988,141
1709,DEV-002800,Seattle,13.32,847,46
1710,DEV-002801;DEV-002802,Seattle,32.19,240,13
1711,DEV-002803,Los Angeles,84.65,760,50
1712,DEV-002804;DEV-002805,Boston,175.8,757,52
1713,DEV-002806,New York,191.15,1638,119
1714,DEV-002807,Chicago,108.24,264,16
1715,DEV-002808,New York,156.07,1524,32
1716,DEV-002809;DEV-002810;DEV-002811,Austin,175.46,690,25
1717,DEV-002812;DEV-002813,Houston,42.43,1206,28
1718,DEV-002814,Miami,19.43,689,26
1719,DEV-002815,Houston,42.51,1799,90
1720,DEV-002816;DEV-002817,Boston,26.35,1551,108
1721,DEV-002818,Boston,30.47,1277,37
1722,DEV-002819,Los Angeles,232.51,144,9
1723,DEV-002820;DEV-002821,Miami,166.78,1057,54
1724,DEV-002822,Miami,73.06,1666,76
1725,DEV-002823,Seattle,13.25,181,14
1726,DEV-002824;DEV-002825,Miami,27.31,1381,37
1727,DEV-002826;DEV-002827,Houston,90.64,1111,80
1728,DEV-002828,Miami,202.81,939,68
1729,DEV-002829;DEV-002830,Seattle,34.14,1759,37
1730,DEV-002831;DEV-002832,Austin,40.54,581,33
1731,DEV-002833;DEV-002834,San Francisco,15.98,1589,85
1732,DEV-002835,Chicago,15.32,1688,35
1733,DEV-002836,Chicago,18.98,881,22
1734,DEV-002837,Austin,162.94,110,3
1735,DEV-002838;DEV-002839,Houston,94.31,96,7
1736,DEV-002840,Boston,78.18,265,11
1737,DEV-002841,Houston,12.34,914,68
1738,DEV-002842;DEV-002843;DEV-002844,Austin,74.32,975,70
1739,DEV-002845,Boston,18.33,679,21
1740,DEV-002846,Miami,82.02,1831,82
1741,DEV-002847;DEV-002848;DEV-002849,Chicago,79.57,782,45
1742,DEV-002850;DEV-002851,Boston,24.41,1922,57
1743,DEV-002852;DEV-002853;DEV-002854,Houston,39.27,555,36
1744,DEV-002855;DEV-002856,Austin,64.49,646,51
1745,DEV-002857,Miami,62.52,757,56
1746,DEV-002858,Los Angeles,147.45,89,4
1747,DEV-002859,Miami,25.23,691,27
1748,DEV-002860,Miami,23.45,1111,89
1749,DEV-002861,Seattle,34.01,1078,59
1750,DEV-002862;DEV-002863;DEV-002864,Boston,165.39,1663,65
1751,DEV-002865;DEV-002866,Houston,62.37,790,45
1752,DEV-002867,Chicago,43.17,1305,68
1753,DEV-002868,Los Angeles,106.06,984,49
1754,DEV-002869;DEV-002870,Los Angeles,48.0,772,59
1755,DEV-002871,Boston,88.25,1424,105
1756,DEV-002872,Boston,18.21,270,19
1757,DEV-002873,Chicago,137.97,303,12
1758,DEV-002874,Seattle,53.21,1499,75
1759,DEV-002875,Chicago,29.98,1048,68
1760,DEV-002876,Boston,24.55,327,10
1761,DEV-002877,Seattle,70.03,360,7
1762,DEV-002878;DEV-002879,Los Angeles,134.26,423,34
1763,DEV-002880,Austin,42.44,1628,78
1764,DEV-002881,Houston,71.97,467,32
1765,DEV-002882;DEV-002883,New York,56.79,54,1
1766,DEV-002884,New York,238.67,648,25
1767,DEV-002885;DEV-002886,Los Angeles,127.12,1939,67
1768,DEV-002887,Miami,47.53,530,15
1769,DEV-002888;DEV-002889,Seattle,122.93,1306,35
1770,DEV-002890;DEV-002891;DEV-002892,Los Angeles,161.4,620,17
1771,DEV-002893;DEV-002894,Los Angeles,21.07,1883,41
1772,DEV-002895,Miami,33.29,1571,41
1773,DEV-002896;DEV-002897;DEV-002898,New York,219.55,1234,40
1774,DEV-002899,Los Angeles,60.08,1202,48
1775,DEV-002900,Los Angeles,53.16,1076,40
1776,DEV-002901,San Francisco,115.34,60,4
1777,DEV-002902;DEV-002903,Boston,15.31,174,11
1778,DEV-002904,Houston,195.33,652,29
1779,DEV-002905,Seattle,92.18,53,3
1780,DEV-002906;DEV-002907,San Francisco,86.05,529,33
1781,DEV-002908;DEV-002909,San Francisco,41.23,255,15
1782,DEV-002910;DEV-002911,New York,12.77,1253,29
1783,DEV-002912;DEV-002913,San Francisco,231.11,456,15
1784,DEV-002914,Los Angeles,27.46,506,40
1785,DEV-002915,Miami,105.14,536,29
1786,DEV-002916;DEV-002917;DEV-002918,Houston,65.26,1844,79
1787,DEV-002919;DEV-002920;DEV-002921,Seattle,160.51,102,8
1788,DEV-002922,Seattle,57.57,758,47
1789,DEV-002923;DEV-002924,San Francisco,30.03,333,21
1790,DEV-002925;DEV-002926,Austin,159.8,137,8
1791,DEV-002927;DEV-002928;DEV-002929,San Francisco,115.92,442,11
1792,DEV-002930,Boston,35.94,769,54
1793,DEV-002931,New York,21.47,1590,100
1794,DEV-002932;DEV-002933,New York,54.39,1032,74
1795,DEV-002934,Austin,45.64,874,53
1796,DEV-002935,Seattle,92.85,1941,67
1797,DEV-002936,Chicago,117.26,1765,81
1798,DEV-002937,Los Angeles,25.14,1119,31
1799,DEV-002938;DEV-002939,Seattle,17.58,509,39
1800,DEV-002940;DEV-002941,Los Angeles,239.54,1643,42
1801,DEV-002942,Chicago,33.48,801,57
1802,DEV-002943;DEV-002944,New York,27.15,1061,25
1803,DEV-002945;DEV-002946,Houston,49.12,100,8
1804,DEV-002947,Houston,36.91,1405,46
1805,DEV-002948;DEV-002949,Boston,58.39,926,64
1806,DEV-002950;DEV-002951,San Francisco,97.53,1589,104
1807,DEV-002952,New York,39.98,352,15
1808,DEV-002953,Austin,44.07,1411,107
1809,DEV-002954,Boston,25.18,45,3
1810,DEV-002955,Boston,36.12,633,41
1811,DEV-002956,Boston,23.67,762,32
1812,DEV-002957;DEV-002958,New York,133.07,711,50
1813,DEV-002959,Austin,174.11,1386,61
1814,DEV-002960,Los Angeles,53.89,1095,37
1815,DEV-002961,Houston,26.18,1949,57
1816,DEV-002962;DEV-002963,Miami,61.99,1277,89
1817,DEV-002964;DEV-002965,New York,39.85,177,11
1818,DEV-002966;DEV-002967,Austin,41.14,1151,85
1819,DEV-002968,Boston,78.7,363,18
1820,DEV-002969,Chicago,20.74,1316,27
1821,DEV-002970;DEV-002971;DEV-002972,Los Angeles,23.21,169,12
1822,DEV-002973;DEV-002974,New York,16.74,1184,95
1823,DEV-002975;DEV-002976;DEV-002977,New York,169.23,989,48
1824,DEV-002978,Houston,76.02,88,2
1825,DEV-002979;DEV-002980;DEV-002981,Houston,68.68,1757,108
1826,DEV-002982,Boston,19.37,412,29
1827,DEV-002983;DEV-002984;DEV-002985,Miami,91.96,978,57
1828,DEV-002986;DEV-002987,Chicago,32.25,1644,44
1829,DEV-002988;DEV-002989,San Francisco,154.08,1239,50
1830,DEV-002990,Los Angeles,131.34,1046,53
1831,DEV-002991,Miami,185.14,1984,115
1832,DEV-002992,New York,42.18,926,64
1833,DEV-002993;DEV-002994,Chicago,89.61,924,25
1834,DEV-002995;DEV-002996;DEV-002997,San Francisco,39.34,194,12
1835,DEV-002998;DEV-002999;DEV-003000,San Francisco,118.59,1032,65
1836,DEV-003001;DEV-003002,New York,17.72,1548,57
1837,DEV-003003,Seattle,18.99,1519,54
1838,DEV-003004,Miami,20.89,251,10
1839,DEV-003005;DEV-003006;DEV-003007,Los Angeles,19.07,803,33
1840,DEV-003008;DEV-003009,Austin,196.12,615,20
1841,DEV-003010;DEV-003011,San Francisco,23.36,1850,131
1842,DEV-003012;DEV-003013,Los Angeles,93.49,1834,90
1843,DEV-003014;DEV-003015,Houston,114.84,1861,75
1844,DEV-003016;DEV-003017,Miami,19.62,1814,102
1845,DEV-003018;DEV-003019,Miami,31.19,406,15
1846,DEV-003020,San Francisco,26.33,1121,27
1847,DEV-003021;DEV-003022;DEV-003023,Miami,16.28,327,25
1848,DEV-003024;DEV-003025,Los Angeles,29.47,1644,126
1849,DEV-003026,Chicago,17.23,1065,83
1850,DEV-003027,Chicago,20.13,1634,42
1851,DEV-003028,Austin,48.91,400,23
1852,DEV-003029,Chicago,158.29,779,32
1853,DEV-003030;DEV-003031;DEV-003032,Houston,106.25,588,35
1854,DEV-003033,Chicago,22.36,678,32
1855,DEV-003034;DEV-003035;DEV-003036,Miami,64.84,417,16
1856,DEV-003037;DEV-003038,Seattle,67.91,829,30
1857,DEV-003039;DEV-003040,Miami,52.69,1673,78
1858,DEV-003041,Austin,134.07,1459,92
1859,DEV-003042;DEV-003043,New York,30.68,653,46
1860,DEV-003044;DEV-003045;DEV-003046,New York,31.05,1930,105
1861,DEV-003047,Los Angeles,38.91,434,11
1862,DEV-003048,Miami,231.08,572,26
1863,DEV-003049,San Francisco,17.23,1514,64
1864,DEV-003050,Austin,95.93,1050,41
1865,DEV-003051;DEV-003052,Los Angeles,239.51,1521,54
1866,DEV-003053,Houston,110.61,914,32
1867,DEV-003054,Houston,162.49,603,41
1868,DEV-003055,Seattle,169.95,167,10
1869,DEV-003056;DEV-003057,Chicago,106.15,1207,28
1870,DEV-003058;DEV-003059;DEV-003060,New York,31.27,1111,76
1871,DEV-003061,Boston,27.1,894,35
1872,DEV-003062;DEV-003063;DEV-003064,New York,169.25,343,22
1873,DEV-003065;DEV-003066;DEV-003067,Boston,15.82,552,26
1874,DEV-003068;DEV-003069,Chicago,119.29,1203,66
1875,DEV-003070,Chicago,24.96,860,57
1876,DEV-003071,Los Angeles,54.31,429,20
1877,DEV-003072,Boston,27.17,1878,111
1878,DEV-003073,Seattle,48.78,1934,43
1879,DEV-003074;DEV-003075;DEV-003076,Houston,25.46,744,20
1880,DEV-003077;DEV-003078;DEV-003079,Seattle,45.02,477,33
1881,DEV-003080;DEV-003081,Los Angeles,23.5,1272,91
1882,DEV-003082,Houston,136.36,1911,132
1883,DEV-003083;DEV-003084;DEV-003085,Boston,200.3,1420,97
1884,DEV-003086;DEV-003087,Los Angeles,70.86,1747,50
1885,DEV-003088;DEV-003089,Chicago,70.86,931,59
1886,DEV-003090;DEV-003091,Boston,108.18,917,24
1887,DEV-003092;DEV-003093,Austin,67.78,1162,41
1888,DEV-003094;DEV-003095;DEV-003096,Austin,117.91,339,14
1889,DEV-003097;DEV-003098,Chicago,156.74,202,5
1890,DEV-003099,Boston,48.69,1941,102
1891,DEV-003100,Seattle,182.16,1812,88
1892,DEV-003101,Boston,35.92,636,48
1893,DEV-003102,Los Angeles,130.44,352,12
1894,DEV-003103,Boston,56.09,1177,47
1895,DEV-003104,Seattle,187.19,472,37
1896,DEV-003105,San Francisco,90.44,1966,122
1897,DEV-003106;DEV-003107;DEV-003108,New York,76.19,474,14
1898,DEV-003109;DEV-003110,Austin,77.08,1018,42
1899,DEV-003111,Austin,24.48,83,3
1900,DEV-003112;DEV-003113,Boston,41.24,1915,140
1901,DEV-003114,Houston,199.69,1305,61
1902,DEV-003115;DEV-003116,New York,154.57,270,17
1903,DEV-003117;DEV-003118,Houston,38.52,1795,94
1904,DEV-003119;DEV-003120,Seattle,53.91,578,40
1905,DEV-003121;DEV-003122;DEV-003123,Seattle,33.51,786,30
1906,DEV-003124;DEV-003125;DEV-003126,Chicago,13.83,1973,87
1907,DEV-003127;DEV-003128;DEV-003129,San Francisco,24.69,1337,89
1908,DEV-003130;DEV-003131;DEV-003132,Houston,17.93,1987,118
1909,DEV-003133,Houston,69.49,1096,77
1910,DEV-003134;DEV-003135,New York,31.07,1524,40
1911,DEV-003136,Houston,33.7,981,31
1912,DEV-003137,Chicago,42.15,1010,64
1913,DEV-003138,Seattle,33.62,1820,120
1914,DEV-003139,Austin,52.58,306,17
1915,DEV-003140;DEV-003141,Los Angeles,12.81,914,34
1916,DEV-003142;DEV-003143;DEV-003144,Boston,115.54,1701,128
1917,DEV-003145,San Francisco,14.15,548,33
1918,DEV-003146,New York,68.92,1568,68
1919,DEV-003147;DEV-003148,Chicago,63.78,679,19
1920,DEV-003149,New York,35.3,343,15
1921,DEV-003150;DEV-003151;DEV-003152,Los Angeles,241.07,1028,63
1922,DEV-003153,Seattle,67.55,1392,92
1923,DEV-003154;DEV-003155;DEV-003156,Chicago,41.76,1435,75
1924,DEV-003157,Boston,150.7,1718,75
1925,DEV-003158,Austin,13.1,1259,36
1926,DEV-003159;DEV-003160,Seattle,43.83,1467,92
1927,DEV-003161,Chicago,19.07,359,21
1928,DEV-003162;DEV-003163,Miami,35.54,132,9
1929,DEV-003164,Miami,47.15,138,5
1930,DEV-003165;DEV-003166,San Francisco,76.32,1772,48
1931,DEV-003167;DEV-003168,San Francisco,25.43,278,6
1932,DEV-003169;DEV-003170,Houston,124.79,1078,27
1933,DEV-003171;DEV-003172,Los Angeles,15.61,1873,49
1934,DEV-003173;DEV-003174,San Francisco,48.23,237,12
1935,DEV-003175,Chicago,181.23,644,14
1936,DEV-003176;DEV-003177,Austin,37.81,1486,110
1937,DEV-003178;DEV-003179,Houston,18.87,1144,68
1938,DEV-003180;DEV-003181,San Francisco,23.16,1671,80
1939,DEV-003182,New York,158.42,1004,38
1940,DEV-003183,Boston,236.85,130,6
1941,DEV-003184;DEV-003185,Los Angeles,27.9,271,17
1942,DEV-003186,San Francisco,14.22,978,62
1943,DEV-003187;DEV-003188,Boston,57.04,292,7
1944,DEV-003189,Chicago,57.61,1907,66
1945,DEV-003190,New York,100.65,1770,87
1946,DEV-003191,San Francisco,29.1,1973,46
1947,DEV-003192;DEV-003193;DEV-003194,Houston,175.93,193,9
1948,DEV-003195;DEV-003196;DEV-003197,Miami,174.29,495,39
1949,DEV-003198;DEV-003199,Seattle,172.09,896,25
1950,DEV-003200;DEV-003201,San Francisco,80.58,676,34
1951,DEV-003202;DEV-003203;DEV-003204,Austin,53.54,163,12
1952,DEV-003205;DEV-003206;DEV-003207,Seattle,158.13,1731,129
1953,DEV-003208,Los Angeles,72.28,1010,27
1954,DEV-003209;DEV-003210,Miami,63.3,840,50
1955,DEV-003211,Los Angeles,15.06,1045,48
1956,DEV-003212,Miami,51.34,1809,117
1957,DEV-003213;DEV-003214,New York,139.16,554,13
1958,DEV-003215;DEV-003216,San Francisco,34.92,854,37
1959,DEV-003217;DEV-003218;DEV-003219,New York,206.1,1727,40
1960,DEV-003220,New York,239.64,575,30
1961,DEV-003221;DEV-003222,Miami,112.75,1819,96
1962,DEV-003223,Houston,75.11,1422,98
1963,DEV-003224;DEV-003225;DEV-003226,New York,25.29,1591,82
1964,DEV-003227,Chicago,57.59,1367,51
1965,DEV-003228,New York,28.23,1323,90
1966,DEV-003229,New York,14.83,574,34
1967,DEV-003230;DEV-003231,Boston,117.34,617,25
1968,DEV-003232;DEV-003233,Miami,191.23,1876,68
1969,DEV-003234;DEV-003235,Los Angeles,13.69,1292,84
1970,DEV-003236;DEV-003237,Boston,126.04,1076,48
1971,DEV-003238;DEV-003239,New York,36.06,1775,73
1972,DEV-003240;DEV-003241,San Francisco,121.9,1058,48
1973,DEV-003242;DEV-003243,Boston,47.85,1561,59
1974,DEV-003244,New York,47.78,248,8
1975,DEV-003245;DEV-003246,Houston,16.19,705,52
1976,DEV-003247,New York,98.21,1040,76
1977,DEV-003248,Houston,23.86,893,69
1978,DEV-003249;DEV-003250,Houston,133.52,940,72
1979,DEV-003251;DEV-003252;DEV-003253,San Francisco,56.54,516,40
1980,DEV-003254;DEV-003255,Los Angeles,27.49,732,31
1981,DEV-003256,Chicago,31.36,677,48
1982,DEV-003257;DEV-003258,Los Angeles,14.27,218,13
1983,DEV-003259;DEV-003260,Seattle,124.57,1729,91
1984,DEV-003261;DEV-003262,Seattle,60.7,465,35
1985,DEV-003263;DEV-003264;DEV-003265,Seattle,168.63,211,5
1986,DEV-003266;DEV-003267;DEV-003268,Chicago,28.26,807,62
1987,DEV-003269,New York,38.85,1980,53
1988,DEV-003270;DEV-003271,Boston,12.96,874,45
1989,DEV-003272,Los Angeles,18.62,78,6
1990,DEV-003273,Los Angeles,18.09,830,27
1991,DEV-003274;DEV-003275;DEV-003276,Houston,33.39,697,54
1992,DEV-003277;DEV-003278;DEV-003279,Los Angeles,18.14,1109,67
1993,DEV-003280;DEV-003281;DEV-003282,Seattle,16.41,883,57
1994,DEV-003283,Miami,124.57,1238,61
1995,DEV-003284;DEV-003285;DEV-003286,Los Angeles,109.31,1022,24
1996,DEV-003287,San Francisco,26.37,621,26
1997,DEV-003288,San Francisco,223.36,801,40
1998,DEV-003289;DEV-003290,Miami,236.68,1744,113
1999,DEV-003291,Austin,19.07,1165,36
2000,DEV-003292;DEV-003293,Seattle,67.4,1908,118
2001,DEV-003294;DEV-003295,Austin,58.99,649,20
2002,DEV-003296,Austin,43.36,652,20
2003,DEV-003297;DEV-003298;DEV-003299,Boston,17.88,766,44
2004,DEV-003300;DEV-003301,Boston,18.89,1116,81
2005,DEV-003302;DEV-003303;DEV-003304,Seattle,60.26,1337,65
2006,DEV-003305,Miami,61.19,1895,40
2007,DEV-003306,Houston,231.95,307,13
2008,DEV-003307;DEV-003308,Chicago,117.98,1661,54
2009,DEV-003309;DEV-003310;DEV-003311,Miami,88.16,402,20
2010,DEV-003312,Miami,138.88,1777,54
2011,DEV-003313,Seattle,44.75,1123,86
2012,DEV-003314;DEV-003315;DEV-003316,Houston,109.92,855,23
2013,DEV-003317;DEV-003318,San Francisco,184.87,406,11
2014,DEV-003319;DEV-003320,Austin,36.04,1314,47
2015,DEV-003321,Austin,179.68,1482,78
2016,DEV-003322;DEV-003323,Miami,15.08,1962,125
2017,DEV-003324,Seattle,45.63,986,35
2018,DEV-003325,New York,54.62,875,23
2019,DEV-003326,Miami,59.6,1324,89
2020,DEV-003327,Chicago,72.58,987,27
2021,DEV-003328,New York,25.46,378,9
2022,DEV-003329;DEV-003330,Boston,35.2,1523,65
2023,DEV-003331,Houston,34.44,287,14
2024,DEV-003332;DEV-003333,Los Angeles,87.46,961,56
2025,DEV-003334;DEV-003335,San Francisco,124.55,523,39
2026,DEV-003336,Boston,58.89,406,32
2027,DEV-003337;DEV-003338,Seattle,158.89,80,4
2028,DEV-003339,Houston,180.75,261,19
2029,DEV-003340,New York,58.31,1414,80
2030,DEV-003341;DEV-003342;DEV-003343,Houston,59.6,487,22
2031,DEV-003344;DEV-003345,New York,18.53,1278,52
2032,DEV-003346,Miami,80.54,348,20
2033,DEV-003347,San Francisco,20.89,1397,95
2034,DEV-003348;DEV-003349,Los Angeles,173.14,1623,60
2035,DEV-003350;DEV-003351;DEV-003352,New York,23.64,1689,113
2036,DEV-003353;DEV-003354,Chicago,232.54,50,2
2037,DEV-003355,Houston,25.87,1501,48
2038,DEV-003356;DEV-003357,Los Angeles,31.73,1330,94
2039,DEV-003358,New York,71.09,357,12
2040,DEV-003359;DEV-003360;DEV-003361,Los Angeles,29.02,1799,92
2041,DEV-003362;DEV-003363,Seattle,17.52,549,33
2042,DEV-003364;DEV-003365;DEV-003366,Los Angeles,46.67,1253,58
2043,DEV-003367,Miami,191.22,1672,89
2044,DEV-003368,Miami,14.0,1393,83
2045,DEV-003369;DEV-003370,New York,15.81,660,29
2046,DEV-003371,Austin,49.58,952,36
2047,DEV-003372;DEV-003373,Los Angeles,44.45,174,8
2048,DEV-003374,Chicago,33.2,1280,66
2049,DEV-003375,Boston,193.53,283,11
2050,DEV-003376,Boston,40.18,692,32
2051,DEV-003377,Austin,214.26,426,29
2052,DEV-003378;DEV-003379;DEV-003380,Houston,14.03,907,59
2053,DEV-003381,Los Angeles,53.62,135,9
2054,DEV-003382,San Francisco,54.79,666,32
2055,DEV-003383,Houston,122.01,692,52
2056,DEV-003384;DEV-003385,Miami,82.01,268,19
2057,DEV-003386;DEV-003387,Austin,24.91,43,2
2058,DEV-003388,Miami,12.58,580,39
2059,DEV-003389,San Francisco,20.83,686,53
2060,DEV-003390;DEV-003391,Seattle,18.97,562,25
2061,DEV-003392,New York,16.52,1090,84
2062,DEV-003393,San Francisco,33.09,1220,40
2063,DEV-003394,Houston,207.74,530,36
2064,DEV-003395;DEV-003396,Miami,14.69,723,35
2065,DEV-003397;DEV-003398,Seattle,32.56,947,72
2066,DEV-003399,Chicago,12.59,1150,77
2067,DEV-003400;DEV-003401,San Francisco,92.13,767,24
2068,DEV-003402,Boston,211.96,1717,125
2069,DEV-003403;DEV-003404,San Francisco,16.43,585,32
2070,DEV-003405,San Francisco,52.03,1656,60
2071,DEV-003406,New York,25.91,1101,71
2072,DEV-003407;DEV-003408,Austin,66.16,583,38
2073,DEV-003409;DEV-003410,Los Angeles,68.44,981,77
2074,DEV-003411,Seattle,18.04,990,56
2075,DEV-003412;DEV-003413;DEV-003414,Boston,43.48,957,28
2076,DEV-003415,Chicago,134.17,79,5
2077,DEV-003416,Houston,166.3,314,16
2078,DEV-003417;DEV-003418;DEV-003419,Austin,16.93,966,63
2079,DEV-003420,Austin,237.96,180,7
2080,DEV-003421;DEV-003422,Houston,36.81,79,6
2081,DEV-003423;DEV-003424,Austin,16.04,1430,53
2082,DEV-003425;DEV-003426;DEV-003427,New York,37.82,801,60
2083,DEV-003428;DEV-003429,Miami,15.65,137,7
2084,DEV-003430,Austin,42.39,1261,66
2085,DEV-003431;DEV-003432,Miami,55.47,1984,96
2086,DEV-003433,Boston,14.93,914,24
2087,DEV-003434;DEV-003435,Austin,20.31,1105,44
2088,DEV-003436;DEV-003437,Houston,108.78,1561,63
2089,DEV-003438;DEV-003439;DEV-003440,Boston,22.98,584,43
2090,DEV-003441;DEV-003442,Austin,13.07,360,27
2091,DEV-003443;DEV-003444,Seattle,13.66,829,31
2092,DEV-003445;DEV-003446;DEV-003447,Boston,48.13,367,22
2093,DEV-003448;DEV-003449;DEV-003450,Houston,93.31,1448,113
2094,DEV-003451;DEV-003452,Chicago,42.29,221,6
2095,DEV-003453;DEV-003454,Houston,18.04,1089,25
2096,DEV-003455;DEV-003456,Chicago,85.81,375,25
2097,DEV-003457,Los Angeles,234.22,1733,103
2098,DEV-003458;DEV-003459,San Francisco,23.75,697,24
2099,DEV-003460,Boston,33.99,1180,90
2100,DEV-003461,San Francisco,16.84,682,19
2101,DEV-003462,Los Angeles,36.44,1528,117
2102,DEV-003463,Miami,28.34,197,12
2103,DEV-003464,Miami,98.67,260,20
2104,DEV-003465;DEV-003466,Los Angeles,47.55,1450,61
2105,DEV-003467;DEV-003468,Seattle,79.43,1846,71
2106,DEV-003469;DEV-003470;DEV-003471,Boston,53.87,895,31
2107,DEV-003472;DEV-003473,Boston,53.0,536,29
2108,DEV-003474;DEV-003475,New York,91.72,1567,118
2109,DEV-003476;DEV-003477,Austin,103.02,998,78
2110,DEV-003478;DEV-003479,San Francisco,97.29,1402,73
2111,DEV-003480;DEV-003481;DEV-003482,San Francisco,162.53,332,15
2112,DEV-003483;DEV-003484;DEV-003485,Austin,151.19,890,66
2113,DEV-003486;DEV-003487,New York,26.57,1888,43
2114,DEV-003488,New York,16.98,986,47
2115,DEV-003489,New York,42.96,1846,79
2116,DEV-003490;DEV-003491,New York,150.55,1347,31
2117,DEV-003492,Chicago,94.68,1665,66
2118,DEV-003493,Seattle,55.52,498,37
2119,DEV-003494;DEV-003495;DEV-003496,Boston,38.66,987,23
2120,DEV-003497,Los Angeles,228.5,282,16
2121,DEV-003498;DEV-003499,Seattle,17.79,513,22
2122,DEV-003500,San Francisco,17.77,1265,84
2123,DEV-003501;DEV-003502,Seattle,17.5,1279,66
2124,DEV-003503,San Francisco,151.27,1644,101
2125,DEV-003504;DEV-003505,Boston,162.44,1534,62
2126,DEV-003506,Seattle,72.46,158,12
2127,DEV-003507;DEV-003508,San Francisco,19.35,1341,99
2128,DEV-003509,New York,182.57,1937,64
2129,DEV-003510,New York,22.15,543,25
2130,DEV-003511,Seattle,53.05,1194,51
2131,DEV-003512,Seattle,27.43,1461,79
2132,DEV-003513,Seattle,23.04,736,29
2133,DEV-003514,New York,30.5,727,22
2134,DEV-003515;DEV-003516,Austin,203.27,1236,28
2135,DEV-003517;DEV-003518,Seattle,208.29,1223,37
2136,DEV-003519,San Francisco,15.8,1001,27
2137,DEV-003520;DEV-003521,Chicago,25.55,683,36
2138,DEV-003522,New York,85.03,1745,128
2139,DEV-003523;DEV-003524,Miami,101.18,53,2
2140,DEV-003525,San Francisco,139.51,1042,47
2141,DEV-003526;DEV-003527,Seattle,135.84,149,8
2142,DEV-003528,Miami,88.87,1376,48
2143,DEV-003529;DEV-003530,Houston,225.36,1538,33
2144,DEV-003531;DEV-003532,Seattle,110.77,535,21
2145,DEV-003533,Austin,12.53,601,27
2146,DEV-003534,Houston,114.4,61,4
2147,DEV-003535,Seattle,106.42,1220,58
2148,DEV-003536;DEV-003537,Boston,123.8,550,13
2149,DEV-003538,New York,22.81,1790,134
2150,DEV-003539;DEV-003540,Houston,15.97,1645,114
2151,DEV-003541;DEV-003542;DEV-003543,Chicago,31.65,1086,45
2152,DEV-003544,Miami,21.59,812,29
2153,DEV-003545;DEV-003546,Chicago,126.26,1743,114
2154,DEV-003547,Chicago,22.94,1444,42
2155,DEV-003548;DEV-003549,Houston,38.95,1656,67
2156,DEV-003550,Houston,67.55,1210,41
2157,DEV-003551;DEV-003552;DEV-003553,Seattle,150.09,548,28
2158,DEV-003554;DEV-003555;DEV-003556,New York,112.09,1061,45
2159,DEV-003557,Boston,176.55,683,26
2160,DEV-003558;DEV-003559,Houston,19.27,1149,27
2161,DEV-003560,Austin,37.51,286,9
2162,DEV-003561,San Francisco,54.54,60,4
2163,DEV-003562;DEV-003563,San Francisco,35.5,937,42
2164,DEV-003564,New York,156.51,828,35
2165,DEV-003565,Chicago,52.41,171,11
2166,DEV-003566,Houston,19.36,1049,78
2167,DEV-003567,New York,57.17,795,49
2168,DEV-003568;DEV-003569,New York,51.93,1292,52
2169,DEV-003570,Austin,93.58,887,25
2170,DEV-003571,Los Angeles,39.7,1404,81
2171,DEV-003572;DEV-003573,Houston,12.36,571,16
2172,DEV-003574;DEV-003575,San Francisco,43.91,472,16
2173,DEV-003576,Los Angeles,117.64,1958,117
2174,DEV-003577;DEV-003578,New York,16.1,1861,131
2175,DEV-003579,New York,68.56,1147,71
2176,DEV-003580,Houston,12.98,618,43
2177,DEV-003581;DEV-003582;DEV-003583,Chicago,136.37,517,30
2178,DEV-003584;DEV-003585,Houston,61.2,993,21
2179,DEV-003586,San Francisco,20.06,974,39
2180,DEV-003587,San Francisco,105.33,833,60
2181,DEV-003588;DEV-003589,San Francisco,44.95,1687,76
2182,DEV-003590,San Francisco,14.19,796,39
2183,DEV-003591;DEV-003592,Los Angeles,113.06,497,38
2184,DEV-003593;DEV-003594;DEV-003595,Austin,100.16,162,7
2185,DEV-003596;DEV-003597,Miami,17.48,1276,33
2186,DEV-003598;DEV-003599,Boston,94.28,1303,47
2187,DEV-003600;DEV-003601;DEV-003602,Chicago,67.25,1158,78
2188,DEV-003603;DEV-003604,San Francisco,40.0,502,17
2189,DEV-003605;DEV-003606;DEV-003607,New York,39.34,1021,44
2190,DEV-003608,Chicago,131.48,1944,134
2191,DEV-003609,Boston,228.95,800,62
2192,DEV-003610;DEV-003611,San Francisco,23.82,1305,65
2193,DEV-003612;DEV-003613,Seattle,219.65,1102,29
2194,DEV-003614,Boston,87.13,276,13
2195,DEV-003615,Miami,134.43,1612,108
2196,DEV-003616;DEV-003617;DEV-003618,San Francisco,79.3,722,20
2197,DEV-003619,Los Angeles,19.17,1669,66
2198,DEV-003620;DEV-003621;DEV-003622,Los Angeles,46.63,654,33
2199,DEV-003623,Austin,136.9,1793,73
2200,DEV-003624,New York,33.69,457,14
2201,DEV-003625;DEV-003626,Houston,42.69,916,53
2202,DEV-003627,Austin,162.69,1334,57
2203,DEV-003628;DEV-003629,Los Angeles,15.44,494,28
2204,DEV-003630;DEV-003631;DEV-003632,Houston,24.66,250,14
2205,DEV-003633,Chicago,154.63,41,2
2206,DEV-003634;DEV-003635;DEV-003636,Seattle,158.49,748,27
2207,DEV-003637;DEV-003638;DEV-003639,Los Angeles,20.77,101,7
2208,DEV-003640,Los Angeles,76.64,34,2
2209,DEV-003641;DEV-003642,Miami,15.52,1270,80
2210,DEV-003643;DEV-003644,San Francisco,13.36,1279,87
2211,DEV-003645;DEV-003646;DEV-003647,San Francisco,88.73,1796,78
2212,DEV-003648,Seattle,84.19,142,9
2213,DEV-003649;DEV-003650;DEV-003651,Chicago,241.14,1151,63
2214,DEV-003652;DEV-003653,Austin,167.26,558,30
2215,DEV-003654;DEV-003655;DEV-003656,Chicago,59.07,1587,52
2216,DEV-003657,Miami,58.91,1603,125
2217,DEV-003658;DEV-003659,San Francisco,103.24,851,22
2218,DEV-003660;DEV-003661,Houston,121.19,1027,48
2219,DEV-003662;DEV-003663,Austin,141.31,1954,63
2220,DEV-003664;DEV-003665,Austin,12.48,1076,30
2221,DEV-003666,Seattle,100.62,963,40
2222,DEV-003667,Houston,22.58,261,9
2223,DEV-003668,Austin,158.0,1175,78
2224,DEV-003669;DEV-003670,San Francisco,204.61,725,57
2225,DEV-003671;DEV-003672;DEV-003673,Seattle,39.26,1240,56
2226,DEV-003674;DEV-003675;DEV-003676,San Francisco,114.25,1170,31
2227,DEV-003677,San Francisco,26.6,528,16
2228,DEV-003678;DEV-003679,Seattle,14.74,311,9
2229,DEV-003680,Boston,26.49,36,1
2230,DEV-003681,Los Angeles,74.67,485,29
2231,DEV-003682;DEV-003683,Chicago,97.53,1175,29
2232,DEV-003684;DEV-003685;DEV-003686,Houston,43.04,1284,79
2233,DEV-003687,San Francisco,106.41,1316,99
2234,DEV-003688,Seattle,64.66,1582,98
2235,DEV-003689,Miami,59.23,458,35
2236,DEV-003690,Houston,92.54,322,11
2237,DEV-003691;DEV-003692;DEV-003693,Seattle,62.1,865,43
2238,DEV-003694;DEV-003695;DEV-003696,Los Angeles,146.97,49,3
2239,DEV-003697,Chicago,131.58,1795,102
2240,DEV-003698,Seattle,14.17,43,3
2241,DEV-003699,San Francisco,27.36,529,25
2242,DEV-003700;DEV-003701,Seattle,22.53,236,17
2243,DEV-003702;DEV-003703,Houston,26.89,173,5
2244,DEV-003704,San Francisco,18.63,796,41
2245,DEV-003705;DEV-003706;DEV-003707,New York,82.91,1500,113
2246,DEV-003708,Los Angeles,27.99,489,22
2247,DEV-003709,Los Angeles,22.34,132,10
2248,DEV-003710;DEV-003711,New York,58.91,874,54
2249,DEV-003712,Miami,47.8,505,18
2250,DEV-003713,Houston,28.0,790,62
2251,DEV-003714;DEV-003715;DEV-003716,Seattle,29.05,1875,142
2252,DEV-003717,Seattle,64.13,1849,59
2253,DEV-003718;DEV-003719,Seattle,77.93,124,5
2254,DEV-003720;DEV-003721,Austin,16.78,411,14
2255,DEV-003722;DEV-003723;DEV-003724,San Francisco,51.33,795,26
2256,DEV-003725;DEV-003726,Miami,19.8,956,75
2257,DEV-003727;DEV-003728;DEV-003729,Miami,181.38,263,13
2258,DEV-003730;DEV-003731,Chicago,22.96,494,16
2259,DEV-003732,Los Angeles,17.3,282,13
2260,DEV-003733,Houston,45.67,273,12
2261,DEV-003734;DEV-003735,Houston,75.26,310,17
2262,DEV-003736;DEV-003737,Chicago,30.36,1217,55
2263,DEV-003738,Boston,40.61,1970,126
2264,DEV-003739;DEV-003740;DEV-003741,San Francisco,30.11,1457,77
2265,DEV-003742,Austin,187.37,1379,66
2266,DEV-003743;DEV-003744,Los Angeles,17.03,712,27
2267,DEV-003745,Houston,52.71,221,8
2268,DEV-003746,New York,177.93,1703,47
2269,DEV-003747,Boston,26.67,1495,52
2270,DEV-003748;DEV-003749,Miami,64.92,734,51
2271,DEV-003750;DEV-003751,New York,101.0,1887,55
2272,DEV-003752,Seattle,33.94,231,9
2273,DEV-003753;DEV-003754;DEV-003755,Seattle,12.43,130,4
2274,DEV-003756;DEV-003757,Los Angeles,52.78,1404,81
2275,DEV-003758,Seattle,187.65,374,14
2276,DEV-003759;DEV-003760;DEV-003761,Seattle,82.4,1686,128
2277,DEV-003762;DEV-003763;DEV-003764,San Francisco,51.99,1739,120
2278,DEV-003765,San Francisco,40.21,1045,40
2279,DEV-003766,Los Angeles,15.12,841,65
2280,DEV-003767,Boston,12.64,1109,85
2281,DEV-003768,Chicago,18.8,1013,79
2282,DEV-003769,San Francisco,14.6,301,23
2283,DEV-003770,Seattle,21.15,205,11
2284,DEV-003771;DEV-003772,New York,58.93,755,48
2285,DEV-003773;DEV-003774,Chicago,233.89,500,24
2286,DEV-003775;DEV-003776,Los Angeles,20.47,457,28
2287,DEV-003777;DEV-003778,Austin,61.01,1485,102
2288,DEV-003779;DEV-003780,Seattle,35.82,1220,57
2289,DEV-003781;DEV-003782,San Francisco,46.13,1764,99
2290,DEV-003783;DEV-003784,New York,15.65,1805,126
2291,DEV-003785,Los Angeles,15.36,1530,114
2292,DEV-003786,Miami,15.75,1174,58
2293,DEV-003787,New York,12.39,1328,97
2294,DEV-003788,Los Angeles,36.04,235,11
2295,DEV-003789;DEV-003790,Los Angeles,36.56,886,71
2296,DEV-003791,Miami,97.74,995,57
2297,DEV-003792;DEV-003793,Seattle,163.58,1632,55
2298,DEV-003794;DEV-003795,Houston,16.07,1598,118
2299,DEV-003796;DEV-003797,San Francisco,48.64,921,51
2300,DEV-003798;DEV-003799,Boston,35.62,1199,46
2301,DEV-003800;DEV-003801,Houston,15.26,1564,114
2302,DEV-003802,Boston,18.79,1230,74
2303,DEV-003803;DEV-003804;DEV-003805,San Francisco,80.14,1689,84
2304,DEV-003806;DEV-003807,New York,44.28,91,3
2305,DEV-003808;DEV-003809;DEV-003810,New York,82.84,451,33
2306,DEV-003811;DEV-003812,Miami,30.55,364,10
2307,DEV-003813;DEV-003814,Los Angeles,15.33,649,34
2308,DEV-003815,Miami,27.28,1900,49
2309,DEV-003816;DEV-003817;DEV-003818,Chicago,28.91,1731,120
2310,DEV-003819;DEV-003820,Austin,242.42,1938,87
2311,DEV-003821;DEV-003822,Chicago,32.72,1325,34
2312,DEV-003823;DEV-003824;DEV-003825,Los Angeles,31.39,1839,96
2313,DEV-003826,Houston,17.04,1942,132
2314,DEV-003827;DEV-003828,Seattle,35.75,1233,78
2315,DEV-003829,Chicago,23.75,495,17
2316,DEV-003830,New York,50.72,463,24
2317,DEV-003831,Chicago,143.79,437,27
2318,DEV-003832;DEV-003833,New York,233.21,1381,109
2319,DEV-003834,Austin,12.42,1207,34
2320,DEV-003835;DEV-003836;DEV-003837,Austin,17.64,1652,65
2321,DEV-003838;DEV-003839,Austin,57.76,1409,87
2322,DEV-003840;DEV-003841,Miami,71.86,305,20
2323,DEV-003842,Miami,123.4,1273,40
2324,DEV-003843,San Francisco,236.9,1561,107
2325,DEV-003844,New York,124.2,120,9
2326,DEV-003845;DEV-003846,Houston,46.82,233,11
2327,DEV-003847;DEV-003848;DEV-003849,Chicago,13.1,411,28
2328,DEV-003850;DEV-003851;DEV-003852,Houston,31.99,1168,88
2329,DEV-003853;DEV-003854;DEV-003855,Houston,12.54,1745,108
2330,DEV-003856;DEV-003857,Seattle,111.41,1964,155
2331,DEV-003858;DEV-003859,Boston,26.17,1820,37
2332,DEV-003860;DEV-003861,Chicago,31.46,1360,28
2333,DEV-003862,Seattle,14.58,1639,119
2334,DEV-003863;DEV-003864;DEV-003865,San Francisco,79.64,174,8
2335,DEV-003866,Boston,72.32,1748,39
2336,DEV-003867;DEV-003868,Chicago,27.54,577,12
2337,DEV-003869,Austin,186.51,1286,80
2338,DEV-003870;DEV-003871,Miami,65.4,1573,123
2339,DEV-003872,Los Angeles,27.73,849,24
2340,DEV-003873;DEV-003874,San Francisco,71.16,256,13
2341,DEV-003875;DEV-003876,Boston,116.29,1168,25
2342,DEV-003877;DEV-003878,Miami,220.95,1285,29
2343,DEV-003879,Seattle,36.8,530,37
2344,DEV-003880;DEV-003881;DEV-003882,Seattle,102.37,1061,59
2345,DEV-003883;DEV-003884;DEV-003885,Chicago,50.62,250,10
2346,DEV-003886;DEV-003887;DEV-003888,Boston,94.07,1079,31
2347,DEV-003889,Boston,35.33,1276,95
2348,DEV-003890,Seattle,13.0,1688,45
2349,DEV-003891,Chicago,22.75,30,1
2350,DEV-003892;DEV-003893,Houston,79.09,1694,132
2351,DEV-003894,San Francisco,238.11,1938,72
2352,DEV-003895,Seattle,74.31,1111,43
2353,DEV-003896;DEV-003897;DEV-003898,Boston,25.2,72,2
2354,DEV-003899,Miami,68.47,1881,85
2355,DEV-003900,Austin,25.49,889,57
2356,DEV-003901,Austin,221.98,1400,35
2357,DEV-003902;DEV-003903,Seattle,21.07,1713,134
2358,DEV-003904,Chicago,72.63,1269,72
2359,DEV-003905,San Francisco,69.92,1961,97
2360,DEV-003906;DEV-003907,Miami,27.82,1702,127
2361,DEV-003908;DEV-003909;DEV-003910,San Francisco,152.08,820,42
2362,DEV-003911;DEV-003912,San Francisco,22.79,207,5
2363,DEV-003913;DEV-003914,New York,240.26,498,18
2364,DEV-003915,Chicago,51.72,187,8
2365,DEV-003916,Miami,34.81,1736,54
2366,DEV-003917;DEV-003918,San Francisco,111.74,485,34
2367,DEV-003919,Seattle,187.07,560,31
2368,DEV-003920,Houston,121.18,1268,36
2369,DEV-003921;DEV-003922,Houston,169.57,1535,78
2370,DEV-003923;DEV-003924,New York,44.15,346,23
2371,DEV-003925,Seattle,25.91,455,19
2372,DEV-003926,Miami,188.25,1278,91
2373,DEV-003927;DEV-003928,Austin,119.01,526,19
2374,DEV-003929,Los Angeles,21.95,1486,72
2375,DEV-003930,Boston,71.71,2000,60
2376,DEV-003931,Austin,61.51,1740,80
2377,DEV-003932;DEV-003933,San Francisco,31.63,1525,55
2378,DEV-003934,Chicago,126.68,940,25
2379,DEV-003935;DEV-003936,New York,76.52,1246,82
2380,DEV-003937;DEV-003938,Seattle,61.54,508,28
2381,DEV-003939,Miami,174.64,891,35
2382,DEV-003940,New York,26.8,370,17
2383,DEV-003941,San Francisco,178.59,1862,139
2384,DEV-003942;DEV-003943,Miami,19.91,935,67
2385,DEV-003944;DEV-003945,New York,105.49,1934,62
2386,DEV-003946;DEV-003947,New York,228.74,1144,56
2387,DEV-003948,Houston,46.72,306,19
2388,DEV-003949,New York,45.46,1827,38
2389,DEV-003950;DEV-003951,Boston,29.74,841,31
2390,DEV-003952;DEV-003953,Houston,38.26,1567,116
2391,DEV-003954;DEV-003955;DEV-003956,San Francisco,88.61,55,4
2392,DEV-003957,Boston,57.13,368,22
2393,DEV-003958,Seattle,22.54,757,53
2394,DEV-003959,Houston,49.03,1385,52
2395,DEV-003960,Boston,48.48,913,57
2396,DEV-003961;DEV-003962;DEV-003963,New York,31.02,1877,136
2397,DEV-003964,Miami,239.9,1987,115
2398,DEV-003965;DEV-003966,New York,206.93,1403,60
2399,DEV-003967,Chicago,16.44,1923,91
2400,DEV-003968,Los Angeles,83.18,779,60
2401,DEV-003969;DEV-003970,Seattle,128.97,1037,30
2402,DEV-003971;DEV-003972,Houston,220.62,1552,78
2403,DEV-003973;DEV-003974,Houston,104.06,1478,57
2404,DEV-003975,Seattle,182.89,479,14
2405,DEV-003976,Miami,77.3,261,21
2406,DEV-003977;DEV-003978,Los Angeles,148.85,446,26
2407,DEV-003979,Los Angeles,35.92,694,45
2408,DEV-003980;DEV-003981,New York,14.25,921,35
2409,DEV-003982;DEV-003983,Boston,35.4,252,9
2410,DEV-003984,Houston,161.84,431,9
2411,DEV-003985,Los Angeles,19.56,178,11
2412,DEV-003986,San Francisco,23.11,783,45
2413,DEV-003987,Houston,120.1,477,36
2414,DEV-003988,Austin,37.41,403,14
2415,DEV-003989;DEV-003990,Chicago,218.5,55,2
2416,DEV-003991;DEV-003992;DEV-003993,Los Angeles,24.14,1226,37
2417,DEV-003994;DEV-003995;DEV-003996,Houston,188.77,1997,121
2418,DEV-003997;DEV-003998,Houston,233.43,488,33
2419,DEV-003999,Chicago,28.58,442,19
2420,DEV-004000;DEV-004001,Los Angeles,28.8,645,27
2421,DEV-004002;DEV-004003,Seattle,78.11,899,29
2422,DEV-004004;DEV-004005,Austin,55.46,1245,84
2423,DEV-004006,Los Angeles,21.25,1802,106
2424,DEV-004007,Los Angeles,45.73,805,37
2425,DEV-004008;DEV-004009,Austin,91.92,670,35
2426,DEV-004010,Seattle,20.04,1938,126
2427,DEV-004011;DEV-004012,Miami,32.73,1613,91
2428,DEV-004013,Boston,30.66,68,5
2429,DEV-004014;DEV-004015,Seattle,181.46,862,61
2430,DEV-004016;DEV-004017,Austin,92.66,647,25
2431,DEV-004018,San Francisco,30.92,1772,75
2432,DEV-004019;DEV-004020,Los Angeles,63.98,708,34
2433,DEV-004021,Seattle,91.99,1024,61
2434,DEV-004022,San Francisco,27.71,341,21
2435,DEV-004023,Los Angeles,27.56,133,3
2436,DEV-004024;DEV-004025,Miami,51.37,310,16
2437,DEV-004026;DEV-004027,Miami,82.22,445,34
2438,DEV-004028,New York,211.2,598,33
2439,DEV-004029;DEV-004030,New York,23.59,1377,38
2440,DEV-004031;DEV-004032,Miami,13.42,1128,41
2441,DEV-004033,Austin,57.47,637,25
2442,DEV-004034;DEV-004035,Austin,21.37,1576,126
2443,DEV-004036,Los Angeles,38.63,114,6
2444,DEV-004037;DEV-004038,San Francisco,83.27,1752,103
2445,DEV-004039;DEV-004040,San Francisco,171.74,381,26
2446,DEV-004041;DEV-004042,Austin,14.8,1418,72
2447,DEV-004043;DEV-004044;DEV-004045,Boston,145.56,1815,96
2448,DEV-004046,Houston,19.88,431,27
2449,DEV-004047;DEV-004048,Miami,20.7,1218,74
2450,DEV-004049;DEV-004050;DEV-004051,Houston,71.48,578,13
2451,DEV-004052,Chicago,232.74,137,3
2452,DEV-004053;DEV-004054,Chicago,16.03,37,3
2453,DEV-004055,Seattle,232.3,703,32
2454,DEV-004056;DEV-004057,Los Angeles,25.88,1879,103
2455,DEV-004058;DEV-004059;DEV-004060,Austin,13.91,1020,49
2456,DEV-004061;DEV-004062,New York,121.32,133,4
2457,DEV-004063,Chicago,117.59,1993,126
2458,DEV-004064,San Francisco,146.69,1731,61
2459,DEV-004065;DEV-004066,Miami,12.47,1894,107
2460,DEV-004067;DEV-004068,Miami,95.95,652,25
2461,DEV-004069,Austin,220.11,1401,41
2462,DEV-004070;DEV-004071,Los Angeles,74.86,1962,53
2463,DEV-004072,Chicago,52.16,854,47
2464,DEV-004073,New York,95.56,1730,106
2465,DEV-004074;DEV-004075,Austin,14.97,1272,86
2466,DEV-004076;DEV-004077,Houston,127.25,1453,73
2467,DEV-004078,Los Angeles,124.88,1184,58
2468,DEV-004079,Austin,104.37,1688,80
2469,DEV-004080,Chicago,219.99,1695,93
2470,DEV-004081,Los Angeles,165.01,1752,66
2471,DEV-004082;DEV-004083,San Francisco,64.05,1810,138
2472,DEV-004084;DEV-004085,Austin,86.23,1299,60
2473,DEV-004086;DEV-004087,Boston,13.57,1847,58
2474,DEV-004088;DEV-004089,Los Angeles,36.13,769,37
2475,DEV-004090,San Francisco,138.44,293,20
2476,DEV-004091,San Francisco,82.53,1393,45
2477,DEV-004092,Los Angeles,23.66,203,8
2478,DEV-004093,Boston,57.89,1614,126
2479,DEV-004094;DEV-004095,Chicago,14.53,854,19
2480,DEV-004096,San Francisco,156.79,1439,115
2481,DEV-004097,Chicago,88.73,1245,46
2482,DEV-004098,New York,18.66,170,7
2483,DEV-004099,Houston,128.46,683,35
2484,DEV-004100;DEV-004101;DEV-004102,Seattle,30.42,78,2
2485,DEV-004103,Chicago,26.66,1560,66
2486,DEV-004104;DEV-004105,Seattle,185.71,661,31
2487,DEV-004106;DEV-004107;DEV-004108,Seattle,123.23,160,5
2488,DEV-004109;DEV-004110,Boston,86.07,790,39
2489,DEV-004111,Miami,64.39,1006,61
2490,DEV-004112;DEV-004113,Chicago,57.05,1457,76
2491,DEV-004114;DEV-004115,Seattle,148.21,1076,74
2492,DEV-004116,Los Angeles,12.75,1471,34
2493,DEV-004117;DEV-004118;DEV-004119,Seattle,12.66,1673,34
2494,DEV-004120;DEV-004121,Miami,133.68,1429,48
2495,DEV-004122,Boston,20.91,1780,140
2496,DEV-004123,Seattle,41.56,1042,74
2497,DEV-004124,Miami,38.63,1588,37
2498,DEV-004125;DEV-004126,Los Angeles,48.79,1970,101
2499,DEV-004127,San Francisco,14.82,1213,87
2500,DEV-004128;DEV-004129,Miami,182.75,1493,36
2501,DEV-004130,Houston,23.83,1108,70
2502,DEV-004131,San Francisco,55.97,1587,54
2503,DEV-004132,New York,196.86,337,20
2504,DEV-004133,Austin,113.67,1713,48
2505,DEV-004134;DEV-004135,Los Angeles,65.54,1392,33
2506,DEV-004136;DEV-004137,Chicago,36.42,1473,39
2507,DEV-004138,Miami,40.89,784,50
2508,DEV-004139;DEV-004140,Austin,56.38,768,36
2509,DEV-004141;DEV-004142,Boston,67.8,355,11
2510,DEV-004143;DEV-004144;DEV-004145,Los Angeles,239.89,327,10
2511,DEV-004146,Houston,45.27,1469,41
2512,DEV-004147,Austin,84.74,1840,41
2513,DEV-004148,San Francisco,101.26,958,71
2514,DEV-004149,Los Angeles,50.75,616,18
2515,DEV-004150,Austin,24.56,1306,101
2516,DEV-004151;DEV-004152,Seattle,148.09,1482,77
2517,DEV-004153;DEV-004154,Los Angeles,120.56,1626,126
2518,DEV-004155,Boston,31.7,372,9
2519,DEV-004156;DEV-004157;DEV-004158,Houston,21.01,1882,107
2520,DEV-004159,New York,128.08,1720,100
2521,DEV-004160;DEV-004161,Seattle,21.78,308,11
2522,DEV-004162;DEV-004163,Miami,32.6,456,18
2523,DEV-004164,Houston,75.49,415,25
2524,DEV-004165;DEV-004166;DEV-004167,Miami,26.58,1357,89
2525,DEV-004168,Houston,29.46,107,7
2526,DEV-004169,Boston,38.94,191,12
2527,DEV-004170,Seattle,16.9,584,39
2528,DEV-004171;DEV-004172;DEV-004173,Boston,50.15,860,53
2529,DEV-004174,Austin,195.84,1020,29
2530,DEV-004175,Boston,74.26,1076,44
2531,DEV-004176,New York,95.68,433,9
2532,DEV-004177,Houston,48.43,1478,113
2533,DEV-004178;DEV-004179,Seattle,42.17,460,27
2534,DEV-004180,Los Angeles,150.52,1242,86
2535,DEV-004181;DEV-004182;DEV-004183,Boston,109.22,1171,44
2536,DEV-004184;DEV-004185,Austin,43.13,1458,68
2537,DEV-004186,Seattle,28.84,580,25
2538,DEV-004187;DEV-004188,Chicago,143.8,508,16
2539,DEV-004189,Los Angeles,15.93,1236,79
2540,DEV-004190;DEV-004191,Miami,46.86,129,7
2541,DEV-004192,Miami,39.69,280,10
2542,DEV-004193,Miami,174.73,936,21
2543,DEV-004194,Los Angeles,119.41,1099,36
2544,DEV-004195;DEV-004196,Los Angeles,145.77,350,17
2545,DEV-004197;DEV-004198;DEV-004199,Houston,222.85,52,4
2546,DEV-004200,Chicago,90.89,1673,53
2547,DEV-004201,Miami,23.47,269,12
2548,DEV-004202,Seattle,26.12,621,36
2549,DEV-004203,New York,155.62,1539,75
2550,DEV-004204;DEV-004205;DEV-004206,Miami,37.13,579,20
2551,DEV-004207,San Francisco,224.36,205,11
2552,DEV-004208;DEV-004209;DEV-004210,Austin,44.54,255,20
2553,DEV-004211;DEV-004212,Chicago,46.64,1571,65
2554,DEV-004213,New York,25.95,1325,62
2555,DEV-004214;DEV-004215,Houston,12.67,908,64
2556,DEV-004216;DEV-004217,Boston,77.88,1593,118
2557,DEV-004218,Seattle,21.09,1767,75
2558,DEV-004219;DEV-004220;DEV-004221,Miami,29.54,200,8
2559,DEV-004222,Los Angeles,18.03,154,4
2560,DEV-004223;DEV-004224,Houston,17.58,1077,47
2561,DEV-004225;DEV-004226,Boston,112.23,563,42
2562,DEV-004227;DEV-004228,New York,141.88,1275,68
2563,DEV-004229;DEV-004230,Los Angeles,26.94,206,11
2564,DEV-004231,Los Angeles,139.4,269,11
2565,DEV-004232,Los Angeles,152.64,1003,45
2566,DEV-004233,Austin,175.4,533,27
2567,DEV-004234,Miami,17.83,211,11
2568,DEV-004235,San Francisco,33.16,1279,28
2569,DEV-004236,San Francisco,29.15,746,28
2570,DEV-004237;DEV-004238,Miami,138.9,46,3
2571,DEV-004239,New York,171.66,486,36
2572,DEV-004240;DEV-004241,Miami,187.29,428,12
2573,DEV-004242;DEV-004243,Chicago,194.84,764,25
2574,DEV-004244,Austin,14.5,690,27
2575,DEV-004245,Los Angeles,28.59,1266,80
2576,DEV-004246,Houston,18.02,431,24
2577,DEV-004247;DEV-004248;DEV-004249,Miami,50.92,400,8
2578,DEV-004250;DEV-004251;DEV-004252,Seattle,104.07,1839,145
2579,DEV-004253;DEV-004254,Houston,32.56,1567,97
2580,DEV-004255;DEV-004256;DEV-004257,San Francisco,20.83,1701,76
2581,DEV-004258;DEV-004259,Los Angeles,170.69,36,2
2582,DEV-004260,Houston,91.9,1481,96
2583,DEV-004261;DEV-004262,Chicago,48.23,631,45
2584,DEV-004263;DEV-004264;DEV-004265,New York,131.63,34,2
2585,DEV-004266,Los Angeles,49.09,1775,51
2586,DEV-004267,New York,64.28,772,42
2587,DEV-004268;DEV-004269,Chicago,128.76,1686,59
2588,DEV-004270;DEV-004271,San Francisco,36.56,1700,76
2589,DEV-004272;DEV-004273,Austin,41.54,1673,38
2590,DEV-004274,Seattle,34.93,1674,123
2591,DEV-004275,San Francisco,174.59,1889,48
2592,DEV-004276,New York,230.93,826,52
2593,DEV-004277;DEV-004278,Houston,193.72,75,6
2594,DEV-004279,Chicago,43.06,1552,101
2595,DEV-004280,Miami,135.16,1470,50
2596,DEV-004281,Boston,54.63,1689,34
2597,DEV-004282;DEV-004283,Miami,93.24,308,9
2598,DEV-004284;DEV-004285,Chicago,150.34,1394,41
2599,DEV-004286;DEV-004287;DEV-004288,Los Angeles,27.14,756,47
2600,DEV-004289,Miami,25.73,488,16
2601,DEV-004290,Boston,64.87,1041,66
2602,DEV-004291,Los Angeles,13.94,561,22
2603,DEV-004292,Houston,28.89,1706,78
2604,DEV-004293,Austin,16.67,1763,71
2605,DEV-004294,Los Angeles,173.04,107,7
2606,DEV-004295,Miami,29.47,829,40
2607,DEV-004296;DEV-004297,Los Angeles,223.15,668,49
2608,DEV-004298,Boston,30.61,1778,54
2609,DEV-004299,New York,160.55,1767,77
2610,DEV-004300,Seattle,61.15,1070,32
2611,DEV-004301;DEV-004302,Seattle,69.73,673,37
2612,DEV-004303,Miami,15.37,813,61
2613,DEV-004304;DEV-004305;DEV-004306,San Francisco,13.92,373,29
2614,DEV-004307,Seattle,40.21,494,37
2615,DEV-004308,Seattle,158.12,1333,66
2616,DEV-004309;DEV-004310,Houston,86.96,600,37
2617,DEV-004311;DEV-004312,Austin,188.33,1130,78
2618,DEV-004313,Seattle,36.52,476,26
2619,DEV-004314;DEV-004315,Seattle,52.72,1511,97
2620,DEV-004316;DEV-004317;DEV-004318,Boston,93.52,1502,34
2621,DEV-004319,Chicago,22.33,1879,104
2622,DEV-004320,Boston,118.68,1459,34
2623,DEV-004321;DEV-004322,Chicago,82.11,969,53
2624,DEV-004323,Los Angeles,17.96,1218,88
2625,DEV-004324,Chicago,74.63,38,2
2626,DEV-004325;DEV-004326,Miami,69.41,225,9
2627,DEV-004327,Los Angeles,186.73,93,6
2628,DEV-004328;DEV-004329;DEV-004330,Houston,21.82,172,10
2629,DEV-004331;DEV-004332;DEV-004333,Miami,94.15,152,12
2630,DEV-004334,Boston,45.99,1117,78
2631,DEV-004335;DEV-004336;DEV-004337,Seattle,63.97,874,57
2632,DEV-004338;DEV-004339;DEV-004340,Seattle,67.43,1717,72
2633,DEV-004341,Austin,45.02,1445,103
2634,DEV-004342;DEV-004343,New York,64.59,1207,75
2635,DEV-004344,San Francisco,132.68,1121,47
2636,DEV-004345,Houston,210.4,1382,33
2637,DEV-004346,Boston,31.83,777,46
2638,DEV-004347,Seattle,19.07,441,25
2639,DEV-004348;DEV-004349;DEV-004350,Chicago,111.37,347,8
2640,DEV-004351,New York,49.4,1293,39
2641,DEV-004352,San Francisco,17.07,497,29
2642,DEV-004353,San Francisco,109.5,516,19
2643,DEV-004354;DEV-004355,San Francisco,13.3,1362,50
2644,DEV-004356;DEV-004357,Austin,24.14,1266,51
2645,DEV-004358;DEV-004359;DEV-004360,Miami,154.19,1472,37
2646,DEV-004361;DEV-004362,New York,54.07,1984,155
2647,DEV-004363;DEV-004364,Boston,92.09,1497,95
2648,DEV-004365;DEV-004366;DEV-004367,New York,138.94,1120,87
2649,DEV-004368;DEV-004369,Houston,78.87,138,9
2650,DEV-004370,Boston,151.34,883,32
2651,DEV-004371;DEV-004372,Austin,24.55,1109,83
2652,DEV-004373,Los Angeles,112.98,280,22
2653,DEV-004374;DEV-004375,San Francisco,93.47,672,31
2654,DEV-004376,New York,91.86,965,65
2655,DEV-004377,Los Angeles,140.99,1221,40
2656,DEV-004378,New York,93.35,1779,108
2657,DEV-004379;DEV-004380,Houston,124.52,579,26
2658,DEV-004381,San Francisco,119.94,1303,77
2659,DEV-004382;DEV-004383,Boston,45.45,1439,52
2660,DEV-004384;DEV-004385;DEV-004386,Boston,13.56,1796,54
2661,DEV-004387;DEV-004388;DEV-004389,Chicago,54.02,1101,83
2662,DEV-004390,Austin,19.23,917,29
2663,DEV-004391,San Francisco,65.86,1111,63
2664,DEV-004392;DEV-004393,Miami,96.49,1182,65
2665,DEV-004394;DEV-004395;DEV-004396,Seattle,38.44,1072,22
2666,DEV-004397;DEV-004398,Miami,41.76,408,26
2667,DEV-004399;DEV-004400,Los Angeles,125.68,802,43
2668,DEV-004401,Austin,202.45,1285,41
2669,DEV-004402,Boston,13.91,140,3
2670,DEV-004403;DEV-004404,Houston,100.22,667,31
2671,DEV-004405;DEV-004406;DEV-004407,Houston,75.3,602,47
2672,DEV-004408;DEV-004409,New York,132.66,1649,50
2673,DEV-004410;DEV-004411,Houston,34.51,619,35
2674,DEV-004412,Chicago,13.98,658,19
2675,DEV-004413,Miami,132.46,1181,36
2676,DEV-004414,San Francisco,147.37,1136,29
2677,DEV-004415;DEV-004416;DEV-004417,Miami,22.4,1083,80
2678,DEV-004418;DEV-004419,Los Angeles,183.97,346,14
2679,DEV-004420;DEV-004421,Houston,34.25,198,14
2680,DEV-004422,Los Angeles,188.53,798,35
2681,DEV-004423;DEV-004424,Seattle,78.3,1528,119
2682,DEV-004425;DEV-004426;DEV-004427,San Francisco,207.39,164,8
2683,DEV-004428,Seattle,122.48,1129,35
2684,DEV-004429;DEV-004430,Houston,142.65,928,27
2685,DEV-004431;DEV-004432,Miami,20.02,969,70
2686,DEV-004433;DEV-004434,Miami,153.58,260,9
2687,DEV-004435;DEV-004436;DEV-004437,Austin,58.45,1290,79
2688,DEV-004438,Boston,86.21,1170,51
2689,DEV-004439;DEV-004440,Los Angeles,214.82,69,2
2690,DEV-004441,San Francisco,34.38,294,16
2691,DEV-004442,Miami,86.44,498,12
2692,DEV-004443;DEV-004444;DEV-004445,San Francisco,13.45,758,54
2693,DEV-004446,Los Angeles,16.21,269,17
2694,DEV-004447,Los Angeles,128.61,593,41
2695,DEV-004448;DEV-004449,Boston,160.5,635,50
2696,DEV-004450,Chicago,27.09,50,3
2697,DEV-004451;DEV-004452,Austin,19.16,457,18
2698,DEV-004453,Houston,53.0,1870,48
2699,DEV-004454,Boston,58.12,1013,46
2700,DEV-004455;DEV-004456;DEV-004457,Chicago,68.98,1391,84
2701,DEV-004458;DEV-004459,Chicago,12.86,1029,28
2702,DEV-004460,New York,16.81,1908,95
2703,DEV-004461,Miami,22.71,1013,71
2704,DEV-004462,Boston,113.87,473,24
2705,DEV-004463;DEV-004464,Seattle,35.48,639,14
2706,DEV-004465,Los Angeles,36.92,983,68
2707,DEV-004466,San Francisco,232.03,586,41
2708,DEV-004467;DEV-004468,Seattle,124.09,340,8
2709,DEV-004469;DEV-004470,Austin,41.62,1143,88
2710,DEV-004471,Houston,12.71,897,61
2711,DEV-004472,Los Angeles,89.69,1506,57
2712,DEV-004473,Houston,27.3,1551,80
2713,DEV-004474,Boston,16.92,416,17
2714,DEV-004475;DEV-004476,Houston,57.33,1245,76
2715,DEV-004477,Boston,85.77,540,11
2716,DEV-004478;DEV-004479,New York,31.23,1456,36
2717,DEV-004480,Boston,19.24,334,9
2718,DEV-004481,Austin,114.79,1267,48
2719,DEV-004482;DEV-004483;DEV-004484,Miami,196.08,694,24
2720,DEV-004485,Houston,18.86,692,24
2721,DEV-004486,Los Angeles,14.61,435,12
2722,DEV-004487,Austin,93.1,994,68
2723,DEV-004488,Miami,40.39,56,3
2724,DEV-004489,Miami,96.83,1356,55
2725,DEV-004490,Houston,54.45,112,6
2726,DEV-004491,Los Angeles,24.69,1706,51
2727,DEV-004492,Houston,187.47,330,8
2728,DEV-004493;DEV-004494,Miami,17.33,862,62
2729,DEV-004495,Boston,112.43,1511,64
2730,DEV-004496,Austin,26.43,1301,94
2731,DEV-004497,Boston,215.0,385,28
2732,DEV-004498,Miami,28.92,592,12
2733,DEV-004499;DEV-004500,Seattle,158.36,1627,119
2734,DEV-004501,Miami,177.74,1841,94
2735,DEV-004502;DEV-004503;DEV-004504,Seattle,38.31,1975,74
2736,DEV-004505,Boston,30.7,63,5
2737,DEV-004506,Boston,13.82,1049,40
2738,DEV-004507,Los Angeles,238.4,437,23
2739,DEV-004508;DEV-004509,Austin,57.95,572,42
2740,DEV-004510,Boston,53.25,863,25
2741,DEV-004511,Chicago,176.22,526,37
2742,DEV-004512;DEV-004513,Miami,20.19,328,13
2743,DEV-004514,Miami,124.12,1574,44
2744,DEV-004515;DEV-004516;DEV-004517,Chicago,18.99,1053,39
2745,DEV-004518;DEV-004519,Chicago,42.71,1952,143
2746,DEV-004520,San Francisco,112.59,317,17
2747,DEV-004521,San Francisco,70.88,1971,63
2748,DEV-004522;DEV-004523,Houston,40.08,308,9
2749,DEV-004524,Los Angeles,20.65,896,64
2750,DEV-004525;DEV-004526,Houston,206.93,1794,58
2751,DEV-004527,Boston,37.45,1990,61
2752,DEV-004528;DEV-004529;DEV-004530,Los Angeles,39.53,282,15
2753,DEV-004531,Seattle,24.92,1926,86
2754,DEV-004532;DEV-004533,Houston,18.65,699,35
2755,DEV-004534,Seattle,26.58,107,5
2756,DEV-004535;DEV-004536;DEV-004537,Austin,16.68,1953,64
2757,DEV-004538;DEV-004539,Houston,125.6,1311,66
2758,DEV-004540;DEV-004541,Seattle,14.16,1647,66
2759,DEV-004542;DEV-004543;DEV-004544,Seattle,170.07,159,5
2760,DEV-004545,Austin,15.75,1221,62
2761,DEV-004546;DEV-004547,Austin,33.81,856,53
2762,DEV-004548;DEV-004549,Chicago,22.02,1780,48
2763,DEV-004550,San Francisco,156.76,1428,31
2764,DEV-004551,Miami,21.66,1071,84
2765,DEV-004552,Austin,32.49,1671,119
2766,DEV-004553;DEV-004554,Miami,219.01,1287,61
2767,DEV-004555,Chicago,32.17,1227,27
2768,DEV-004556,New York,20.52,1379,52
2769,DEV-004557;DEV-004558;DEV-004559,Boston,33.65,799,26
2770,DEV-004560,Los Angeles,47.37,677,14
2771,DEV-004561,Chicago,16.84,1000,34
2772,DEV-004562;DEV-004563,Los Angeles,14.81,1564,42
2773,DEV-004564,Chicago,82.65,1715,89
2774,DEV-004565;DEV-004566,Chicago,153.88,1849,106
2775,DEV-004567,Los Angeles,41.51,1792,86
2776,DEV-004568,Los Angeles,178.06,770,26
2777,DEV-004569;DEV-004570,Chicago,33.19,749,42
2778,DEV-004571,Seattle,73.03,1451,51
2779,DEV-004572;DEV-004573,Miami,100.65,121,7
2780,DEV-004574;DEV-004575,Houston,106.34,1961,134
2781,DEV-004576;DEV-004577;DEV-004578,Houston,193.0,1904,113
2782,DEV-004579;DEV-004580;DEV-004581,New York,52.61,1369,47
2783,DEV-004582,Chicago,143.85,1892,131
2784,DEV-004583,New York,101.99,1893,57
2785,DEV-004584,Houston,18.34,574,35
2786,DEV-004585;DEV-004586,Houston,15.92,1543,54
2787,DEV-004587;DEV-004588;DEV-004589,Los Angeles,28.62,433,31
2788,DEV-004590;DEV-004591;DEV-004592,Chicago,218.05,700,51
2789,DEV-004593;DEV-004594,Miami,186.7,835,46
2790,DEV-004595;DEV-004596,Chicago,58.56,1107,73
2791,DEV-004597,San Francisco,26.68,1799,69
2792,DEV-004598,New York,38.43,476,30
2793,DEV-004599;DEV-004600,Los Angeles,218.88,1298,28
2794,DEV-004601,Houston,124.14,693,51
2795,DEV-004602,Chicago,16.58,1051,68
2796,DEV-004603;DEV-004604,San Francisco,106.62,1389,104
2797,DEV-004605;DEV-004606;DEV-004607,Miami,120.05,999,78
2798,DEV-004608,San Francisco,184.62,39,3
2799,DEV-004609;DEV-004610,Seattle,153.69,836,36
2800,DEV-004611,Chicago,34.69,1573,61
2801,DEV-004612,Seattle,17.34,777,62
2802,DEV-004613,Chicago,167.42,862,59
2803,DEV-004614,Boston,41.33,1651,87
2804,DEV-004615,Chicago,13.23,1906,81
2805,DEV-004616;DEV-004617,Los Angeles,32.22,1253,38
2806,DEV-004618;DEV-004619,Austin,31.17,1563,120
2807,DEV-004620;DEV-004621,Seattle,18.72,760,48
2808,DEV-004622,San Francisco,15.47,255,7
2809,DEV-004623;DEV-004624,Miami,181.2,1600,117
2810,DEV-004625,Houston,19.86,1545,40
2811,DEV-004626,New York,101.32,1110,70
2812,DEV-004627;DEV-004628,San Francisco,185.78,892,21
2813,DEV-004629,Austin,223.23,1976,154
2814,DEV-004630,New York,44.92,1666,129
2815,DEV-004631;DEV-004632,San Francisco,33.21,1928,122
2816,DEV-004633;DEV-004634;DEV-004635,Austin,54.27,54,4
2817,DEV-004636;DEV-004637,Houston,24.66,1370,103
2818,DEV-004638,Miami,118.91,686,28
2819,DEV-004639;DEV-004640,San Francisco,74.53,761,34
2820,DEV-004641,New York,12.74,719,19
2821,DEV-004642,Los Angeles,53.69,588,34
2822,DEV-004643,Los Angeles,23.78,1744,64
2823,DEV-004644,Austin,36.75,1917,64
2824,DEV-004645,Boston,44.62,1132,51
2825,DEV-004646;DEV-004647,Seattle,13.21,656,26
2826,DEV-004648,Seattle,29.5,1274,49
2827,DEV-004649;DEV-004650;DEV-004651,Houston,43.03,490,29
2828,DEV-004652,Seattle,163.0,1166,35
2829,DEV-004653;DEV-004654,Austin,23.49,1669,69
2830,DEV-004655;DEV-004656,Los Angeles,27.8,1084,26
2831,DEV-004657;DEV-004658;DEV-004659,Austin,89.31,1486,33
2832,DEV-004660;DEV-004661;DEV-004662,San Francisco,59.28,1332,27
2833,DEV-004663;DEV-004664,Houston,20.99,253,15
2834,DEV-004665,Houston,21.9,1211,26
2835,DEV-004666,New York,163.65,101,6
2836,DEV-004667,Houston,26.14,1519,58
2837,DEV-004668;DEV-004669;DEV-004670,Miami,120.99,379,23
2838,DEV-004671;DEV-004672,Austin,68.63,238,11
2839,DEV-004673,Los Angeles,16.31,1982,77
2840,DEV-004674,Los Angeles,63.19,1439,91
2841,DEV-004675;DEV-004676;DEV-004677,Chicago,32.81,101,6
2842,DEV-004678;DEV-004679,Chicago,92.71,1110,29
2843,DEV-004680,San Francisco,29.69,1326,85
2844,DEV-004681;DEV-004682;DEV-004683,Boston,15.21,1464,49
2845,DEV-004684;DEV-004685;DEV-004686,New York,37.57,708,29
2846,DEV-004687,San Francisco,34.6,1215,60
2847,DEV-004688;DEV-004689,Los Angeles,151.69,323,14
2848,DEV-004690;DEV-004691,Seattle,26.81,627,39
2849,DEV-004692,Houston,23.08,761,30
2850,DEV-004693;DEV-004694;DEV-004695,Los Angeles,14.44,791,56
2851,DEV-004696;DEV-004697,Boston,51.78,354,13
2852,DEV-004698,Boston,21.58,885,47
2853,DEV-004699,Houston,31.04,1443,91
2854,DEV-004700;DEV-004701,Chicago,102.26,677,52
2855,DEV-004702,Miami,16.51,1784,63
2856,DEV-004703,Miami,34.3,1236,62
2857,DEV-004704;DEV-004705,Boston,38.24,335,8
2858,DEV-004706,Chicago,18.12,118,3
2859,DEV-004707,Los Angeles,130.21,205,9
2860,DEV-004708;DEV-004709,Austin,19.1,75,6
2861,DEV-004710,New York,164.5,906,46
2862,DEV-004711;DEV-004712,Austin,14.17,1411,78
2863,DEV-004713,San Francisco,88.09,1004,48
2864,DEV-004714,Los Angeles,16.74,1042,48
2865,DEV-004715;DEV-004716,Los Angeles,13.38,278,15
2866,DEV-004717,San Francisco,185.08,127,4
2867,DEV-004718,Boston,34.21,1702,82
2868,DEV-004719,Los Angeles,18.88,537,25
2869,DEV-004720;DEV-004721,Seattle,80.16,729,30
2870,DEV-004722,Austin,237.51,769,46
2871,DEV-004723,Boston,140.88,936,54
2872,DEV-004724;DEV-004725;DEV-004726,Miami,224.18,638,40
2873,DEV-004727;DEV-004728,Austin,48.81,242,15
2874,DEV-004729;DEV-004730,San Francisco,13.67,1251,39
2875,DEV-004731,Seattle,40.08,814,64
2876,DEV-004732;DEV-004733,Houston,25.52,940,68
2877,DEV-004734,Chicago,71.93,217,10
2878,DEV-004735;DEV-004736,Seattle,185.83,1686,70
2879,DEV-004737;DEV-004738,Miami,188.19,716,22
2880,DEV-004739;DEV-004740,San Francisco,16.92,1272,88
2881,DEV-004741;DEV-004742,Los Angeles,24.8,1593,85
2882,DEV-004743;DEV-004744,Miami,152.63,371,27
2883,DEV-004745;DEV-004746,Los Angeles,36.4,1206,71
2884,DEV-004747,Miami,199.42,1128,55
2885,DEV-004748;DEV-004749,Chicago,106.14,1227,39
2886,DEV-004750,Miami,65.04,1378,89
2887,DEV-004751,Boston,77.31,1432,99
2888,DEV-004752;DEV-004753,Boston,117.96,726,41
2889,DEV-004754;DEV-004755,San Francisco,63.41,541,43
2890,DEV-004756;DEV-004757,Houston,94.15,959,56
2891,DEV-004758,Houston,180.57,1009,42
2892,DEV-004759,Los Angeles,13.73,232,8
2893,DEV-004760,Seattle,12.91,1626,117
2894,DEV-004761,Houston,163.52,699,36
2895,DEV-004762,New York,12.45,806,23
2896,DEV-004763;DEV-004764,Austin,72.04,77,4
2897,DEV-004765,Miami,43.08,450,32
2898,DEV-004766;DEV-004767,San Francisco,185.11,1201,90
2899,DEV-004768,Los Angeles,17.24,1004,60
2900,DEV-004769,Chicago,31.86,1401,75
2901,DEV-004770,San Francisco,164.9,643,37
2902,DEV-004771,Seattle,46.41,136,6
2903,DEV-004772;DEV-004773,Miami,215.98,562,42
2904,DEV-004774,Boston,96.47,534,30
2905,DEV-004775,San Francisco,13.15,590,15
2906,DEV-004776;DEV-004777;DEV-004778,Los Angeles,229.72,408,31
2907,DEV-004779;DEV-004780,New York,23.42,1831,81
2908,DEV-004781,Los Angeles,15.47,1715,76
2909,DEV-004782;DEV-004783,Seattle,157.69,400,24
2910,DEV-004784,New York,198.95,1142,45
2911,DEV-004785,Austin,218.43,798,43
2912,DEV-004786,New York,169.81,964,59
2913,DEV-004787;DEV-004788;DEV-004789,Boston,162.17,1504,108
2914,DEV-004790;DEV-004791,Miami,41.83,843,65
2915,DEV-004792;DEV-004793,Houston,65.07,1761,63
2916,DEV-004794;DEV-004795;DEV-004796,Los Angeles,40.99,659,13
2917,DEV-004797;DEV-004798,Miami,127.87,727,31
2918,DEV-004799;DEV-004800,San Francisco,182.87,63,2
2919,DEV-004801,Boston,99.21,676,14
2920,DEV-004802,Boston,19.86,1869,139
2921,DEV-004803,San Francisco,53.41,868,17
2922,DEV-004804,Houston,209.98,776,38
2923,DEV-004805,San Francisco,87.89,118,4
2924,DEV-004806,Boston,63.99,1013,51
2925,DEV-004807;DEV-004808;DEV-004809,Boston,28.89,943,57
2926,DEV-004810,New York,67.76,1904,141
2927,DEV-004811;DEV-004812,Austin,14.56,505,25
2928,DEV-004813;DEV-004814,Los Angeles,87.72,1554,48
2929,DEV-004815;DEV-004816,Chicago,34.35,990,62
2930,DEV-004817,Los Angeles,51.41,770,38
2931,DEV-004818,Houston,20.69,1734,125
2932,DEV-004819,Miami,47.98,762,35
2933,DEV-004820;DEV-004821,Los Angeles,23.37,340,20
2934,DEV-004822,Miami,21.4,741,24
2935,DEV-004823;DEV-004824,Boston,155.31,1639,94
2936,DEV-004825,Austin,124.5,1217,72
2937,DEV-004826;DEV-004827,Houston,77.4,155,9
2938,DEV-004828,Boston,16.46,611,30
2939,DEV-004829,Los Angeles,24.8,1047,64
2940,DEV-004830;DEV-004831,Houston,35.7,1671,59
2941,DEV-004832;DEV-004833;DEV-004834,Seattle,197.12,1525,39
2942,DEV-004835,Houston,28.19,1107,50
2943,DEV-004836,Seattle,70.94,609,37
2944,DEV-004837;DEV-004838,San Francisco,14.75,1106,60
2945,DEV-004839,Boston,18.26,837,23
2946,DEV-004840,San Francisco,19.09,1934,147
2947,DEV-004841,Los Angeles,62.23,1763,46
2948,DEV-004842,New York,33.41,1368,63
2949,DEV-004843;DEV-004844;DEV-004845,Boston,39.81,65,3
2950,DEV-004846;DEV-004847,San Francisco,196.42,551,20
2951,DEV-004848;DEV-004849,New York,18.44,447,19
2952,DEV-004850,Chicago,45.18,1127,38
2953,DEV-004851;DEV-004852,Austin,193.27,733,46
2954,DEV-004853;DEV-004854,New York,114.86,1588,42
2955,DEV-004855;DEV-004856,Houston,23.63,126,6
2956,DEV-004857;DEV-004858;DEV-004859,Houston,27.48,1749,84
2957,DEV-004860,Austin,64.06,1648,124
2958,DEV-004861,New York,20.21,944,54
2959,DEV-004862,Austin,85.15,80,3
2960,DEV-004863,Los Angeles,15.36,1501,92
2961,DEV-004864,Miami,20.34,1583,122
2962,DEV-004865;DEV-004866;DEV-004867,Los Angeles,81.76,484,10
2963,DEV-004868,Seattle,41.35,1371,94
2964,DEV-004869,Seattle,15.39,968,56
2965,DEV-004870,New York,176.31,605,15
2966,DEV-004871,Houston,44.98,347,17
2967,DEV-004872,Austin,14.98,1580,95
2968,DEV-004873;DEV-004874;DEV-004875,New York,214.23,1546,39
2969,DEV-004876,Miami,103.6,319,17
2970,DEV-004877;DEV-004878,San Francisco,92.04,533,17
2971,DEV-004879,Los Angeles,127.29,151,9
2972,DEV-004880;DEV-004881,Houston,71.46,636,22
2973,DEV-004882,Boston,29.6,1951,101
2974,DEV-004883,San Francisco,190.68,275,18
2975,DEV-004884,Houston,173.41,1803,42
2976,DEV-004885,Seattle,194.68,1036,75
2977,DEV-004886,Seattle,31.31,750,50
2978,DEV-004887;DEV-004888,San Francisco,25.44,959,75
2979,DEV-004889;DEV-004890,Miami,28.95,248,18
2980,DEV-004891;DEV-004892,Seattle,20.46,386,25
2981,DEV-004893,Miami,16.54,66,1
2982,DEV-004894,Seattle,217.79,360,28
2983,DEV-004895;DEV-004896,San Francisco,29.52,897,52
2984,DEV-004897;DEV-004898,Seattle,119.66,1532,71
2985,DEV-004899;DEV-004900,Los Angeles,15.79,731,45
2986,DEV-004901;DEV-004902,Boston,12.43,1080,47
2987,DEV-004903,New York,51.68,1716,88
2988,DEV-004904;DEV-004905,Boston,17.34,1331,79
2989,DEV-004906,Los Angeles,33.11,557,16
2990,DEV-004907,Houston,23.05,90,4
2991,DEV-004908;DEV-004909;DEV-004910,Seattle,35.2,1799,127
2992,DEV-004911,Austin,38.44,1127,59
2993,DEV-004912,Austin,44.69,1058,29
2994,DEV-004913;DEV-004914,San Francisco,29.24,1397,106
2995,DEV-004915,Houston,15.13,1748,52
2996,DEV-004916,New York,154.74,1179,34
2997,DEV-004917,Chicago,47.3,429,29
2998,DEV-004918;DEV-004919,New York,74.91,909,37
2999,DEV-004920;DEV-004921,Miami,14.36,681,20
3000,DEV-004922,Chicago,122.23,74,3
3001,DEV-004923,Houston,190.3,1689,88
3002,DEV-004924,Boston,87.18,1762,91
3003,DEV-004925;DEV-004926;DEV-004927,San Francisco,22.68,508,10
3004,DEV-004928,Houston,56.52,1983,82
3005,DEV-004929,Seattle,20.67,734,35
3006,DEV-004930,Houston,26.68,266,12
3007,DEV-004931,Seattle,17.75,1823,123
3008,DEV-004932,Houston,22.38,1263,51
3009,DEV-004933,New York,177.14,639,29
3010,DEV-004934;DEV-004935,San Francisco,74.37,340,11
3011,DEV-004936,Los Angeles,62.44,60,4
3012,DEV-004937,San Francisco,116.74,1834,68
3013,DEV-004938,New York,43.41,652,17
3014,DEV-004939;DEV-004940,Austin,79.52,781,48
3015,DEV-004941,Austin,19.11,939,23
3016,DEV-004942;DEV-004943,Miami,63.68,1575,39
3017,DEV-004944;DEV-004945,Houston,132.79,1059,83
3018,DEV-004946,San Francisco,71.01,1748,104
3019,DEV-004947;DEV-004948,San Francisco,117.26,736,18
3020,DEV-004949;DEV-004950,Miami,16.29,923,32
3021,DEV-004951,Los Angeles,229.72,625,50
3022,DEV-004952;DEV-004953;DEV-004954,New York,25.25,848,36
3023,DEV-004955,Austin,15.18,597,31
3024,DEV-004956,Chicago,147.84,1515,97
3025,DEV-004957,Chicago,21.63,1630,108
3026,DEV-004958,Los Angeles,33.44,1846,70
3027,DEV-004959,Austin,123.27,1479,94
3028,DEV-004960,Miami,24.48,867,27
3029,DEV-004961,Houston,111.49,901,70
3030,DEV-004962,San Francisco,71.68,1721,58
3031,DEV-004963,Miami,124.98,1355,102
3032,DEV-004964;DEV-004965,Chicago,59.91,1626,82
3033,DEV-004966;DEV-004967,Chicago,15.62,829,63
3034,DEV-004968;DEV-004969;DEV-004970,New York,14.7,464,22
3035,DEV-004971,Austin,204.76,1902,116
3036,DEV-004972;DEV-004973,San Francisco,93.86,252,16
3037,DEV-004974,New York,97.3,1007,44
3038,DEV-004975;DEV-004976,Los Angeles,34.52,277,13
3039,DEV-004977,New York,142.22,561,18
3040,DEV-004978;DEV-004979,Los Angeles,12.54,1653,75
3041,DEV-004980;DEV-004981;DEV-004982,Miami,13.62,1505,113
3042,DEV-004983;DEV-004984;DEV-004985,Austin,42.95,1014,30
3043,DEV-004986,Miami,31.65,1406,44
3044,DEV-004987,Austin,108.49,772,21
3045,DEV-004988;DEV-004989,Chicago,27.02,745,40
3046,DEV-004990,Los Angeles,58.95,1915,97
3047,DEV-004991,Austin,89.23,75,2
3048,DEV-004992;DEV-004993,Los Angeles,24.48,401,22
3049,DEV-004994;DEV-004995,Boston,65.78,1197,95
3050,DEV-004996,Houston,40.06,1282,33
3051,DEV-004997,New York,229.96,1936,51
3052,DEV-004998;DEV-004999;DEV-005000,New York,207.54,379,16
3053,DEV-005001;DEV-005002;DEV-005003,San Francisco,113.62,1810,140
3054,DEV-005004,Miami,176.53,1423,32
3055,DEV-005005,Chicago,42.76,1396,105
3056,DEV-005006;DEV-005007;DEV-005008,Chicago,46.77,239,13
3057,DEV-005009,San Francisco,63.58,91,4
3058,DEV-005010,San Francisco,213.16,507,27
3059,DEV-005011,Austin,132.12,587,31
3060,DEV-005012,Boston,22.82,1170,41
3061,DEV-005013,Chicago,80.31,30,2
3062,DEV-005014;DEV-005015,Seattle,66.69,1260,28
3063,DEV-005016,Seattle,105.09,1416,28
3064,DEV-005017,Austin,14.16,1374,67
3065,DEV-005018,Los Angeles,19.09,1813,128
3066,DEV-005019;DEV-005020,New York,58.74,1882,98
3067,DEV-005021;DEV-005022;DEV-005023,Austin,27.93,1702,81
3068,DEV-005024,Houston,41.12,1691,123
3069,DEV-005025,Houston,132.96,1025,23
3070,DEV-005026;DEV-005027,Chicago,84.46,562,22
3071,DEV-005028;DEV-005029,Seattle,15.36,1414,60
3072,DEV-005030;DEV-005031;DEV-005032,Los Angeles,18.56,1967,139
3073,DEV-005033,Houston,119.84,1319,66
3074,DEV-005034,Austin,21.9,376,23
3075,DEV-005035;DEV-005036;DEV-005037,Houston,26.07,381,13
3076,DEV-005038,Los Angeles,17.31,1887,83
3077,DEV-005039;DEV-005040;DEV-005041,Austin,103.14,1598,88
3078,DEV-005042;DEV-005043,Austin,213.4,1316,92
3079,DEV-005044;DEV-005045,Boston,89.04,454,26
3080,DEV-005046,New York,217.37,1586,117
3081,DEV-005047;DEV-005048,Houston,43.55,994,37
3082,DEV-005049,Miami,21.64,334,13
3083,DEV-005050;DEV-005051,Seattle,14.29,1037,58
3084,DEV-005052,Houston,189.55,1521,77
3085,DEV-005053,Boston,76.87,49,2
3086,DEV-005054;DEV-005055,New York,118.37,1348,38
3087,DEV-005056;DEV-005057,Los Angeles,27.27,592,23
3088,DEV-005058;DEV-005059;DEV-005060,Miami,75.58,1070,32
3089,DEV-005061,Seattle,81.46,1674,53
3090,DEV-005062,Miami,14.33,375,10
3091,DEV-005063,Austin,204.99,1501,110
3092,DEV-005064,Boston,36.02,170,12
3093,DEV-005065,Seattle,42.74,477,25
3094,DEV-005066,San Francisco,15.72,816,60
3095,DEV-005067;DEV-005068;DEV-005069,Houston,69.04,1333,68
3096,DEV-005070,Houston,133.72,362,10
3097,DEV-005071;DEV-005072,Austin,125.37,984,77
3098,DEV-005073;DEV-005074;DEV-005075,Miami,154.01,535,22
3099,DEV-005076;DEV-005077,San Francisco,17.42,235,6
3100,DEV-005078,Houston,82.81,1819,68
3101,DEV-005079,Houston,190.02,870,23
3102,DEV-005080;DEV-005081,Houston,32.04,1034,71
3103,DEV-005082;DEV-005083;DEV-005084,Houston,57.17,824,23
3104,DEV-005085;DEV-005086;DEV-005087,San Francisco,18.3,946,51
3105,DEV-005088;DEV-005089,Seattle,47.84,336,12
3106,DEV-005090;DEV-005091,New York,182.61,724,56
3107,DEV-005092;DEV-005093,Austin,54.62,458,36
3108,DEV-005094,Chicago,14.88,1925,100
3109,DEV-005095;DEV-005096,Boston,77.9,1771,104
3110,DEV-005097;DEV-005098,Seattle,112.47,1328,47
3111,DEV-005099;DEV-005100;DEV-005101,Seattle,146.38,1819,70
3112,DEV-005102,Miami,20.81,1647,72
3113,DEV-005103;DEV-005104,Miami,17.4,116,4
3114,DEV-005105;DEV-005106;DEV-005107,New York,31.17,1106,35
3115,DEV-005108;DEV-005109;DEV-005110,Seattle,36.33,832,27
3116,DEV-005111,Seattle,12.9,613,30
3117,DEV-005112;DEV-005113,Boston,153.32,1696,128
3118,DEV-005114,Houston,123.06,1162,68
3119,DEV-005115,Chicago,73.93,149,4
3120,DEV-005116,Los Angeles,220.94,1726,83
3121,DEV-005117;DEV-005118,Boston,17.84,206,5
3122,DEV-005119,Chicago,56.41,1146,74
3123,DEV-005120;DEV-005121,Miami,47.01,1246,54
3124,DEV-005122,Los Angeles,109.39,563,13
3125,DEV-005123;DEV-005124;DEV-005125,San Francisco,27.1,771,58
3126,DEV-005126,Boston,21.84,135,4
3127,DEV-005127;DEV-005128;DEV-005129,Austin,107.25,787,35
3128,DEV-005130;DEV-005131;DEV-005132,New York,34.21,650,43
3129,DEV-005133,Los Angeles,28.03,641,42
3130,DEV-005134;DEV-005135,Miami,13.23,995,47
3131,DEV-005136,Austin,195.99,1750,61
3132,DEV-005137;DEV-005138,Austin,20.63,323,8
3133,DEV-005139;DEV-005140;DEV-005141,San Francisco,22.98,76,3
3134,DEV-005142,Austin,195.09,531,21
3135,DEV-005143;DEV-005144;DEV-005145,Austin,12.35,1653,114
3136,DEV-005146,Austin,56.28,421,20
3137,DEV-005147,New York,13.0,1068,36
3138,DEV-005148;DEV-005149,Chicago,98.56,564,41
3139,DEV-005150;DEV-005151,Miami,15.23,1734,96
3140,DEV-005152;DEV-005153,Miami,14.22,1035,64
3141,DEV-005154,Chicago,22.33,1203,35
3142,DEV-005155;DEV-005156;DEV-005157,Houston,18.87,344,19
3143,DEV-005158;DEV-005159,Los Angeles,24.49,150,9
3144,DEV-005160,New York,176.22,1149,83
3145,DEV-005161,Austin,17.49,933,44
3146,DEV-005162,Seattle,74.24,1807,76
3147,DEV-005163,Boston,76.68,1404,71
3148,DEV-005164,Los Angeles,101.78,1620,130
3149,DEV-005165,Boston,36.91,1278,87
3150,DEV-005166,Los Angeles,72.37,1316,74
3151,DEV-005167;DEV-005168,San Francisco,12.45,1419,81
3152,DEV-005169,Austin,17.5,1083,60
3153,DEV-005170,Miami,42.77,1414,41
3154,DEV-005171,Chicago,136.1,1629,117
3155,DEV-005172,San Francisco,72.62,918,73
3156,DEV-005173;DEV-005174,Boston,20.29,1233,87
3157,DEV-005175;DEV-005176,Miami,35.51,1664,39
3158,DEV-005177;DEV-005178,Houston,36.83,495,39
3159,DEV-005179;DEV-005180,Los Angeles,159.12,1811,62
3160,DEV-005181;DEV-005182;DEV-005183,New York,15.59,1035,81
3161,DEV-005184,Boston,50.06,1105,51
3162,DEV-005185,Boston,20.76,868,32
3163,DEV-005186,Boston,26.06,1639,41
3164,DEV-005187;DEV-005188,Austin,19.45,841,23
3165,DEV-005189;DEV-005190,Miami,68.38,1364,80
3166,DEV-005191,Miami,148.39,166,9
3167,DEV-005192;DEV-005193,New York,201.33,74,3
3168,DEV-005194;DEV-005195;DEV-005196,San Francisco,14.85,515,20
3169,DEV-005197;DEV-005198,San Francisco,54.38,100,7
3170,DEV-005199,Houston,70.54,1823,116
3171,DEV-005200;DEV-005201,Chicago,111.44,1306,27
3172,DEV-005202;DEV-005203;DEV-005204,Austin,66.72,1372,69
3173,DEV-005205;DEV-005206,Houston,93.42,1618,72
3174,DEV-005207;DEV-005208,Austin,35.35,1979,140
3175,DEV-005209,Boston,104.97,1459,113
3176,DEV-005210,Seattle,32.06,552,12
3177,DEV-005211,Miami,82.73,980,45
3178,DEV-005212;DEV-005213,San Francisco,119.38,71,2
3179,DEV-005214;DEV-005215,Austin,82.74,1994,118
3180,DEV-005216,San Francisco,49.82,72,2
3181,DEV-005217;DEV-005218,Miami,34.09,298,13
3182,DEV-005219,Austin,29.69,421,21
3183,DEV-005220;DEV-005221,Houston,169.17,644,39
3184,DEV-005222;DEV-005223,New York,73.33,1649,61
3185,DEV-005224,Los Angeles,36.33,340,10
3186,DEV-005225;DEV-005226,Los Angeles,80.6,741,17
3187,DEV-005227,Chicago,16.49,946,34
3188,DEV-005228,Austin,141.06,921,28
3189,DEV-005229,Boston,55.5,1184,63
3190,DEV-005230,Boston,16.6,1205,77
3191,DEV-005231;DEV-005232,New York,21.11,1960,126
3192,DEV-005233;DEV-005234;DEV-005235,Houston,20.33,1547,51
3193,DEV-005236;DEV-005237,Seattle,154.67,1437,56
3194,DEV-005238,Austin,58.59,500,10
3195,DEV-005239;DEV-005240,Houston,18.46,834,42
3196,DEV-005241;DEV-005242,Houston,24.77,551,30
3197,DEV-005243;DEV-005244,Boston,82.62,155,7
3198,DEV-005245,San Francisco,27.37,1238,68
3199,DEV-005246,Houston,173.88,770,38
3200,DEV-005247;DEV-005248,Miami,27.32,274,7
3201,DEV-005249,Boston,45.11,188,7
3202,DEV-005250,Boston,205.62,1785,110
3203,DEV-005251,Boston,99.62,1818,57
3204,DEV-005252,San Francisco,95.01,394,21
3205,DEV-005253,New York,179.05,964,38
3206,DEV-005254,Chicago,79.65,1324,59
3207,DEV-005255,Austin,142.29,442,33
3208,DEV-005256,Austin,58.86,261,17
3209,DEV-005257;DEV-005258,San Francisco,74.08,1598,36
3210,DEV-005259;DEV-005260;DEV-005261,Houston,26.37,982,42
3211,DEV-005262;DEV-005263,Los Angeles,13.4,34,3
3212,DEV-005264;DEV-005265,Los Angeles,12.25,403,19
3213,DEV-005266,Miami,151.63,217,13
3214,DEV-005267;DEV-005268;DEV-005269,Boston,119.84,878,22
3215,DEV-005270,Seattle,19.59,597,13
3216,DEV-005271;DEV-005272;DEV-005273,Miami,48.37,1299,66
3217,DEV-005274;DEV-005275;DEV-005276,Austin,179.21,1884,112
3218,DEV-005277;DEV-005278,Miami,136.47,850,48
3219,DEV-005279,Los Angeles,16.71,199,4
3220,DEV-005280;DEV-005281,Seattle,66.38,1238,90
3221,DEV-005282,Boston,22.92,640,34
3222,DEV-005283,San Francisco,188.66,148,3
3223,DEV-005284;DEV-005285;DEV-005286,Seattle,33.21,421,16
3224,DEV-005287,Chicago,52.16,726,24
3225,DEV-005288;DEV-005289;DEV-005290,Miami,45.48,1205,38
3226,DEV-005291;DEV-005292,Houston,179.43,1330,65
3227,DEV-005293;DEV-005294,San Francisco,120.28,1507,42
3228,DEV-005295;DEV-005296;DEV-005297,Boston,22.42,220,10
3229,DEV-005298,Houston,85.23,1223,61
3230,DEV-005299,Miami,193.75,203,8
3231,DEV-005300;DEV-005301,Los Angeles,47.37,1544,103
3232,DEV-005302;DEV-005303;DEV-005304,Seattle,133.49,1619,128
3233,DEV-005305;DEV-005306;DEV-005307,Houston,24.28,1186,77
3234,DEV-005308;DEV-005309;DEV-005310,Miami,189.2,1952,62
3235,DEV-005311,Los Angeles,52.49,1737,105
3236,DEV-005312;DEV-005313,Chicago,12.29,1393,110
3237,DEV-005314,Los Angeles,97.71,1368,76
3238,DEV-005315;DEV-005316,New York,17.93,536,37
3239,DEV-005317,Los Angeles,93.96,1808,84
3240,DEV-005318,Seattle,178.0,327,26
3241,DEV-005319;DEV-005320;DEV-005321,Houston,60.25,151,7
3242,DEV-005322,Austin,28.28,522,30
3243,DEV-005323;DEV-005324,Houston,169.77,812,49
3244,DEV-005325,Los Angeles,33.51,303,11
3245,DEV-005326;DEV-005327;DEV-005328,Boston,33.36,182,9
3246,DEV-005329,Boston,102.92,1575,92
3247,DEV-005330;DEV-005331;DEV-005332,Miami,28.66,1978,62
3248,DEV-005333,Boston,28.52,1039,27
3249,DEV-005334;DEV-005335,Boston,174.73,168,4
3250,DEV-005336;DEV-005337,New York,40.41,700,45
3251,DEV-005338,Houston,69.71,1695,51
3252,DEV-005339;DEV-005340,Miami,190.25,132,7
3253,DEV-005341,New York,55.95,1666,55
3254,DEV-005342;DEV-005343;DEV-005344,San Francisco,19.34,1392,43
3255,DEV-005345;DEV-005346;DEV-005347,Los Angeles,59.83,1794,115
3256,DEV-005348;DEV-005349;DEV-005350,San Francisco,197.54,357,9
3257,DEV-005351,Seattle,16.67,1148,82
3258,DEV-005352;DEV-005353;DEV-005354,Boston,23.25,1528,47
3259,DEV-005355;DEV-005356,Seattle,24.78,1105,72
3260,DEV-005357,San Francisco,26.56,374,21
3261,DEV-005358;DEV-005359,Chicago,214.57,561,23
3262,DEV-005360,Chicago,34.51,1832,128
3263,DEV-005361,New York,34.52,119,7
3264,DEV-005362;DEV-005363,Seattle,118.65,685,52
3265,DEV-005364;DEV-005365,Los Angeles,98.79,608,45
3266,DEV-005366,Boston,120.04,458,14
3267,DEV-005367;DEV-005368;DEV-005369,New York,131.87,345,14
3268,DEV-005370;DEV-005371,New York,70.23,1468,61
3269,DEV-005372;DEV-005373,Austin,91.1,1691,124
3270,DEV-005374,Miami,53.58,423,12
3271,DEV-005375,New York,76.66,1455,53
3272,DEV-005376,Miami,171.32,1480,49
3273,DEV-005377,Los Angeles,23.44,1278,40
3274,DEV-005378;DEV-005379,San Francisco,34.33,152,12
3275,DEV-005380,Chicago,207.11,1083,85
3276,DEV-005381,Seattle,135.6,1342,36
3277,DEV-005382;DEV-005383,Miami,148.65,80,3
3278,DEV-005384,San Francisco,125.73,1856,40
3279,DEV-005385,Miami,15.65,1152,63
3280,DEV-005386;DEV-005387,Los Angeles,161.06,1448,86
3281,DEV-005388,Boston,22.84,1484,54
3282,DEV-005389,Seattle,30.05,1537,36
3283,DEV-005390,Los Angeles,35.65,1137,70
3284,DEV-005391;DEV-005392,San Francisco,21.51,199,9
3285,DEV-005393,Seattle,89.95,974,29
3286,DEV-005394,Miami,17.81,1939,128
3287,DEV-005395,Austin,21.69,468,21
3288,DEV-005396;DEV-005397,Seattle,22.93,530,22
3289,DEV-005398;DEV-005399;DEV-005400,Miami,26.7,1541,118
3290,DEV-005401,Chicago,19.85,980,32
3291,DEV-005402,Los Angeles,24.01,795,19
3292,DEV-005403,Los Angeles,40.8,1688,134
3293,DEV-005404;DEV-005405,Houston,29.41,621,36
3294,DEV-005406;DEV-005407;DEV-005408,Chicago,131.48,770,35
3295,DEV-005409,San Francisco,15.06,1850,124
3296,DEV-005410,New York,48.14,614,15
3297,DEV-005411,San Francisco,33.25,619,46
3298,DEV-005412,San Francisco,20.15,42,3
3299,DEV-005413,Chicago,37.15,647,29
3300,DEV-005414;DEV-005415,Austin,43.18,940,34
3301,DEV-005416;DEV-005417;DEV-005418,Miami,205.66,683,30
3302,DEV-005419;DEV-005420,Houston,104.94,1655,82
3303,DEV-005421,Houston,35.65,1592,36
3304,DEV-005422;DEV-005423,Austin,66.66,1095,54
3305,DEV-005424;DEV-005425,Boston,124.46,229,14
3306,DEV-005426,New York,225.36,213,7
3307,DEV-005427,San Francisco,61.14,1812,37
3308,DEV-005428,New York,101.31,841,26
3309,DEV-005429,Seattle,49.79,102,6
3310,DEV-005430,San Francisco,27.13,1667,133
3311,DEV-005431;DEV-005432,Seattle,24.35,388,28
3312,DEV-005433,Los Angeles,128.24,1925,106
3313,DEV-005434;DEV-005435,New York,92.16,1204,36
3314,DEV-005436,Seattle,37.85,1673,48
3315,DEV-005437;DEV-005438,San Francisco,14.44,1892,128
3316,DEV-005439;DEV-005440,Seattle,123.5,1594,122
3317,DEV-005441;DEV-005442,Los Angeles,46.15,255,13
3318,DEV-005443,Chicago,61.29,257,11
3319,DEV-005444;DEV-005445,Los Angeles,191.23,1245,60
3320,DEV-005446,Austin,16.83,862,66
3321,DEV-005447;DEV-005448,Los Angeles,84.16,1925,54
3322,DEV-005449;DEV-005450;DEV-005451,New York,15.99,987,51
3323,DEV-005452;DEV-005453,Austin,32.94,1057,41
3324,DEV-005454;DEV-005455,Miami,122.46,957,72
3325,DEV-005456;DEV-005457;DEV-005458,San Francisco,208.02,1476,32
3326,DEV-005459;DEV-005460;DEV-005461,San Francisco,14.5,1327,100
3327,DEV-005462;DEV-005463;DEV-005464,Austin,56.91,973,41
3328,DEV-005465,Miami,114.94,350,11
3329,DEV-005466;DEV-005467,Houston,17.24,1632,34
3330,DEV-005468,Seattle,62.06,528,37
3331,DEV-005469;DEV-005470,New York,26.89,1447,89
3332,DEV-005471;DEV-005472;DEV-005473,Los Angeles,237.13,1324,96
3333,DEV-005474,New York,158.2,245,8
3334,DEV-005475;DEV-005476,San Francisco,20.67,372,20
3335,DEV-005477,New York,37.44,1720,40
3336,DEV-005478,Austin,21.47,241,16
3337,DEV-005479,New York,46.95,1474,44
3338,DEV-005480;DEV-005481,Chicago,16.22,575,33
3339,DEV-005482,Chicago,201.53,603,16
3340,DEV-005483,Chicago,18.84,1998,82
3341,DEV-005484,Austin,202.64,1067,80
3342,DEV-005485,Houston,53.18,1973,57
3343,DEV-005486;DEV-005487,New York,130.43,201,14
3344,DEV-005488,Austin,49.97,1799,45
3345,DEV-005489,Los Angeles,75.31,789,19
3346,DEV-005490;DEV-005491,Seattle,23.1,119,6
3347,DEV-005492;DEV-005493,Seattle,94.86,1852,128
3348,DEV-005494,Austin,141.24,1465,82
3349,DEV-005495,Houston,24.96,1188,48
3350,DEV-005496,San Francisco,13.3,130,6
3351,DEV-005497;DEV-005498,Houston,87.36,1672,71
3352,DEV-005499;DEV-005500,Seattle,26.63,1643,102
3353,DEV-005501,Miami,229.1,493,20
3354,DEV-005502;DEV-005503,San Francisco,72.26,1735,44
3355,DEV-005504,Miami,44.18,583,42
3356,DEV-005505;DEV-005506,Austin,22.61,79,4
3357,DEV-005507,Los Angeles,39.94,230,9
3358,DEV-005508,Los Angeles,27.1,747,21
3359,DEV-005509,Seattle,29.17,1345,99
3360,DEV-005510;DEV-005511,Miami,23.48,1692,90
3361,DEV-005512;DEV-005513,Miami,73.3,53,2
3362,DEV-005514,Los Angeles,82.98,1243,37
3363,DEV-005515;DEV-005516,Chicago,38.45,209,10
3364,DEV-005517;DEV-005518;DEV-005519,Houston,47.94,658,24
3365,DEV-005520;DEV-005521;DEV-005522,Austin,237.91,1511,32
3366,DEV-005523,Seattle,36.72,1014,36
3367,DEV-005524;DEV-005525,New York,234.13,1398,89
3368,DEV-005526,Chicago,63.87,384,11
3369,DEV-005527;DEV-005528,Boston,41.58,1273,97
3370,DEV-005529;DEV-005530,Chicago,124.36,570,34
3371,DEV-005531;DEV-005532;DEV-005533,Houston,49.67,1355,71
3372,DEV-005534;DEV-005535,Boston,61.67,936,41
3373,DEV-005536;DEV-005537,Houston,123.83,499,27
3374,DEV-005538,Chicago,112.44,804,18
3375,DEV-005539,San Francisco,46.24,949,41
3376,DEV-005540;DEV-005541;DEV-005542,San Francisco,28.8,621,15
3377,DEV-005543,Boston,73.19,886,35
3378,DEV-005544,Houston,43.45,1172,56
3379,DEV-005545;DEV-005546,Austin,113.21,1562,115
3380,DEV-005547;DEV-005548;DEV-005549,Houston,183.88,743,20
3381,DEV-005550,Houston,121.14,1300,53
3382,DEV-005551;DEV-005552,San Francisco,77.21,1580,108
3383,DEV-005553,San Francisco,33.12,531,35
3384,DEV-005554;DEV-005555,New York,24.17,718,27
3385,DEV-005556;DEV-005557;DEV-005558,Los Angeles,105.13,1329,104
3386,DEV-005559;DEV-005560;DEV-005561,New York,23.33,1959,136
3387,DEV-005562,San Francisco,77.04,917,43
3388,DEV-005563;DEV-005564,Boston,125.78,1321,53
3389,DEV-005565,Seattle,23.01,83,3
3390,DEV-005566;DEV-005567,San Francisco,12.5,672,29
3391,DEV-005568,Houston,61.69,1622,118
3392,DEV-005569;DEV-005570,Houston,153.63,1854,75
3393,DEV-005571,Chicago,189.48,1215,62
3394,DEV-005572;DEV-005573;DEV-005574,Chicago,35.17,1905,152
3395,DEV-005575,New York,30.31,1936,46
3396,DEV-005576,Austin,116.49,1956,113
3397,DEV-005577;DEV-005578,Seattle,204.43,856,30
3398,DEV-005579,Houston,195.0,308,18
3399,DEV-005580;DEV-005581;DEV-005582,Austin,166.54,1580,100
3400,DEV-005583;DEV-005584,Seattle,21.58,437,17
3401,DEV-005585;DEV-005586;DEV-005587,Houston,133.97,1995,104
3402,DEV-005588,Los Angeles,79.26,1372,108
3403,DEV-005589;DEV-005590,Los Angeles,24.33,213,15
3404,DEV-005591,New York,194.79,290,22
3405,DEV-005592;DEV-005593;DEV-005594,Seattle,163.06,562,42
3406,DEV-005595,Chicago,43.26,1921,113
3407,DEV-005596,San Francisco,151.59,234,10
3408,DEV-005597;DEV-005598,Miami,56.25,891,58
3409,DEV-005599;DEV-005600;DEV-005601,Houston,87.9,1308,68
3410,DEV-005602;DEV-005603,Chicago,32.16,385,29
3411,DEV-005604,Boston,177.28,80,3
3412,DEV-005605,Boston,207.97,1393,62
3413,DEV-005606,Austin,72.15,713,44
3414,DEV-005607;DEV-005608;DEV-005609,New York,33.74,1184,64
3415,DEV-005610,Chicago,83.43,1540,49
3416,DEV-005611;DEV-005612,Chicago,141.75,1828,146
3417,DEV-005613;DEV-005614,Seattle,238.29,161,9
3418,DEV-005615,Houston,71.59,1602,58
3419,DEV-005616;DEV-005617;DEV-005618,San Francisco,178.03,797,63
3420,DEV-005619,Chicago,92.59,453,35
3421,DEV-005620;DEV-005621;DEV-005622,Houston,39.88,1117,32
3422,DEV-005623,Boston,65.77,867,49
3423,DEV-005624,Los Angeles,63.99,352,23
3424,DEV-005625,Chicago,127.69,938,55
3425,DEV-005626,Miami,93.63,217,15
3426,DEV-005627;DEV-005628,Miami,123.55,1303,60
3427,DEV-005629,Chicago,44.7,1493,67
3428,DEV-005630;DEV-005631,Austin,20.55,1130,29
3429,DEV-005632;DEV-005633,New York,15.16,1067,57
3430,DEV-005634,Boston,83.07,1800,130
3431,DEV-005635,Chicago,19.11,268,6
3432,DEV-005636;DEV-005637,Los Angeles,192.39,1355,30
3433,DEV-005638;DEV-005639;DEV-005640,Boston,18.63,1052,66
3434,DEV-005641,San Francisco,41.23,96,3
3435,DEV-005642,New York,18.51,1120,62
3436,DEV-005643,Houston,40.03,506,36
3437,DEV-005644;DEV-005645;DEV-005646,San Francisco,147.44,711,42
3438,DEV-005647,San Francisco,13.73,66,1
3439,DEV-005648;DEV-005649;DEV-005650,New York,74.3,1397,106
3440,DEV-005651;DEV-005652,New York,123.41,540,13
3441,DEV-005653,Los Angeles,217.47,73,4
3442,DEV-005654;DEV-005655,Boston,196.17,965,52
3443,DEV-005656;DEV-005657;DEV-005658,San Francisco,29.48,1786,95
3444,DEV-005659,San Francisco,137.47,678,35
3445,DEV-005660;DEV-005661;DEV-005662,Boston,36.29,1802,51
3446,DEV-005663;DEV-005664;DEV-005665,Miami,18.73,68,3
3447,DEV-005666,Chicago,109.05,1341,57
3448,DEV-005667;DEV-005668,Los Angeles,60.81,288,20
3449,DEV-005669;DEV-005670,Austin,57.88,959,48
3450,DEV-005671,New York,12.71,1740,89
3451,DEV-005672;DEV-005673;DEV-005674,Seattle,156.76,827,19
3452,DEV-005675;DEV-005676,Chicago,37.3,754,49
3453,DEV-005677;DEV-005678,Seattle,74.1,1860,63
3454,DEV-005679,Miami,32.84,1728,87
3455,DEV-005680,San Francisco,131.54,220,6
3456,DEV-005681;DEV-005682;DEV-005683,San Francisco,103.53,1444,86
3457,DEV-005684,New York,17.18,824,66
3458,DEV-005685,Miami,188.12,138,8
3459,DEV-005686;DEV-005687,Los Angeles,24.03,926,27
3460,DEV-005688,Austin,131.12,934,32
3461,DEV-005689,Chicago,49.21,1373,69
3462,DEV-005690,Houston,52.5,793,56
3463,DEV-005691,Boston,69.8,1038,68
3464,DEV-005692;DEV-005693,Seattle,221.16,1237,90
3465,DEV-005694,Boston,92.91,576,31
3466,DEV-005695;DEV-005696,Austin,128.43,551,36
3467,DEV-005697,New York,213.26,31,2
3468,DEV-005698;DEV-005699;DEV-005700,Seattle,181.48,367,24
3469,DEV-005701,Boston,210.09,399,21
3470,DEV-005702;DEV-005703,Los Angeles,202.63,206,16
3471,DEV-005704;DEV-005705;DEV-005706,Houston,12.63,1111,31
3472,DEV-005707,Los Angeles,47.08,331,15
3473,DEV-005708,Boston,112.33,1724,120
3474,DEV-005709,Chicago,38.16,802,32
3475,DEV-005710;DEV-005711;DEV-005712,Houston,73.16,918,46
3476,DEV-005713;DEV-005714;DEV-005715,Seattle,13.16,1602,100
3477,DEV-005716,Chicago,29.71,1887,106
3478,DEV-005717,Miami,23.99,923,45
3479,DEV-005718,Austin,31.7,1101,34
3480,DEV-005719,Houston,24.68,1796,69
3481,DEV-005720;DEV-005721,Los Angeles,25.65,1705,136
3482,DEV-005722;DEV-005723,Boston,34.19,1532,95
3483,DEV-005724;DEV-005725,Chicago,48.1,1308,62
3484,DEV-005726;DEV-005727,San Francisco,13.28,1522,105
3485,DEV-005728;DEV-005729,Los Angeles,30.87,1067,80
3486,DEV-005730;DEV-005731,Los Angeles,15.2,568,17
3487,DEV-005732,Miami,112.42,1133,56
3488,DEV-005733;DEV-005734,San Francisco,44.73,1426,80
3489,DEV-005735;DEV-005736,Boston,219.02,700,48
3490,DEV-005737;DEV-005738,Austin,28.33,1105,48
3491,DEV-005739,Miami,24.22,931,57
3492,DEV-005740,Houston,19.64,1450,55
3493,DEV-005741;DEV-005742,San Francisco,22.39,1876,106
3494,DEV-005743,San Francisco,12.43,621,47
3495,DEV-005744,New York,119.09,1310,55
3496,DEV-005745;DEV-005746,Miami,62.31,172,8
3497,DEV-005747,Houston,14.37,378,17
3498,DEV-005748,Austin,80.28,809,39
3499,DEV-005749;DEV-005750,Los Angeles,167.41,389,27
3500,DEV-005751;DEV-005752,Los Angeles,28.02,1189,34
3501,DEV-005753,San Francisco,209.95,1024,47
3502,DEV-005754;DEV-005755,Austin,229.75,1597,65
3503,DEV-005756;DEV-005757,Austin,87.99,1780,71
3504,DEV-005758,Miami,35.67,165,6
3505,DEV-005759,Austin,47.78,1898,79
3506,DEV-005760;DEV-005761,Boston,14.28,1233,62
3507,DEV-005762;DEV-005763,San Francisco,38.6,163,6
3508,DEV-005764;DEV-005765;DEV-005766,Boston,97.48,146,8
3509,DEV-005767,Austin,48.32,1247,97
3510,DEV-005768,Boston,53.35,498,15
3511,DEV-005769;DEV-005770;DEV-005771,New York,40.32,1139,62
3512,DEV-005772,Seattle,17.29,1753,60
3513,DEV-005773;DEV-005774;DEV-005775,Boston,71.05,1816,107
3514,DEV-005776,Houston,173.05,773,62
3515,DEV-005777;DEV-005778;DEV-005779,Chicago,183.64,539,12
3516,DEV-005780;DEV-005781;DEV-005782,Houston,171.01,1391,71
3517,DEV-005783,Los Angeles,12.33,1927,83
3518,DEV-005784;DEV-005785;DEV-005786,Miami,97.65,1659,70
3519,DEV-005787,Miami,12.28,1143,37
3520,DEV-005788;DEV-005789;DEV-005790,Boston,50.16,503,30
3521,DEV-005791;DEV-005792,Austin,14.61,1180,27
3522,DEV-005793;DEV-005794,Austin,138.08,1052,28
3523,DEV-005795;DEV-005796,Chicago,141.17,242,12
3524,DEV-005797;DEV-005798,San Francisco,188.09,385,16
3525,DEV-005799;DEV-005800,Boston,76.04,198,10
3526,DEV-005801;DEV-005802,Los Angeles,21.03,1379,63
3527,DEV-005803;DEV-005804,Miami,185.37,984,64
3528,DEV-005805,Seattle,50.73,1395,62
3529,DEV-005806;DEV-005807,Houston,73.16,1398,105
3530,DEV-005808,Boston,90.23,1001,26
3531,DEV-005809;DEV-005810,Houston,17.32,1841,123
3532,DEV-005811;DEV-005812,Miami,78.16,1373,57
3533,DEV-005813,Los Angeles,30.21,1530,42
3534,DEV-005814;DEV-005815,Chicago,17.46,1782,123
3535,DEV-005816;DEV-005817,New York,32.07,123,7
3536,DEV-005818;DEV-005819,New York,222.66,1462,60
3537,DEV-005820,Chicago,96.09,800,21
3538,DEV-005821,Seattle,67.46,1656,58
3539,DEV-005822;DEV-005823;DEV-005824,Los Angeles,61.06,1628,119
3540,DEV-005825,San Francisco,162.9,1184,40
3541,DEV-005826,Seattle,13.8,1927,93
3542,DEV-005827,Houston,22.06,1392,83
3543,DEV-005828;DEV-005829;DEV-005830,Chicago,12.53,775,54
3544,DEV-005831,Los Angeles,36.91,117,9
3545,DEV-005832,Seattle,216.11,638,24
3546,DEV-005833;DEV-005834;DEV-005835,New York,51.61,161,8
3547,DEV-005836,Chicago,96.5,763,44
3548,DEV-005837;DEV-005838,Houston,19.76,49,3
3549,DEV-005839;DEV-005840;DEV-005841,Austin,15.42,908,20
3550,DEV-005842;DEV-005843;DEV-005844,Boston,13.19,46,4
3551,DEV-005845;DEV-005846,Boston,104.57,1962,131
3552,DEV-005847,Austin,17.15,1486,83
3553,DEV-005848;DEV-005849,Houston,16.98,659,23
3554,DEV-005850;DEV-005851,San Francisco,94.78,800,27
3555,DEV-005852;DEV-005853,Houston,35.99,596,31
3556,DEV-005854,Miami,198.18,199,8
3557,DEV-005855;DEV-005856,Seattle,13.04,907,36
3558,DEV-005857;DEV-005858;DEV-005859,Houston,37.45,1075,84
3559,DEV-005860,Seattle,124.77,1263,100
3560,DEV-005861,Chicago,19.56,425,16
3561,DEV-005862;DEV-005863,Los Angeles,47.84,93,7
3562,DEV-005864,Boston,21.47,555,30
3563,DEV-005865,Los Angeles,54.08,1268,96
3564,DEV-005866;DEV-005867,New York,33.15,538,28
3565,DEV-005868;DEV-005869,San Francisco,12.18,571,14
3566,DEV-005870,Seattle,12.75,1002,21
3567,DEV-005871,Houston,222.39,1098,53
3568,DEV-005872;DEV-005873,Austin,226.58,498,36
3569,DEV-005874,Houston,32.53,419,29
3570,DEV-005875,New York,87.52,1597,110
3571,DEV-005876,Houston,13.01,602,14
3572,DEV-005877,Miami,21.55,1067,31
3573,DEV-005878,San Francisco,18.45,823,48
3574,DEV-005879;DEV-005880,Boston,13.21,913,56
3575,DEV-005881;DEV-005882,Seattle,66.39,1623,70
3576,DEV-005883;DEV-005884,New York,110.55,372,28
3577,DEV-005885;DEV-005886;DEV-005887,Los Angeles,46.23,1519,38
3578,DEV-005888;DEV-005889,Austin,86.83,1298,60
3579,DEV-005890;DEV-005891;DEV-005892,Houston,36.12,889,32
3580,DEV-005893,New York,12.44,1948,114
3581,DEV-005894,Seattle,32.39,1053,22
3582,DEV-005895,Miami,42.46,1964,80
3583,DEV-005896,Los Angeles,127.44,1048,71
3584,DEV-005897,Miami,26.96,1873,56
3585,DEV-005898;DEV-005899,New York,32.22,734,16
3586,DEV-005900,Boston,51.19,155,8
3587,DEV-005901;DEV-005902;DEV-005903,Boston,157.14,1836,38
3588,DEV-005904;DEV-005905,Austin,32.26,104,2
3589,DEV-005906,Chicago,15.04,1369,40
3590,DEV-005907,Boston,25.93,1954,40
3591,DEV-005908;DEV-005909,San Francisco,52.5,847,26
3592,DEV-005910,Seattle,166.73,1983,54
3593,DEV-005911,New York,45.46,1289,72
3594,DEV-005912;DEV-005913,Houston,78.09,1650,71
3595,DEV-005914,Boston,34.83,1127,60
3596,DEV-005915;DEV-005916,Miami,18.56,1838,37
3597,DEV-005917,Los Angeles,26.07,1527,86
3598,DEV-005918,Los Angeles,212.3,1222,28
3599,DEV-005919;DEV-005920;DEV-005921,Seattle,113.28,660,20
3600,DEV-005922;DEV-005923,San Francisco,65.65,336,26
3601,DEV-005924;DEV-005925,San Francisco,18.02,1536,90
3602,DEV-005926;DEV-005927,Miami,74.16,877,29
3603,DEV-005928,Austin,71.59,604,25
3604,DEV-005929,Austin,162.95,662,27
3605,DEV-005930,Houston,16.01,1329,76
3606,DEV-005931,Boston,16.42,1615,36
3607,DEV-005932,Chicago,113.0,1010,56
3608,DEV-005933;DEV-005934,Los Angeles,173.33,631,43
3609,DEV-005935;DEV-005936,Chicago,65.74,1349,55
3610,DEV-005937,Austin,25.65,1254,36
3611,DEV-005938,Miami,67.13,61,2
3612,DEV-005939;DEV-005940;DEV-005941,New York,137.35,1993,67
3613,DEV-005942;DEV-005943,San Francisco,33.37,1346,95
3614,DEV-005944,Seattle,25.15,1634,45
3615,DEV-005945,Boston,41.43,997,69
3616,DEV-005946,New York,51.94,1876,67
3617,DEV-005947,Chicago,20.76,1424,103
3618,DEV-005948,San Francisco,60.3,733,40
3619,DEV-005949;DEV-005950,Los Angeles,43.46,341,14
3620,DEV-005951;DEV-005952;DEV-005953,Los Angeles,21.85,1931,53
3621,DEV-005954;DEV-005955;DEV-005956,New York,17.58,1349,68
3622,DEV-005957,Miami,57.0,1789,123
3623,DEV-005958;DEV-005959,Austin,62.62,1440,100
3624,DEV-005960;DEV-005961,Houston,58.98,111,3
3625,DEV-005962;DEV-005963,Los Angeles,31.56,731,35
3626,DEV-005964;DEV-005965,Austin,13.17,1693,83
3627,DEV-005966,Miami,47.29,666,17
3628,DEV-005967;DEV-005968,Chicago,175.8,893,67
3629,DEV-005969;DEV-005970,Austin,33.16,897,26
3630,DEV-005971;DEV-005972,Miami,69.74,616,38
3631,DEV-005973;DEV-005974,New York,16.85,1518,82
3632,DEV-005975;DEV-005976,Los Angeles,108.0,656,40
3633,DEV-005977,Seattle,69.02,1089,75
3634,DEV-005978,Houston,21.71,1312,103
3635,DEV-005979,Boston,75.25,581,28
3636,DEV-005980;DEV-005981;DEV-005982,Chicago,19.11,192,9
3637,DEV-005983,Boston,28.03,1572,92
3638,DEV-005984,Chicago,87.73,1447,48
3639,DEV-005985,Los Angeles,41.37,1522,39
3640,DEV-005986;DEV-005987;DEV-005988,Los Angeles,20.84,1415,56
3641,DEV-005989;DEV-005990;DEV-005991,San Francisco,14.26,1162,92
3642,DEV-005992,San Francisco,133.65,1406,99
3643,DEV-005993;DEV-005994,Los Angeles,13.0,848,44
3644,DEV-005995;DEV-005996,Austin,18.38,1599,38
3645,DEV-005997;DEV-005998,Los Angeles,75.92,1602,57
3646,DEV-005999,San Francisco,177.8,269,21
3647,DEV-006000,Houston,123.58,702,42
3648,DEV-006001;DEV-006002;DEV-006003,Austin,99.97,1910,48
3649,DEV-006004;DEV-006005,Austin,26.73,635,25
3650,DEV-006006;DEV-006007,Miami,92.91,962,20
3651,DEV-006008,New York,76.28,607,37
3652,DEV-006009;DEV-006010;DEV-006011,Seattle,61.03,1792,46
3653,DEV-006012,Houston,164.11,418,24
3654,DEV-006013,Houston,197.8,967,39
3655,DEV-006014;DEV-006015,Los Angeles,12.31,1967,50
3656,DEV-006016,Austin,64.01,1334,40
3657,DEV-006017;DEV-006018,Los Angeles,232.78,1311,59
3658,DEV-006019,Los Angeles,31.79,189,6
3659,DEV-006020,Los Angeles,33.81,1590,115
3660,DEV-006021,Boston,95.81,1086,35
3661,DEV-006022,Miami,67.52,724,29
3662,DEV-006023,Seattle,42.38,103,3
3663,DEV-006024,Miami,209.8,88,2
3664,DEV-006025,Houston,76.16,206,12
3665,DEV-006026;DEV-006027,Boston,30.5,1300,84
3666,DEV-006028;DEV-006029,Boston,114.82,1511,64
3667,DEV-006030;DEV-006031,Miami,41.95,1204,46
3668,DEV-006032;DEV-006033,Houston,161.28,376,15
3669,DEV-006034;DEV-006035;DEV-006036,Austin,137.01,541,21
3670,DEV-006037,Los Angeles,144.63,311,22
3671,DEV-006038,Austin,210.75,515,24
3672,DEV-006039;DEV-006040,Houston,16.33,1285,49
3673,DEV-006041,Houston,128.41,88,6
3674,DEV-006042;DEV-006043;DEV-006044,Austin,48.4,824,34
3675,DEV-006045;DEV-006046,Los Angeles,86.14,1726,95
3676,DEV-006047;DEV-006048,New York,35.74,1874,74
3677,DEV-006049,Seattle,39.96,1380,51
3678,DEV-006050;DEV-006051;DEV-006052,Chicago,17.66,592,12
3679,DEV-006053,Boston,12.28,54,3
3680,DEV-006054,Miami,40.24,1221,48
3681,DEV-006055,Houston,36.3,1271,37
3682,DEV-006056,New York,115.71,1387,71
3683,DEV-006057;DEV-006058;DEV-006059,Houston,223.36,1704,46
3684,DEV-006060,Austin,105.5,714,48
3685,DEV-006061,Boston,37.92,1785,123
3686,DEV-006062;DEV-006063,Los Angeles,55.85,1613,128
3687,DEV-006064;DEV-006065;DEV-006066,Austin,13.93,1441,92
3688,DEV-006067;DEV-006068,Seattle,130.57,417,33
3689,DEV-006069,Chicago,51.28,1063,36
3690,DEV-006070;DEV-006071;DEV-006072,Miami,130.36,1456,90
3691,DEV-006073;DEV-006074,Chicago,70.61,1009,28
3692,DEV-006075,Seattle,58.19,1713,69
3693,DEV-006076;DEV-006077,Houston,220.2,1139,85
3694,DEV-006078,Miami,62.08,498,16
3695,DEV-006079;DEV-006080;DEV-006081,Austin,159.65,1984,115
3696,DEV-006082,New York,56.44,717,25
3697,DEV-006083,Chicago,17.93,1703,94
3698,DEV-006084,San Francisco,55.18,190,15
3699,DEV-006085,Austin,115.93,395,27
3700,DEV-006086;DEV-006087,Seattle,88.68,490,27
3701,DEV-006088;DEV-006089,Houston,194.57,1540,69
3702,DEV-006090;DEV-006091,San Francisco,233.94,1242,41
3703,DEV-006092;DEV-006093,Houston,18.57,633,22
3704,DEV-006094,Chicago,66.08,1297,76
3705,DEV-006095,Chicago,183.63,54,3
3706,DEV-006096,Seattle,26.61,1798,70
3707,DEV-006097,Miami,125.3,770,24
3708,DEV-006098;DEV-006099,San Francisco,96.0,1149,82
3709,DEV-006100;DEV-006101;DEV-006102,Miami,14.92,349,12
3710,DEV-006103;DEV-006104,Seattle,135.71,1520,55
3711,DEV-006105;DEV-006106;DEV-006107,Boston,18.42,1187,32
3712,DEV-006108,Boston,38.98,98,7
3713,DEV-006109,Austin,39.72,1451,78
3714,DEV-006110;DEV-006111,Miami,185.95,1879,140
3715,DEV-006112;DEV-006113,Chicago,64.13,1785,68
3716,DEV-006114,New York,133.13,465,37
3717,DEV-006115;DEV-006116;DEV-006117,Miami,163.18,325,15
3718,DEV-006118,Seattle,54.29,1113,32
3719,DEV-006119;DEV-006120;DEV-006121,Seattle,201.76,355,16
3720,DEV-006122,Houston,113.68,1218,97
3721,DEV-006123;DEV-006124;DEV-006125,Austin,138.52,1934,91
3722,DEV-006126,Houston,90.16,1104,80
3723,DEV-006127,Seattle,42.93,983,54
3724,DEV-006128,Los Angeles,45.72,1591,38
3725,DEV-006129,Seattle,111.34,1745,72
3726,DEV-006130;DEV-006131,Houston,155.3,1449,49
3727,DEV-006132;DEV-006133;DEV-006134,Seattle,97.61,658,30
3728,DEV-006135;DEV-006136;DEV-006137,New York,42.95,1695,50
3729,DEV-006138,Boston,22.28,1731,100
3730,DEV-006139;DEV-006140,San Francisco,99.53,446,35
3731,DEV-006141,Seattle,18.45,1055,45
3732,DEV-006142,San Francisco,80.56,1410,47
3733,DEV-006143,Seattle,100.65,763,38
3734,DEV-006144,New York,89.34,377,13
3735,DEV-006145;DEV-006146;DEV-006147,San Francisco,28.58,1641,57
3736,DEV-006148,Seattle,116.23,798,23
3737,DEV-006149,Houston,194.59,708,46
3738,DEV-006150;DEV-006151;DEV-006152,Los Angeles,191.75,1059,39
3739,DEV-006153;DEV-006154;DEV-006155,Chicago,234.93,1353,92
3740,DEV-006156;DEV-006157,San Francisco,32.0,1145,28
3741,DEV-006158;DEV-006159;DEV-006160,San Francisco,26.46,1711,100
3742,DEV-006161,San Francisco,103.93,1757,74
3743,DEV-006162;DEV-006163,Miami,15.91,769,40
3744,DEV-006164,Austin,46.28,970,32
3745,DEV-006165;DEV-006166,Austin,29.86,1118,82
3746,DEV-006167;DEV-006168,New York,202.08,1953,103
3747,DEV-006169;DEV-006170,Houston,143.5,90,4
3748,DEV-006171,Los Angeles,119.15,1448,69
3749,DEV-006172,San Francisco,25.67,671,17
3750,DEV-006173;DEV-006174;DEV-006175,Boston,61.18,712,22
3751,DEV-006176;DEV-006177;DEV-006178,Boston,173.36,977,67
3752,DEV-006179,Houston,71.4,1109,71
3753,DEV-006180;DEV-006181;DEV-006182,Boston,43.64,1561,39
3754,DEV-006183;DEV-006184,New York,177.0,1920,41
3755,DEV-006185,Houston,22.68,109,2
3756,DEV-006186;DEV-006187,Miami,69.79,436,9
3757,DEV-006188,Los Angeles,46.28,137,5
3758,DEV-006189;DEV-006190,Miami,50.54,1381,39
3759,DEV-006191,Chicago,123.49,1379,67
3760,DEV-006192,San Francisco,84.23,230,11
3761,DEV-006193,Boston,83.08,383,20
3762,DEV-006194;DEV-006195;DEV-006196,Miami,44.66,484,13
3763,DEV-006197;DEV-006198,Houston,74.76,1308,50
3764,DEV-006199;DEV-006200;DEV-006201,Miami,95.66,1751,93
3765,DEV-006202,Los Angeles,69.94,1828,122
3766,DEV-006203;DEV-006204,New York,45.74,1063,84
3767,DEV-006205,Seattle,22.07,1864,64
3768,DEV-006206;DEV-006207;DEV-006208,San Francisco,14.88,1900,124
3769,DEV-006209,New York,119.31,106,7
3770,DEV-006210;DEV-006211,New York,117.44,115,8
3771,DEV-006212,San Francisco,19.18,1274,64
3772,DEV-006213,Los Angeles,54.96,1504,88
3773,DEV-006214;DEV-006215,Los Angeles,88.37,785,46
3774,DEV-006216;DEV-006217,Los Angeles,83.51,1531,81
3775,DEV-006218;DEV-006219,Houston,94.19,1681,84
3776,DEV-006220;DEV-006221;DEV-006222,Chicago,73.6,635,41
3777,DEV-006223;DEV-006224,Chicago,76.17,1318,34
3778,DEV-006225;DEV-006226,Chicago,44.04,1819,142
3779,DEV-006227,Seattle,16.07,373,26
3780,DEV-006228,Boston,46.27,991,22
3781,DEV-006229,Boston,20.1,1167,63
3782,DEV-006230,Los Angeles,143.36,459,23
3783,DEV-006231,Austin,39.71,1043,70
3784,DEV-006232,Austin,158.37,286,8
3785,DEV-006233;DEV-006234,Seattle,12.71,1411,39
3786,DEV-006235,Los Angeles,107.47,1138,40
3787,DEV-006236;DEV-006237;DEV-006238,Houston,195.02,34,2
3788,DEV-006239;DEV-006240;DEV-006241,Austin,55.25,808,37
3789,DEV-006242;DEV-006243;DEV-006244,New York,30.97,1133,90
3790,DEV-006245,Los Angeles,103.26,1568,103
3791,DEV-006246;DEV-006247,Houston,203.3,1629,57
3792,DEV-006248;DEV-006249,Houston,18.52,1039,57
3793,DEV-006250,Los Angeles,24.16,1278,44
3794,DEV-006251;DEV-006252,Los Angeles,239.19,955,30
3795,DEV-006253;DEV-006254,Seattle,62.54,1932,54
3796,DEV-006255,Austin,57.9,89,4
3797,DEV-006256;DEV-006257;DEV-006258,Los Angeles,178.07,389,14
3798,DEV-006259,Chicago,17.71,1478,79
3799,DEV-006260,Boston,208.63,979,77
3800,DEV-006261;DEV-006262,Houston,53.24,1823,86
3801,DEV-006263,Chicago,63.46,474,19
3802,DEV-006264;DEV-006265;DEV-006266,San Francisco,21.64,1074,65
3803,DEV-006267,Seattle,24.09,817,44
3804,DEV-006268;DEV-006269,Los Angeles,13.67,1783,121
3805,DEV-006270;DEV-006271,Seattle,33.64,291,15
3806,DEV-006272,Miami,177.21,1031,67
3807,DEV-006273;DEV-006274,Miami,13.62,573,44
3808,DEV-006275,Houston,188.07,533,39
3809,DEV-006276,Los Angeles,44.28,1598,60
3810,DEV-006277;DEV-006278,Boston,148.92,1812,145
3811,DEV-006279,Houston,68.1,1693,67
3812,DEV-006280,Chicago,18.51,363,13
3813,DEV-006281,Boston,38.53,1700,94
3814,DEV-006282;DEV-006283;DEV-006284,Houston,89.82,40,2
3815,DEV-006285;DEV-006286,Austin,17.12,1175,68
3816,DEV-006287;DEV-006288,Austin,228.65,1485,106
3817,DEV-006289;DEV-006290,Boston,140.82,1464,54
3818,DEV-006291;DEV-006292,Austin,41.63,146,5
3819,DEV-006293,Austin,107.19,1737,82
3820,DEV-006294;DEV-006295;DEV-006296,New York,83.44,507,21
3821,DEV-006297;DEV-006298,New York,229.07,1275,39
3822,DEV-006299;DEV-006300,Boston,13.23,1832,108
3823,DEV-006301,Los Angeles,17.55,1895,126
3824,DEV-006302,Austin,88.87,383,16
3825,DEV-006303;DEV-006304,Chicago,148.67,1905,117
3826,DEV-006305,Houston,20.82,1775,104
3827,DEV-006306;DEV-006307,Chicago,139.95,902,22
3828,DEV-006308;DEV-006309,Miami,53.11,790,20
3829,DEV-006310;DEV-006311;DEV-006312,San Francisco,41.94,1767,62
3830,DEV-006313;DEV-006314;DEV-006315,San Francisco,55.76,1101,83
3831,DEV-006316;DEV-006317;DEV-006318,San Francisco,60.73,1362,38
3832,DEV-006319;DEV-006320,Seattle,234.06,1485,46
3833,DEV-006321,Miami,19.03,1437,72
3834,DEV-006322;DEV-006323,Chicago,79.37,95,2
3835,DEV-006324;DEV-006325,San Francisco,20.05,168,12
3836,DEV-006326;DEV-006327,Boston,38.58,909,59
3837,DEV-006328,Seattle,14.75,210,7
3838,DEV-006329,Seattle,218.71,1214,66
3839,DEV-006330;DEV-006331;DEV-006332,Seattle,18.07,378,12
3840,DEV-006333,Boston,59.09,1937,64
3841,DEV-006334;DEV-006335,Austin,110.37,1424,72
3842,DEV-006336,Chicago,150.68,939,66
3843,DEV-006337,Chicago,196.5,603,48
3844,DEV-006338;DEV-006339;DEV-006340,Austin,121.8,1417,83
3845,DEV-006341,Austin,20.63,702,18
3846,DEV-006342,Miami,210.35,1789,138
3847,DEV-006343;DEV-006344,Houston,31.79,329,16
3848,DEV-006345,Los Angeles,229.09,1363,83
3849,DEV-006346;DEV-006347;DEV-006348,Miami,16.56,35,3
3850,DEV-006349;DEV-006350;DEV-006351,San Francisco,156.63,1745,82
3851,DEV-006352,Miami,65.96,1124,51
3852,DEV-006353,Miami,58.72,45,3
3853,DEV-006354;DEV-006355,Miami,15.17,1932,120
3854,DEV-006356;DEV-006357,Chicago,64.23,625,23
3855,DEV-006358;DEV-006359,Austin,141.24,1400,39
3856,DEV-006360;DEV-006361,Austin,133.51,37,3
3857,DEV-006362;DEV-006363,Seattle,14.93,106,5
3858,DEV-006364;DEV-006365,Los Angeles,228.06,240,8
3859,DEV-006366;DEV-006367,Seattle,87.86,1352,57
3860,DEV-006368,Houston,51.55,1202,68
3861,DEV-006369;DEV-006370;DEV-006371,Seattle,17.34,1504,51
3862,DEV-006372,Seattle,95.57,535,14
3863,DEV-006373,New York,225.72,1150,66
3864,DEV-006374;DEV-006375,Los Angeles,116.24,1054,41
3865,DEV-006376,Houston,107.38,211,11
3866,DEV-006377;DEV-006378,Houston,64.38,910,58
3867,DEV-006379;DEV-006380,Chicago,102.03,1816,37
3868,DEV-006381,San Francisco,155.62,580,16
3869,DEV-006382;DEV-006383,Los Angeles,141.83,184,13
3870,DEV-006384,San Francisco,61.34,1371,41
3871,DEV-006385;DEV-006386,San Francisco,28.36,1899,54
3872,DEV-006387,Houston,17.42,1623,76
3873,DEV-006388,Seattle,132.43,1080,84
3874,DEV-006389,Miami,232.59,1855,138
3875,DEV-006390;DEV-006391;DEV-006392,Seattle,19.47,839,37
3876,DEV-006393;DEV-006394,Houston,26.75,1042,40
3877,DEV-006395,Seattle,143.34,1496,59
3878,DEV-006396,Austin,15.87,79,3
3879,DEV-006397;DEV-006398,Miami,26.41,671,40
3880,DEV-006399,Miami,153.25,1194,43
3881,DEV-006400;DEV-006401;DEV-006402,Seattle,78.11,551,15
3882,DEV-006403;DEV-006404;DEV-006405,Seattle,109.9,596,30
3883,DEV-006406,Austin,86.3,1328,52
3884,DEV-006407,Boston,53.86,48,4
3885,DEV-006408,New York,14.28,776,50
3886,DEV-006409;DEV-006410,Boston,181.15,158,4
3887,DEV-006411;DEV-006412;DEV-006413,New York,44.45,657,44
3888,DEV-006414,Chicago,33.69,1910,69
3889,DEV-006415;DEV-006416,Los Angeles,17.08,1445,101
3890,DEV-006417;DEV-006418,Miami,21.55,795,57
3891,DEV-006419;DEV-006420,New York,91.32,1865,38
3892,DEV-006421,Seattle,14.94,636,29
3893,DEV-006422,Chicago,50.93,1989,142
3894,DEV-006423,Houston,27.78,471,17
3895,DEV-006424,San Francisco,118.29,380,15
3896,DEV-006425;DEV-006426,Miami,18.81,1369,40
3897,DEV-006427;DEV-006428;DEV-006429,Houston,70.06,338,22
3898,DEV-006430;DEV-006431,Chicago,102.54,1180,25
3899,DEV-006432,San Francisco,28.79,497,31
3900,DEV-006433;DEV-006434,New York,23.55,892,18
3901,DEV-006435;DEV-006436;DEV-006437,Los Angeles,18.82,1196,58
3902,DEV-006438;DEV-006439,Chicago,131.7,1546,96
3903,DEV-006440;DEV-006441;DEV-006442,Miami,15.28,1988,148
3904,DEV-006443;DEV-006444,Los Angeles,211.65,1616,87
3905,DEV-006445,Chicago,12.75,1697,67
3906,DEV-006446,Miami,20.02,1246,57
3907,DEV-006447,San Francisco,18.28,1717,124
3908,DEV-006448;DEV-006449,Seattle,55.43,1165,55
3909,DEV-006450;DEV-006451,Miami,66.49,1710,54
3910,DEV-006452;DEV-006453;DEV-006454,Los Angeles,83.06,454,30
3911,DEV-006455,Houston,61.34,363,8
3912,DEV-006456,Austin,189.3,1094,58
3913,DEV-006457,Los Angeles,73.86,960,42
3914,DEV-006458,Boston,14.18,214,5
3915,DEV-006459,Los Angeles,13.72,1431,104
3916,DEV-006460;DEV-006461;DEV-006462,Seattle,12.42,945,66
3917,DEV-006463;DEV-006464,San Francisco,173.74,440,35
3918,DEV-006465;DEV-006466,Austin,96.55,364,25
3919,DEV-006467;DEV-006468;DEV-006469,Austin,201.0,1863,143
3920,DEV-006470;DEV-006471;DEV-006472,Houston,17.41,899,65
3921,DEV-006473,Seattle,186.05,1503,105
3922,DEV-006474,Los Angeles,79.81,1822,138
3923,DEV-006475,San Francisco,153.5,734,25
3924,DEV-006476;DEV-006477,Chicago,107.85,1469,87
3925,DEV-006478;DEV-006479,Chicago,23.51,186,10
3926,DEV-006480,Houston,212.72,1766,97
3927,DEV-006481,San Francisco,28.54,1155,48
3928,DEV-006482;DEV-006483,Houston,26.07,1764,131
3929,DEV-006484;DEV-006485,Chicago,116.59,1297,96
3930,DEV-006486;DEV-006487,Austin,157.83,1377,64
3931,DEV-006488;DEV-006489,San Francisco,16.62,194,7
3932,DEV-006490;DEV-006491,Boston,160.84,849,45
3933,DEV-006492,Seattle,36.23,367,21
3934,DEV-006493,Chicago,19.17,1169,73
3935,DEV-006494,Boston,22.35,761,31
3936,DEV-006495,San Francisco,14.18,1400,57
3937,DEV-006496,Boston,121.72,89,6
3938,DEV-006497;DEV-006498,Houston,24.21,1826,101
3939,DEV-006499,Miami,14.62,1860,65
3940,DEV-006500;DEV-006501,Seattle,97.95,896,41
3941,DEV-006502,Miami,52.84,130,7
3942,DEV-006503;DEV-006504,Los Angeles,178.72,1137,87
3943,DEV-006505,Seattle,12.69,562,30
3944,DEV-006506;DEV-006507,New York,13.58,38,2
3945,DEV-006508,Miami,19.56,383,24
3946,DEV-006509,Austin,182.29,1609,125
3947,DEV-006510,Austin,138.33,1767,88
3948,DEV-006511,Austin,26.81,598,27
3949,DEV-006512;DEV-006513,Seattle,14.23,114,3
3950,DEV-006514;DEV-006515,Los Angeles,46.4,279,7
3951,DEV-006516;DEV-006517,San Francisco,28.49,921,69
3952,DEV-006518,Boston,25.0,1753,79
3953,DEV-006519;DEV-006520;DEV-006521,Miami,123.51,1956,113
3954,DEV-006522,San Francisco,111.28,1539,104
3955,DEV-006523,Chicago,142.8,83,5
3956,DEV-006524,San Francisco,64.37,1909,97
3957,DEV-006525;DEV-006526,Seattle,98.82,1145,48
3958,DEV-006527,Chicago,179.84,964,60
3959,DEV-006528,San Francisco,165.12,1354,99
3960,DEV-006529;DEV-006530;DEV-006531,Miami,16.37,1793,101
3961,DEV-006532;DEV-006533;DEV-006534,Austin,16.19,1640,119
3962,DEV-006535;DEV-006536,Miami,77.86,489,34
3963,DEV-006537;DEV-006538,New York,93.3,1090,28
3964,DEV-006539,Los Angeles,19.48,333,12
3965,DEV-006540;DEV-006541;DEV-006542,New York,65.49,243,16
3966,DEV-006543;DEV-006544,Los Angeles,16.4,1035,46
3967,DEV-006545,Boston,18.32,1223,96
3968,DEV-006546;DEV-006547,New York,16.22,595,31
3969,DEV-006548;DEV-006549;DEV-006550,New York,12.89,913,23
3970,DEV-006551;DEV-006552,Austin,54.71,709,40
3971,DEV-006553,Boston,12.83,85,2
3972,DEV-006554,Miami,43.04,685,21
3973,DEV-006555,Seattle,31.15,1205,91
3974,DEV-006556,Houston,25.66,1373,93
3975,DEV-006557,Chicago,81.78,963,58
3976,DEV-006558;DEV-006559,Houston,16.91,1543,32
3977,DEV-006560,Miami,22.57,414,25
3978,DEV-006561;DEV-006562;DEV-006563,Chicago,111.49,231,18
3979,DEV-006564;DEV-006565;DEV-006566,New York,175.44,1827,44
3980,DEV-006567;DEV-006568,San Francisco,90.97,1062,76
3981,DEV-006569,Los Angeles,15.12,1827,72
3982,DEV-006570;DEV-006571,Houston,51.97,1888,102
3983,DEV-006572,Boston,19.16,179,10
3984,DEV-006573;DEV-006574,Chicago,36.91,1533,68
3985,DEV-006575,Houston,18.68,1838,136
3986,DEV-006576,Austin,76.19,1016,34
3987,DEV-006577,Los Angeles,30.84,1468,60
3988,DEV-006578,Los Angeles,15.34,1898,108
3989,DEV-006579,Los Angeles,29.91,1032,28
3990,DEV-006580,San Francisco,21.02,1009,49
3991,DEV-006581;DEV-006582,Seattle,146.88,350,25
3992,DEV-006583;DEV-006584;DEV-006585,Miami,192.07,908,39
3993,DEV-006586;DEV-006587,Houston,188.92,621,15
3994,DEV-006588;DEV-006589;DEV-006590,Austin,31.75,1654,41
3995,DEV-006591,Austin,167.63,826,65
3996,DEV-006592,Austin,39.12,686,37
3997,DEV-006593,New York,49.85,431,33
3998,DEV-006594;DEV-006595;DEV-006596,Los Angeles,32.89,766,28
3999,DEV-006597,Austin,48.36,1283,83
4000,DEV-006598,New York,16.01,315,16
